transaction_amount,transaction_hour,merchant_category,device_type,device_age_days,region,account_age_days,transactions_last_24h,average_transaction_amount,distance_from_home,international_transaction,failed_transactions_last_24h,is_fraud
90.89,10,food,mobile_android,787.31,latin_america,996.93,1,46.15,9.71,0,0,0
11.67,15,travel,mobile_ios,231.06,north_america,1650.92,2,40.71,1.22,0,0,0
337.52,12,retail,mobile_android,103.82,europe,266.23,4,76.77,8.72,0,0,0
134.91,13,retail,desktop_windows,519.6,europe,732.36,3,86.76,8.63,0,0,0
5.91,14,retail,mobile_ios,952.07,europe,1065.53,3,32.79,5.63,0,0,0
3.43,5,entertainment,desktop_windows,477.2,north_america,251.8,5,56.71,0.49,0,0,0
8.52,11,entertainment,desktop_windows,779.69,north_america,1875.66,6,42.29,26.49,0,0,0
59.67,12,food,mobile_ios,129.32,north_america,384.8,2,48.5,7.34,0,0,0
47.94,9,entertainment,mobile_ios,992.33,north_america,623.53,1,42.16,23.4,0,0,0
15.85,18,entertainment,mobile_ios,387.51,europe,1421.61,5,50.82,1.12,0,0,0
6.56,10,electronics,mobile_android,714.88,north_america,1165.23,9,34.9,9.45,0,0,0
51.3,13,electronics,mobile_ios,535.19,north_america,1997.76,2,43.56,3.18,0,0,0
19.52,7,online,mobile_ios,620.92,europe,1120.24,2,56.04,6.98,0,0,0
61.21,6,travel,desktop_mac,156.43,latin_america,965.98,1,56.09,8.84,0,0,0
5.43,7,electronics,mobile_android,398.08,north_america,281.26,2,34.24,0.49,0,1,0
42.77,13,retail,mobile_ios,302.05,north_america,1114.48,5,66.87,15.5,1,0,0
30.06,7,retail,desktop_mac,877.37,middle_east,1350.89,2,59.99,0.42,0,0,0
1.42,17,luxury,mobile_android,437.73,asia_pacific,1147.14,6,50.31,10.53,0,0,0
9.2,17,food,mobile_android,35.46,latin_america,1319.15,3,66.7,19.78,0,0,0
119.56,8,electronics,mobile_ios,411.55,north_america,692.58,3,34.6,18.25,0,0,0
32.7,15,travel,desktop_mac,339.74,asia_pacific,549.07,3,69.95,0.65,0,0,0
291.9,9,travel,mobile_ios,396.63,europe,1747.33,2,47.03,1.92,0,0,0
89.6,21,luxury,desktop_mac,23.36,middle_east,161.52,6,99.25,298.53,0,1,1
127.78,11,electronics,mobile_android,833.2,europe,350.3,3,81.75,12.1,0,0,0
58.99,20,retail,tablet,971.73,europe,1696.72,3,66.35,5.73,0,1,0
7.85,12,retail,mobile_android,491.1,north_america,1530.77,3,49.55,5.84,0,1,0
47.76,5,retail,desktop_windows,669.17,europe,613.48,1,43.98,3.03,1,0,0
21.44,10,retail,desktop_windows,696.05,asia_pacific,1414.57,3,86.51,4.4,0,0,0
43.3,9,electronics,mobile_ios,63.76,north_america,621.45,4,49.0,38.19,0,0,0
3.85,15,retail,mobile_ios,38.2,europe,1304.65,2,47.81,7.08,0,0,0
3.24,9,food,desktop_windows,316.08,north_america,1919.52,2,45.91,10.9,0,0,0
14.87,12,electronics,mobile_ios,579.45,europe,333.32,9,57.08,28.06,0,0,0
31.3,9,food,mobile_android,369.76,europe,1771.85,1,45.22,0.5,0,0,0
26.1,15,retail,desktop_mac,130.72,europe,1531.39,2,40.67,0.88,0,0,0
93.6,8,electronics,mobile_android,541.26,north_america,1716.76,2,54.95,6.64,0,0,0
91.07,14,retail,mobile_ios,970.36,europe,1256.76,3,75.23,25.33,0,0,0
47.59,18,electronics,desktop_mac,339.14,north_america,984.38,3,74.42,5.36,0,0,0
31.34,12,entertainment,mobile_android,267.28,middle_east,1859.62,2,38.74,5.56,0,1,0
15.77,5,online,mobile_android,460.47,north_america,433.15,1,32.57,3.63,0,0,0
12.14,15,luxury,mobile_ios,546.34,europe,468.72,3,55.7,44.89,0,0,0
16.52,12,travel,mobile_ios,610.36,europe,1453.38,4,53.83,2.14,0,0,0
40.35,14,online,desktop_windows,768.06,asia_pacific,1968.66,5,30.52,5.79,0,0,0
30.18,16,utilities,desktop_mac,460.02,europe,698.53,2,15.28,19.5,0,2,0
17.48,12,electronics,mobile_ios,329.99,north_america,1635.34,1,61.38,42.76,0,0,0
59.67,21,food,mobile_android,222.86,north_america,692.8,3,65.47,2.63,0,0,0
47.25,17,retail,mobile_android,567.54,middle_east,479.99,3,70.81,9.93,0,0,0
104.74,3,retail,mobile_android,61.84,north_america,764.7,1,61.0,10.52,0,0,0
17.72,10,luxury,mobile_ios,305.58,north_america,1839.07,4,39.19,8.98,0,0,0
89.77,8,retail,mobile_ios,884.23,north_america,940.87,8,58.06,23.69,0,0,0
16.97,16,travel,mobile_android,343.5,europe,1636.06,1,25.15,11.09,0,0,0
76.56,18,retail,mobile_ios,78.56,latin_america,1125.59,4,53.03,6.62,0,0,0
205.05,17,retail,mobile_ios,737.79,north_america,1747.44,4,53.91,19.66,0,0,0
42.25,11,electronics,mobile_ios,526.66,europe,1369.78,2,92.75,3.62,0,0,0
64.33,8,food,mobile_ios,961.46,latin_america,811.08,1,50.89,0.49,0,1,0
29.65,10,food,mobile_android,128.0,north_america,259.86,2,50.12,16.24,0,0,0
80.37,14,retail,mobile_android,561.18,north_america,1333.44,2,66.98,0.16,1,0,0
86.88,14,retail,mobile_android,349.47,north_america,79.58,1,55.48,6.52,0,0,0
2.57,10,luxury,mobile_android,645.22,north_america,97.31,2,54.24,4.25,0,0,0
61.08,13,food,mobile_android,500.44,latin_america,95.6,2,45.27,7.09,0,1,0
62.85,15,online,mobile_ios,425.18,europe,940.48,3,95.83,8.04,0,0,0
32.07,11,food,mobile_android,386.81,north_america,107.85,3,70.63,18.84,0,0,0
210.34,20,travel,desktop_mac,473.6,europe,412.11,4,32.21,9.35,0,0,0
4.72,17,food,desktop_mac,49.09,north_america,371.79,5,74.92,25.52,0,0,0
16.81,9,travel,mobile_android,980.65,north_america,1062.31,1,26.74,2.21,0,0,0
368.17,3,luxury,mobile_ios,33.4,north_america,149.57,8,31.16,126.18,1,3,1
14.2,10,retail,mobile_android,319.1,north_america,1386.44,5,67.45,0.75,0,0,0
35.24,12,retail,mobile_ios,349.14,north_america,1515.03,0,53.06,1.54,0,0,0
187.77,13,food,desktop_mac,880.13,europe,394.56,5,49.81,14.55,0,0,0
11.55,12,electronics,mobile_android,91.36,latin_america,832.2,2,49.77,28.74,0,0,0
72.34,15,travel,mobile_android,231.78,north_america,389.37,1,59.94,1.06,0,0,0
51.72,10,online,mobile_android,578.12,latin_america,1857.41,3,43.37,30.38,0,2,0
126.96,10,food,tablet,900.86,north_america,399.84,2,53.14,6.88,0,0,0
106.92,6,travel,desktop_windows,386.16,north_america,180.9,4,39.19,17.1,0,0,0
371.93,13,electronics,desktop_windows,39.41,north_america,64.9,4,51.33,4.91,0,0,0
95.8,9,entertainment,mobile_ios,556.56,europe,899.33,1,54.02,8.03,0,0,0
186.89,7,travel,mobile_ios,395.02,north_america,204.2,6,48.55,20.19,0,2,0
190.67,17,online,mobile_ios,502.41,europe,896.85,3,38.8,21.18,0,0,0
31.73,7,retail,mobile_android,866.46,latin_america,1378.95,2,44.2,1.53,0,0,0
14.07,14,electronics,mobile_android,326.25,europe,1360.31,2,38.15,5.26,0,0,0
29.87,18,travel,mobile_ios,822.74,north_america,1363.97,1,63.34,3.99,0,0,0
261.05,14,luxury,desktop_mac,507.45,north_america,141.77,2,55.62,4.32,0,0,0
39.33,1,electronics,mobile_ios,601.79,europe,322.63,3,68.41,28.23,0,0,0
1.35,23,retail,desktop_mac,445.86,north_america,1421.95,2,55.8,20.11,0,0,0
15.3,20,travel,desktop_windows,37.86,north_america,260.4,5,93.9,6.48,0,0,0
42.9,10,food,mobile_android,935.41,north_america,1216.56,4,59.91,8.67,0,0,0
24.76,15,online,mobile_ios,568.61,north_america,1370.13,1,51.28,7.51,0,0,0
5.44,11,retail,mobile_ios,454.64,north_america,236.34,5,87.96,10.5,0,0,0
210.01,12,retail,desktop_windows,862.03,north_america,707.41,2,41.46,31.37,0,0,0
25.75,3,retail,mobile_ios,640.04,europe,753.97,2,90.03,3.97,0,0,0
105.95,9,online,mobile_android,210.73,north_america,1772.65,5,39.69,19.64,0,0,0
57.65,6,electronics,mobile_ios,38.97,north_america,443.44,3,47.41,4.91,0,0,0
58.3,1,food,mobile_ios,829.98,europe,908.94,6,61.87,13.01,0,0,0
48.74,14,electronics,mobile_android,153.49,latin_america,244.27,4,52.32,2.85,0,0,0
15.59,11,travel,mobile_ios,964.9,asia_pacific,907.93,7,50.36,19.19,0,0,0
11.47,7,electronics,mobile_android,164.13,middle_east,1309.25,2,66.38,1.15,0,0,0
83.72,15,online,mobile_android,185.12,latin_america,1765.62,3,70.62,4.22,0,0,0
47.22,0,food,desktop_windows,160.99,middle_east,1767.41,5,56.89,11.71,0,0,0
2.9,10,online,mobile_ios,531.64,asia_pacific,273.94,3,53.51,12.66,0,0,0
2.56,14,utilities,tablet,848.12,europe,1356.38,1,54.31,24.98,0,0,0
50.46,12,utilities,mobile_ios,358.64,north_america,137.22,1,56.21,15.38,0,0,0
21.93,12,electronics,tablet,253.58,north_america,631.04,2,78.91,8.71,0,0,0
54.53,11,retail,mobile_ios,526.19,north_america,165.56,3,62.27,2.98,0,0,0
8.47,14,food,desktop_mac,705.15,north_america,901.54,3,42.98,5.98,0,0,0
214.25,13,electronics,desktop_windows,911.65,asia_pacific,1356.42,3,53.01,6.07,0,0,0
12.7,10,food,mobile_android,501.48,north_america,674.87,5,68.0,13.06,0,0,0
16.06,10,food,mobile_ios,510.85,north_america,1508.05,4,63.58,11.95,0,0,0
13.24,7,retail,mobile_ios,963.32,north_america,667.11,5,42.97,1.96,0,0,0
166.08,17,food,mobile_android,110.55,north_america,201.0,4,76.44,3.46,0,0,0
97.39,19,retail,mobile_ios,141.56,asia_pacific,829.42,6,64.83,15.02,0,0,0
58.76,8,food,mobile_android,280.2,latin_america,1826.2,4,76.88,12.53,0,0,0
113.42,11,electronics,desktop_windows,913.69,asia_pacific,1327.35,1,68.76,0.28,0,0,0
163.97,14,retail,mobile_android,155.82,north_america,972.85,7,60.59,2.84,1,0,0
94.85,16,retail,mobile_ios,459.63,europe,172.61,3,47.49,13.55,0,0,0
44.84,18,entertainment,mobile_ios,403.91,europe,257.05,3,69.96,48.63,0,0,0
94.24,2,food,mobile_android,665.72,middle_east,1231.9,3,75.2,1.63,0,0,0
60.48,6,online,mobile_ios,124.69,north_america,1360.16,2,66.72,3.45,0,0,0
158.66,13,online,desktop_mac,931.38,europe,837.36,4,82.32,13.41,0,0,0
15.52,12,retail,desktop_mac,365.88,north_america,394.95,3,65.88,30.44,0,0,0
65.5,12,retail,mobile_android,354.96,north_america,578.97,2,35.2,1.61,0,0,0
44.92,15,retail,mobile_android,73.23,europe,1265.0,2,43.78,5.55,0,0,0
46.34,6,food,mobile_ios,752.27,north_america,101.49,2,45.19,18.52,0,0,0
25.92,7,electronics,mobile_ios,122.04,europe,1658.17,5,46.61,10.16,0,0,0
86.19,21,retail,mobile_android,932.88,north_america,406.69,3,42.58,9.0,0,0,0
38.38,13,travel,mobile_ios,792.23,europe,1607.13,3,50.16,1.27,0,0,0
90.88,18,luxury,mobile_android,602.71,latin_america,1366.38,4,34.05,6.17,0,0,0
99.39,21,online,mobile_ios,915.11,middle_east,1109.6,3,72.32,16.88,0,0,0
197.48,9,luxury,mobile_android,69.12,asia_pacific,1582.46,0,62.26,0.41,0,0,0
64.46,16,retail,tablet,421.7,europe,381.3,5,44.66,21.84,0,0,0
59.2,11,online,mobile_ios,838.28,europe,627.12,2,65.89,13.59,0,0,0
195.95,17,luxury,mobile_ios,153.22,north_america,582.55,3,33.54,34.09,0,0,0
14.69,20,electronics,mobile_ios,789.45,latin_america,1146.33,0,55.05,9.22,0,0,0
111.22,10,entertainment,mobile_android,249.64,latin_america,1342.39,1,63.48,3.6,0,0,0
16.85,16,online,desktop_mac,479.64,latin_america,788.97,6,44.32,9.82,0,0,0
121.03,10,online,desktop_windows,139.71,latin_america,82.18,1,76.7,22.66,1,0,0
52.52,14,retail,desktop_windows,297.18,europe,1375.67,2,51.27,5.75,0,0,0
173.53,9,online,mobile_android,410.95,europe,1846.52,1,80.23,19.31,0,0,0
1500.27,16,retail,unknown,12.96,north_america,72.31,7,79.55,455.16,0,1,1
14.57,10,electronics,mobile_android,697.32,europe,1760.12,2,71.41,46.34,0,0,0
48.85,19,retail,mobile_android,605.36,africa,603.96,3,43.81,9.37,0,0,0
198.69,18,electronics,mobile_android,548.83,north_america,1254.64,5,58.91,9.22,0,0,0
102.99,12,travel,mobile_ios,511.19,north_america,1115.82,2,64.88,1.19,0,0,0
44.58,13,electronics,desktop_mac,324.61,north_america,702.9,6,15.34,13.45,0,2,0
15.03,0,travel,desktop_mac,115.87,north_america,732.2,5,77.51,9.55,0,0,0
45.59,14,food,mobile_android,343.29,latin_america,1884.83,2,58.66,10.6,0,0,0
67.08,21,retail,mobile_android,255.31,north_america,1017.0,3,53.54,18.58,0,0,0
101.57,9,travel,mobile_ios,181.64,asia_pacific,889.25,3,54.69,3.61,0,0,0
34.9,9,online,mobile_ios,210.26,asia_pacific,337.0,1,42.21,3.6,0,0,0
53.33,15,entertainment,mobile_ios,396.85,asia_pacific,1955.73,4,58.2,20.4,0,0,0
41.7,13,electronics,mobile_android,695.3,latin_america,133.3,2,51.71,12.35,0,0,0
99.84,2,luxury,mobile_android,882.51,north_america,1011.78,0,55.59,1.93,1,0,0
9.71,12,retail,mobile_android,781.24,north_america,277.67,0,60.3,3.44,0,0,0
55.59,9,online,mobile_android,678.14,north_america,696.85,3,45.36,11.05,0,0,0
20.45,13,food,mobile_ios,400.52,north_america,1446.49,7,78.28,4.26,0,0,0
86.88,12,travel,desktop_windows,67.71,europe,389.57,3,47.65,16.45,0,0,0
24.4,15,food,mobile_ios,923.44,europe,1955.85,3,60.62,14.95,0,2,0
24.42,16,retail,desktop_mac,179.14,north_america,633.88,3,37.35,5.09,0,0,0
126.57,13,food,desktop_mac,794.51,north_america,1387.37,1,56.99,15.46,0,0,0
99.37,10,utilities,mobile_android,707.27,north_america,1070.01,3,69.45,2.99,0,0,0
24.92,13,retail,mobile_ios,41.18,latin_america,1344.12,2,62.73,8.64,0,0,0
47.59,7,electronics,mobile_ios,138.87,north_america,1976.85,6,38.68,13.03,0,0,0
12.42,14,food,mobile_ios,209.96,europe,1972.79,3,40.38,4.31,0,0,0
42.39,11,luxury,desktop_windows,88.27,north_america,206.12,5,66.38,6.0,0,0,0
5.81,10,electronics,desktop_mac,300.51,north_america,1281.56,1,55.59,6.74,0,0,0
11.52,15,retail,desktop_windows,641.13,latin_america,891.41,2,63.73,3.61,0,0,0
93.41,16,travel,desktop_windows,932.44,europe,224.26,3,47.42,6.37,1,1,0
447.5,17,food,mobile_android,755.59,asia_pacific,911.2,3,40.87,1.62,0,0,0
101.91,5,food,mobile_ios,511.29,europe,520.39,4,60.71,15.56,0,0,0
89.42,8,electronics,mobile_android,350.87,latin_america,1898.44,4,58.56,5.76,0,0,0
71.64,5,retail,desktop_mac,200.4,asia_pacific,682.28,2,58.47,12.27,0,0,0
39.78,6,entertainment,mobile_ios,508.7,europe,607.16,4,68.73,6.54,0,0,0
132.76,15,online,mobile_ios,286.66,asia_pacific,1524.98,2,74.95,12.54,0,0,0
121.37,15,electronics,tablet,850.81,north_america,534.24,3,49.62,24.52,0,2,0
6.57,3,retail,mobile_ios,275.27,europe,861.2,2,53.51,5.25,0,0,0
158.94,8,travel,mobile_android,522.17,europe,161.24,5,26.18,5.27,0,0,0
180.82,17,retail,mobile_ios,979.15,north_america,1766.07,2,74.04,23.74,0,0,0
224.45,11,online,desktop_windows,961.21,north_america,500.75,2,32.28,23.55,0,0,0
18.41,8,food,mobile_ios,517.47,europe,1894.94,3,70.23,20.61,0,0,0
34.25,10,food,tablet,729.27,europe,1291.81,0,31.86,19.33,0,0,0
2.54,10,electronics,mobile_ios,892.45,north_america,1454.45,2,67.33,28.97,0,0,0
19.32,10,online,mobile_ios,368.02,north_america,132.12,3,64.51,6.48,0,0,0
10.22,13,electronics,mobile_ios,939.63,north_america,1290.81,6,47.69,0.31,0,0,0
144.45,16,travel,desktop_mac,616.35,north_america,255.72,5,47.28,2.24,0,0,0
59.8,14,retail,mobile_ios,652.43,latin_america,1939.21,3,38.56,20.35,0,0,0
84.09,17,online,mobile_android,743.65,north_america,724.32,3,63.2,26.42,0,0,0
156.87,9,online,mobile_ios,118.4,latin_america,175.48,3,36.91,1.11,0,0,0
39.27,15,online,mobile_ios,658.76,north_america,627.13,5,69.42,4.17,0,0,0
101.88,0,travel,mobile_ios,3.15,europe,57.34,13,70.76,638.51,1,3,1
36.57,8,travel,mobile_ios,238.29,latin_america,1524.08,1,56.86,4.92,0,0,0
5.18,14,utilities,mobile_ios,367.78,europe,922.1,1,70.22,21.87,0,0,0
62.05,12,luxury,mobile_ios,480.4,europe,1821.78,7,71.63,14.22,0,0,0
12.69,5,entertainment,mobile_android,664.4,north_america,1288.23,5,63.55,14.76,0,0,0
100.44,15,online,mobile_android,514.63,middle_east,1034.65,3,52.17,18.55,0,0,0
65.16,11,travel,desktop_mac,902.47,europe,277.81,2,47.95,12.16,0,0,0
42.91,19,retail,mobile_ios,432.4,africa,361.85,5,45.61,16.83,0,0,0
13.26,12,electronics,desktop_windows,418.15,europe,264.35,2,75.85,47.98,0,0,0
83.24,15,food,mobile_android,717.42,europe,439.93,2,54.9,10.56,0,0,0
12.46,9,food,mobile_ios,868.02,north_america,1571.24,4,47.94,0.61,0,0,0
13.69,16,online,mobile_android,617.59,middle_east,1319.53,3,48.18,4.95,0,1,0
17.66,5,retail,desktop_windows,793.73,north_america,1644.71,1,77.0,23.41,0,0,0
56.22,5,electronics,mobile_android,998.66,north_america,951.6,2,50.28,5.97,0,0,0
43.3,17,utilities,mobile_ios,280.02,north_america,338.54,3,12.55,1.76,0,0,0
33.15,12,retail,mobile_ios,463.91,north_america,1542.18,1,63.32,16.07,0,0,0
16.41,12,entertainment,mobile_ios,244.6,north_america,375.5,1,49.33,14.55,0,0,0
168.17,9,entertainment,mobile_android,195.41,europe,1670.47,2,42.85,4.29,0,0,0
60.95,14,electronics,desktop_windows,430.45,latin_america,1348.89,0,61.34,46.83,0,0,0
2.48,18,luxury,tablet,597.64,north_america,656.21,0,49.14,20.86,0,0,0
127.48,15,luxury,mobile_android,717.07,europe,1665.24,4,50.05,1.9,0,0,0
64.05,5,travel,mobile_android,223.88,north_america,1995.44,1,56.35,6.84,0,0,0
33.45,10,online,mobile_ios,762.77,europe,1245.76,5,61.35,12.5,0,0,0
28.38,12,electronics,mobile_ios,638.44,north_america,1472.52,2,62.81,10.87,0,0,0
81.22,5,food,mobile_android,819.41,north_america,1672.4,7,70.09,9.51,0,0,0
27.47,5,retail,desktop_windows,809.04,asia_pacific,1592.43,4,60.16,11.19,0,0,0
54.62,7,retail,mobile_ios,256.6,north_america,370.29,4,42.15,1.61,0,1,0
46.26,12,entertainment,mobile_ios,538.7,north_america,1125.36,5,74.79,4.06,0,0,0
4.19,18,online,desktop_windows,683.97,north_america,1538.73,6,57.63,4.84,0,0,0
6.14,14,food,desktop_windows,533.87,north_america,1103.41,3,55.21,16.22,0,0,0
42.01,6,electronics,mobile_ios,728.82,north_america,1755.56,7,61.88,0.46,0,0,0
5.39,23,food,mobile_ios,396.46,asia_pacific,1991.48,3,75.55,19.52,1,0,0
21.82,9,food,mobile_ios,274.26,europe,133.72,4,51.85,3.03,0,0,0
60.05,17,utilities,mobile_android,164.09,asia_pacific,1396.97,1,71.21,36.25,0,0,0
10.0,10,utilities,desktop_mac,277.08,north_america,1207.57,5,69.54,16.86,0,0,0
78.67,7,entertainment,mobile_ios,293.24,latin_america,1376.22,1,57.55,10.31,0,0,0
18.92,16,travel,mobile_ios,175.37,asia_pacific,351.3,5,63.15,8.3,0,0,0
69.98,8,travel,mobile_android,446.71,north_america,787.58,3,49.87,17.69,0,0,0
2.27,15,food,mobile_android,248.14,middle_east,1081.89,3,68.91,0.82,0,0,0
68.71,15,travel,mobile_ios,800.02,north_america,1285.06,4,74.94,19.61,0,0,0
7.4,7,utilities,mobile_ios,601.27,europe,1202.26,4,47.86,4.32,0,0,0
2.92,5,travel,mobile_android,382.61,north_america,1826.59,1,52.95,27.78,0,2,0
6.5,10,food,desktop_mac,657.66,africa,1839.57,1,41.04,1.92,0,0,0
26.0,15,utilities,mobile_android,124.01,north_america,1216.51,2,49.88,13.14,0,1,0
42.38,12,retail,desktop_windows,417.14,asia_pacific,499.34,1,39.9,18.17,0,0,0
65.31,9,electronics,mobile_ios,642.82,north_america,335.15,9,70.21,15.01,0,0,0
22.8,12,travel,mobile_android,213.35,north_america,1922.26,4,79.27,4.34,0,0,0
38.36,14,electronics,mobile_android,976.73,north_america,732.9,4,24.04,7.25,0,0,0
65.61,0,entertainment,mobile_ios,404.85,europe,485.22,3,54.38,11.64,0,0,0
31.5,20,food,mobile_ios,310.15,europe,645.45,1,39.94,41.74,0,0,0
112.69,12,online,desktop_mac,578.59,latin_america,1969.0,5,61.46,22.27,0,0,0
7.28,13,retail,desktop_windows,375.29,asia_pacific,1405.19,1,63.39,11.16,0,0,0
122.06,15,retail,mobile_ios,906.86,north_america,492.64,4,101.7,3.85,0,0,0
49.17,11,retail,desktop_windows,960.46,north_america,741.37,5,57.6,6.57,0,0,0
42.92,1,online,mobile_android,244.88,asia_pacific,1330.52,3,65.19,10.1,0,0,0
7.78,16,retail,mobile_android,321.64,north_america,474.09,4,50.36,3.87,0,0,0
36.93,22,travel,desktop_mac,588.24,north_america,245.6,0,43.46,10.8,0,0,0
103.04,12,food,desktop_windows,175.06,europe,1681.69,5,47.49,1.38,0,0,0
25.66,8,food,mobile_android,742.45,north_america,528.44,2,73.23,30.26,0,0,0
124.09,18,utilities,mobile_android,543.91,middle_east,1877.34,4,81.75,2.1,0,0,0
37.11,23,online,desktop_windows,816.41,europe,1450.66,3,55.24,13.05,0,0,0
105.6,17,retail,desktop_windows,995.3,europe,625.94,0,59.82,4.31,0,0,0
36.96,12,online,mobile_android,727.05,asia_pacific,1188.13,5,65.84,11.86,0,0,0
6.01,9,food,mobile_android,557.17,europe,843.24,0,68.36,6.59,0,1,0
99.57,17,retail,desktop_windows,48.47,africa,1537.65,3,45.23,3.69,0,0,0
224.41,14,online,desktop_mac,51.54,north_america,890.99,2,68.31,0.12,0,0,0
4.57,9,food,mobile_ios,478.49,europe,708.44,0,54.01,13.98,0,0,0
45.43,7,retail,mobile_android,510.13,north_america,1984.55,4,59.6,5.82,0,0,0
10.63,9,retail,desktop_windows,644.28,latin_america,423.06,4,43.03,3.7,0,0,0
34.49,9,entertainment,mobile_ios,498.41,north_america,1333.85,1,37.8,17.54,0,0,0
44.29,14,electronics,desktop_mac,465.03,north_america,1249.18,4,61.51,6.22,0,0,0
99.46,10,retail,mobile_ios,958.11,north_america,1082.96,5,65.59,0.09,0,0,0
13.5,12,food,desktop_mac,47.81,latin_america,824.62,1,46.33,0.29,0,0,0
5.51,18,entertainment,mobile_android,312.55,north_america,66.81,4,31.27,10.03,0,0,0
27.63,8,food,desktop_mac,140.35,asia_pacific,241.06,3,44.52,6.13,0,0,0
126.56,8,travel,mobile_ios,133.29,north_america,110.36,2,50.87,23.39,0,0,0
5.04,13,utilities,mobile_android,941.97,north_america,1984.47,3,43.22,61.54,0,0,0
69.58,18,electronics,mobile_ios,427.16,north_america,1470.85,2,54.53,23.22,0,0,0
8.71,10,food,mobile_ios,34.23,north_america,1913.5,2,67.53,13.52,1,0,0
91.99,9,travel,mobile_ios,573.1,asia_pacific,1168.54,2,56.19,26.99,0,1,0
117.48,18,utilities,desktop_windows,413.14,north_america,1462.16,4,47.62,37.61,0,0,0
47.04,11,online,mobile_ios,924.9,europe,1960.08,8,50.69,12.47,0,1,0
138.29,17,entertainment,mobile_ios,713.91,europe,440.66,3,62.47,15.16,0,0,0
97.2,10,online,mobile_ios,509.03,asia_pacific,167.65,8,73.2,7.75,0,0,0
80.26,16,travel,mobile_ios,934.86,north_america,263.58,2,66.76,10.69,0,0,0
91.74,4,electronics,desktop_mac,34.79,north_america,14.63,13,84.77,123.37,0,0,1
27.16,7,travel,mobile_ios,478.58,middle_east,1215.87,1,36.8,11.76,0,0,0
12.56,11,food,mobile_android,818.79,asia_pacific,925.17,3,47.3,6.34,0,0,0
94.54,5,electronics,mobile_android,40.33,north_america,46.89,3,72.67,216.3,0,0,1
224.84,3,electronics,tablet,36.58,north_america,176.49,7,63.16,139.33,1,2,1
3.41,11,electronics,mobile_android,683.31,asia_pacific,157.28,3,68.65,6.41,0,0,0
58.77,11,travel,mobile_android,97.56,latin_america,1886.04,1,56.79,14.69,0,0,0
29.03,14,electronics,mobile_android,772.81,north_america,916.24,5,55.62,8.34,0,0,0
63.93,14,food,mobile_ios,496.23,north_america,967.67,5,36.7,5.74,0,0,0
53.05,15,retail,mobile_ios,773.05,asia_pacific,1011.53,3,64.28,26.71,0,0,0
3.96,13,food,mobile_ios,164.79,latin_america,514.11,4,33.17,7.47,0,0,0
75.97,17,entertainment,mobile_ios,243.53,north_america,1384.52,3,47.69,2.67,0,0,0
30.76,13,retail,mobile_ios,601.59,latin_america,606.74,6,44.79,10.48,0,0,0
166.13,12,travel,mobile_android,222.42,latin_america,619.14,5,68.05,3.5,0,0,0
24.61,14,travel,mobile_ios,888.38,north_america,660.53,6,54.1,15.49,0,0,0
59.51,9,food,mobile_ios,552.81,north_america,300.33,4,63.14,5.44,0,0,0
10.89,8,online,mobile_ios,142.2,north_america,361.58,7,39.12,1.59,0,0,0
102.39,21,retail,mobile_android,77.82,north_america,1843.89,3,32.13,13.26,0,0,0
61.23,21,food,mobile_android,122.88,europe,250.97,1,56.93,5.17,0,0,0
40.29,10,retail,mobile_ios,346.11,north_america,142.18,3,58.36,0.68,0,0,0
7.6,12,online,mobile_android,311.92,europe,1309.83,1,52.21,1.22,0,0,0
66.95,10,food,mobile_ios,399.67,europe,1163.51,6,53.17,1.45,0,0,0
46.68,17,food,mobile_ios,171.98,north_america,94.08,4,68.32,4.97,0,0,0
62.45,7,travel,desktop_mac,600.07,europe,1718.56,2,58.45,14.08,0,0,0
32.55,15,retail,mobile_ios,720.65,north_america,427.35,4,50.84,13.95,0,0,0
66.18,15,online,mobile_android,827.97,north_america,282.69,3,19.25,0.67,1,0,0
17.4,10,retail,mobile_ios,599.22,latin_america,1737.69,6,75.01,45.49,0,0,0
56.26,5,online,mobile_ios,707.13,latin_america,878.69,0,45.99,38.45,0,0,0
132.2,13,food,mobile_ios,384.14,asia_pacific,1251.24,1,65.43,8.42,0,0,0
235.82,16,food,mobile_android,276.03,asia_pacific,687.74,4,64.4,21.83,0,0,0
89.51,7,electronics,mobile_ios,690.17,north_america,1202.06,1,42.37,0.33,0,1,0
131.4,7,entertainment,desktop_windows,265.43,north_america,784.13,3,64.07,26.19,0,0,0
46.45,17,utilities,mobile_ios,777.69,asia_pacific,485.57,3,53.42,7.05,0,0,0
72.04,10,retail,mobile_android,996.13,north_america,212.65,2,69.84,5.8,0,0,0
32.93,8,food,mobile_ios,588.25,north_america,671.56,7,56.95,1.27,0,0,0
19.05,12,retail,mobile_android,80.71,europe,716.65,5,50.64,0.58,0,0,0
4.74,16,electronics,desktop_windows,419.74,north_america,1892.31,4,71.38,23.39,0,0,0
148.41,9,entertainment,desktop_windows,253.72,europe,1681.74,6,38.55,9.92,0,1,0
57.12,16,retail,mobile_android,844.03,north_america,1647.33,2,37.25,1.02,0,0,0
63.93,12,online,mobile_android,250.6,north_america,856.91,3,44.59,1.2,0,0,0
67.43,10,retail,mobile_ios,278.57,north_america,1160.3,3,32.17,5.88,0,0,0
32.59,16,retail,mobile_android,157.86,north_america,107.83,2,58.02,6.06,0,0,0
2.9,15,electronics,mobile_ios,664.98,north_america,561.76,4,34.55,6.32,0,0,0
174.73,15,luxury,mobile_ios,182.78,europe,932.47,4,76.73,11.74,0,1,0
3.78,12,retail,unknown,221.39,asia_pacific,699.64,3,90.05,14.35,0,0,0
182.45,10,food,mobile_ios,950.64,north_america,653.17,2,63.71,9.13,0,0,0
7.02,15,food,mobile_ios,548.76,africa,634.23,8,87.56,0.62,0,0,0
65.78,12,online,mobile_ios,308.71,latin_america,341.75,3,35.99,5.1,0,2,0
120.18,9,electronics,mobile_android,137.08,north_america,1734.27,1,46.35,3.81,0,0,0
18.97,9,retail,mobile_ios,131.52,north_america,1989.94,6,63.68,9.09,0,1,0
154.65,12,luxury,desktop_windows,894.1,north_america,811.91,7,70.9,4.67,0,0,0
3.5,18,online,desktop_mac,702.7,asia_pacific,963.79,0,37.6,6.75,0,0,0
61.87,11,online,tablet,392.72,north_america,1314.8,2,86.56,11.85,0,1,0
97.39,17,entertainment,mobile_android,362.75,asia_pacific,114.87,3,38.9,23.58,0,0,0
32.0,19,travel,mobile_android,712.98,north_america,478.15,2,46.84,11.98,0,0,0
95.85,18,luxury,mobile_ios,888.03,europe,1591.51,3,74.8,0.37,0,0,0
28.18,9,entertainment,mobile_ios,862.91,europe,749.57,3,51.58,3.18,0,0,0
49.96,15,food,mobile_ios,673.25,asia_pacific,1290.84,3,48.8,27.33,0,0,0
46.74,21,utilities,mobile_android,367.34,latin_america,1973.53,4,68.88,11.7,0,0,0
74.5,14,food,mobile_android,416.14,asia_pacific,628.1,5,63.8,11.53,0,0,0
41.71,17,electronics,desktop_windows,251.22,north_america,721.93,8,57.71,1.45,0,0,0
17.74,12,retail,mobile_android,858.72,north_america,877.4,1,23.49,0.38,0,0,0
20.16,18,online,mobile_ios,796.17,north_america,627.34,3,39.0,5.02,0,0,0
12.41,12,travel,mobile_ios,96.92,latin_america,1960.13,4,32.57,17.51,0,0,0
36.85,21,food,mobile_ios,726.4,latin_america,1859.8,4,77.07,6.51,0,0,0
142.45,0,food,desktop_mac,86.78,north_america,1978.8,2,56.58,19.7,1,0,0
65.73,17,food,desktop_mac,423.9,europe,1662.94,5,49.69,12.04,0,0,0
6.76,20,food,mobile_android,655.56,north_america,1269.12,1,61.68,11.71,1,0,0
224.47,23,utilities,mobile_android,285.04,europe,149.93,7,52.46,18.09,0,0,0
202.35,18,food,desktop_windows,73.41,north_america,1707.33,4,65.46,11.07,0,0,0
4.18,16,electronics,mobile_android,146.66,middle_east,1907.46,2,37.85,6.21,0,0,0
3.16,9,online,mobile_ios,693.5,north_america,1394.28,3,54.13,0.88,0,0,0
10.11,13,food,mobile_android,512.72,north_america,812.06,2,30.65,21.02,0,0,0
67.83,20,retail,mobile_ios,856.96,asia_pacific,1273.79,2,56.52,13.22,0,0,0
13.78,9,online,mobile_ios,196.05,north_america,559.38,5,44.13,2.32,0,0,0
42.97,12,food,mobile_android,877.19,latin_america,275.44,3,42.55,23.98,0,0,0
50.35,14,luxury,mobile_ios,200.36,north_america,1540.26,11,31.52,1.35,0,0,0
101.59,1,food,mobile_android,139.01,north_america,385.71,1,76.61,4.23,0,0,0
42.15,20,retail,desktop_windows,589.74,asia_pacific,1850.96,4,45.3,35.09,0,0,0
12.5,18,travel,mobile_android,779.07,north_america,420.07,0,54.0,13.32,0,0,0
37.37,16,retail,mobile_ios,229.89,latin_america,1719.87,1,66.72,8.27,0,0,0
19.86,9,retail,mobile_ios,271.08,europe,811.43,3,48.98,8.38,1,0,0
128.26,9,food,mobile_ios,465.09,north_america,1714.3,3,51.94,7.04,0,0,0
8.0,19,food,mobile_android,484.41,europe,60.31,1,59.13,7.37,0,0,0
3.5,12,retail,mobile_ios,431.51,europe,959.83,6,44.0,5.77,0,0,0
3.55,9,food,mobile_android,307.6,latin_america,1617.68,0,91.88,28.05,0,0,0
40.39,18,online,mobile_android,810.08,north_america,1864.17,4,48.16,0.48,0,0,0
27.71,13,travel,mobile_android,851.16,europe,1777.75,5,79.36,11.17,0,0,0
167.1,10,retail,mobile_android,400.5,north_america,661.44,3,77.2,11.22,0,0,0
139.85,9,food,mobile_android,830.55,north_america,280.05,0,42.63,21.72,0,0,0
86.09,9,retail,mobile_ios,808.48,north_america,534.34,1,60.91,23.55,1,0,0
38.19,17,online,mobile_ios,304.96,asia_pacific,1307.29,3,68.34,2.11,0,0,0
25.84,6,food,mobile_ios,800.55,north_america,1674.52,1,59.77,2.37,1,0,0
17.66,12,food,mobile_android,660.59,europe,363.15,0,65.33,3.48,0,0,0
211.15,17,food,mobile_android,292.55,north_america,1955.74,6,76.9,2.01,0,0,0
37.95,7,retail,desktop_windows,648.37,north_america,707.65,4,61.31,2.38,0,0,0
65.76,11,online,desktop_windows,438.01,latin_america,160.34,3,87.15,6.98,0,0,0
218.81,20,travel,mobile_android,134.23,latin_america,1948.13,4,42.12,4.37,0,0,0
72.64,9,retail,mobile_android,222.59,europe,1513.28,2,75.91,3.72,0,0,0
18.79,3,electronics,mobile_android,394.66,latin_america,1680.6,1,54.41,14.23,0,0,0
22.1,9,retail,mobile_android,158.2,asia_pacific,1138.86,3,50.78,5.04,0,0,0
98.23,22,travel,mobile_ios,802.19,north_america,1875.75,2,46.3,17.9,0,0,0
13.99,14,luxury,mobile_android,750.54,europe,243.25,6,77.28,51.96,0,0,0
9.25,13,luxury,desktop_windows,710.11,europe,1743.59,5,60.43,9.84,0,0,0
20.28,6,online,mobile_android,321.89,north_america,927.92,5,59.67,2.77,0,0,0
60.56,12,retail,mobile_ios,157.0,north_america,259.5,2,60.18,1.17,0,0,0
193.5,10,food,mobile_ios,512.82,latin_america,965.96,5,56.2,2.87,0,0,0
337.52,7,online,mobile_android,507.1,europe,234.57,2,56.45,18.96,0,0,0
211.22,5,food,mobile_ios,435.43,north_america,69.31,2,54.71,9.14,0,1,0
31.04,16,retail,desktop_windows,287.17,north_america,888.19,5,83.4,0.23,0,0,0
17.32,9,utilities,mobile_ios,238.3,north_america,455.9,1,59.01,38.55,0,0,0
6.74,19,online,mobile_android,765.65,middle_east,1126.98,3,61.56,27.57,0,0,0
94.65,6,electronics,mobile_android,635.06,asia_pacific,819.19,4,63.58,16.78,0,0,0
69.98,4,retail,mobile_android,244.86,latin_america,1719.35,4,69.04,11.21,0,0,0
3.05,10,online,mobile_ios,468.0,north_america,91.37,0,61.36,25.37,0,0,0
10.78,16,retail,desktop_windows,183.78,north_america,814.98,3,67.52,8.58,0,0,0
44.49,18,utilities,mobile_android,536.23,europe,765.82,1,57.15,12.37,0,0,0
6.12,11,electronics,mobile_ios,458.3,north_america,612.51,1,64.77,2.42,0,0,0
23.38,6,electronics,mobile_android,787.36,asia_pacific,1093.08,3,64.66,4.07,0,0,0
38.14,15,food,desktop_mac,407.97,latin_america,162.19,4,67.95,7.9,0,0,0
31.35,16,entertainment,mobile_android,957.34,latin_america,1765.25,4,36.24,25.54,0,0,0
143.09,2,electronics,mobile_android,213.68,north_america,1967.44,5,51.95,7.3,0,0,0
11.77,12,retail,desktop_windows,411.38,asia_pacific,1620.53,0,48.96,4.93,0,0,0
88.92,12,luxury,mobile_ios,593.32,north_america,557.45,1,39.48,22.83,0,0,0
27.37,19,entertainment,mobile_ios,846.12,europe,1856.81,3,54.5,8.41,0,0,0
24.71,15,utilities,mobile_android,411.16,asia_pacific,886.44,4,58.11,3.55,0,0,0
33.08,9,food,mobile_android,244.49,asia_pacific,1435.37,2,78.22,9.1,0,0,0
277.63,12,food,mobile_ios,988.61,north_america,1179.23,4,82.53,18.95,0,0,0
174.77,12,retail,mobile_android,406.49,asia_pacific,1788.99,4,60.55,18.08,0,0,0
51.14,15,retail,mobile_android,69.29,europe,1165.23,4,50.63,21.32,0,0,0
170.26,21,food,mobile_ios,334.37,latin_america,1329.35,3,64.18,1.31,0,0,0
25.5,8,food,mobile_ios,884.01,north_america,256.09,5,52.03,21.75,0,0,0
43.51,10,travel,mobile_ios,570.34,north_america,89.91,2,60.02,5.23,1,0,0
95.09,17,travel,desktop_mac,113.03,europe,599.17,3,67.38,6.98,0,0,0
38.8,15,retail,mobile_ios,606.5,europe,600.27,4,62.74,1.71,0,0,0
133.89,2,electronics,mobile_ios,24.3,europe,144.54,9,75.19,436.95,0,0,1
30.28,20,food,mobile_android,277.43,north_america,1850.9,3,38.85,21.97,0,0,0
155.93,15,online,mobile_ios,865.18,middle_east,324.18,1,53.13,25.7,0,0,0
122.78,12,food,desktop_windows,357.83,europe,1950.18,4,50.26,39.26,0,0,0
9.22,11,food,desktop_windows,329.37,latin_america,184.62,1,58.66,3.31,0,0,0
30.9,14,online,mobile_ios,687.28,north_america,1331.85,2,65.06,10.76,0,1,0
112.61,17,travel,mobile_ios,779.32,north_america,532.14,0,42.89,56.83,0,0,0
49.47,16,online,mobile_android,862.15,asia_pacific,562.24,4,58.25,7.31,0,0,0
14.29,13,retail,mobile_ios,430.52,europe,1614.35,2,61.46,8.05,0,0,0
99.29,9,retail,mobile_ios,466.76,north_america,425.88,5,30.61,18.17,0,0,0
7.13,7,electronics,desktop_mac,597.21,north_america,197.38,5,67.85,19.7,0,0,0
90.53,5,food,mobile_ios,518.46,middle_east,1885.28,4,53.7,7.67,0,0,0
131.87,11,retail,mobile_android,366.08,north_america,1051.35,3,72.42,0.82,0,0,0
5.14,11,food,desktop_windows,76.16,asia_pacific,1727.16,9,65.42,6.86,0,0,0
6.46,17,food,mobile_android,815.99,asia_pacific,1330.56,0,64.59,57.61,0,0,0
1.87,8,electronics,mobile_android,501.8,europe,325.9,1,65.58,33.52,1,0,0
54.84,16,electronics,mobile_android,583.44,europe,459.67,0,60.93,11.22,0,0,0
26.45,20,food,tablet,866.56,europe,694.75,6,84.47,0.5,0,0,0
5.58,11,food,tablet,148.91,north_america,147.75,1,94.62,2.03,0,0,0
189.1,7,retail,desktop_windows,499.09,north_america,183.92,3,49.22,5.0,0,0,0
37.12,17,food,desktop_mac,194.03,europe,1904.07,4,48.63,9.93,0,0,0
16.25,13,food,mobile_ios,829.37,europe,1771.06,1,62.27,14.71,0,0,0
71.71,15,travel,mobile_ios,935.12,north_america,1277.6,1,52.93,13.21,0,1,0
13.06,10,online,mobile_ios,858.33,asia_pacific,725.29,0,51.09,0.02,0,0,0
35.95,10,online,mobile_ios,667.41,asia_pacific,1423.53,1,69.24,0.51,0,0,0
110.9,6,online,mobile_ios,503.68,asia_pacific,1781.92,4,73.69,1.15,0,0,0
71.17,7,online,mobile_android,290.5,north_america,1183.69,3,60.86,20.45,0,0,0
9.97,10,retail,mobile_android,223.11,latin_america,1332.93,1,53.81,16.95,0,0,0
33.81,10,food,mobile_android,655.99,asia_pacific,1586.89,5,41.38,21.03,0,0,0
942.56,2,electronics,mobile_android,29.78,asia_pacific,149.15,9,63.91,58.62,0,2,1
6.07,10,retail,mobile_ios,296.73,north_america,384.69,3,35.29,2.91,0,0,0
42.05,6,retail,mobile_ios,322.78,north_america,542.16,4,40.42,5.37,0,0,0
84.39,12,travel,desktop_mac,640.24,north_america,819.89,5,52.61,17.65,0,0,0
76.98,16,retail,mobile_ios,367.31,europe,694.03,2,67.44,44.7,0,0,0
5.53,7,retail,mobile_android,524.44,asia_pacific,1623.03,1,42.13,21.61,0,0,0
139.41,15,retail,mobile_ios,268.26,europe,155.63,0,65.71,7.3,0,0,0
2.83,23,travel,tablet,356.08,europe,1708.95,3,58.96,1.14,0,2,0
125.09,8,food,tablet,946.64,middle_east,1828.8,5,65.51,13.92,0,0,0
5.56,10,retail,mobile_android,724.98,asia_pacific,629.35,4,38.93,33.73,0,0,0
10.54,15,travel,mobile_android,782.15,north_america,425.39,7,27.22,2.35,0,0,0
70.96,12,utilities,mobile_ios,660.79,north_america,237.14,2,32.68,25.19,0,0,0
41.27,18,electronics,mobile_ios,673.79,north_america,201.01,4,77.43,27.96,0,0,0
24.35,7,electronics,mobile_android,808.95,europe,482.27,1,75.14,12.07,0,0,0
4.98,15,food,mobile_android,938.47,north_america,863.7,2,40.02,6.41,0,0,0
18.4,12,retail,desktop_windows,234.68,north_america,1951.25,1,43.06,4.37,0,0,0
33.86,0,electronics,desktop_windows,961.12,north_america,1112.34,5,70.44,6.84,0,0,0
80.0,17,online,mobile_ios,95.22,north_america,1156.66,5,60.87,4.84,0,0,0
10.83,9,retail,mobile_ios,857.09,north_america,1052.28,2,25.81,0.69,0,0,0
78.67,8,retail,mobile_android,568.26,north_america,1996.71,2,63.67,0.33,0,0,0
50.57,10,luxury,mobile_ios,743.57,middle_east,1482.42,5,40.64,0.43,0,0,0
7.18,10,travel,mobile_ios,121.93,europe,1339.23,1,49.95,0.42,0,1,0
31.1,13,food,mobile_android,745.11,asia_pacific,221.44,5,50.88,3.2,0,0,0
12.99,18,electronics,mobile_ios,704.46,north_america,1944.16,5,56.68,5.61,0,0,0
60.26,17,electronics,mobile_android,457.99,asia_pacific,1858.89,6,41.04,2.46,0,0,0
82.0,11,food,mobile_ios,616.25,europe,177.27,5,64.07,34.4,1,0,0
112.81,11,retail,mobile_android,575.95,asia_pacific,1539.94,0,23.35,40.42,0,0,0
22.52,21,food,mobile_android,775.37,europe,92.09,2,12.51,1.69,0,0,0
3.41,15,travel,mobile_ios,699.13,asia_pacific,789.73,2,63.4,15.66,0,0,0
6.09,14,retail,mobile_ios,55.65,north_america,1378.25,1,61.62,27.63,0,1,0
100.68,4,luxury,mobile_android,326.06,asia_pacific,717.04,3,52.01,11.16,0,0,0
18.9,11,electronics,mobile_ios,253.18,latin_america,1853.75,5,58.19,7.06,0,0,0
52.55,3,entertainment,mobile_android,358.8,north_america,325.71,7,59.38,5.27,0,0,0
1.93,15,food,desktop_mac,692.58,asia_pacific,1085.65,1,75.64,6.94,0,0,0
109.08,14,electronics,mobile_ios,285.35,latin_america,1484.08,2,66.0,9.94,0,0,0
177.53,13,food,mobile_ios,851.88,middle_east,84.43,4,74.61,8.19,0,0,0
67.08,12,food,mobile_android,466.59,europe,1633.64,1,73.23,39.85,0,0,0
31.55,7,electronics,mobile_ios,227.43,latin_america,1110.78,3,90.4,3.51,0,0,0
91.81,9,online,tablet,553.83,north_america,875.84,0,55.62,1.77,0,0,0
6.06,19,electronics,mobile_ios,485.35,europe,710.0,1,48.38,3.89,0,0,0
3.79,9,entertainment,mobile_ios,152.16,north_america,124.36,5,52.84,24.73,0,0,0
102.92,9,retail,mobile_ios,468.75,north_america,1675.73,0,55.44,17.77,0,0,0
36.7,9,retail,desktop_windows,864.06,asia_pacific,1381.41,4,21.52,49.05,0,0,0
147.68,17,online,mobile_ios,673.46,north_america,1115.15,2,31.49,2.52,0,0,0
81.47,23,food,mobile_ios,369.37,north_america,898.75,0,33.9,2.57,0,0,0
21.79,22,food,desktop_mac,789.17,north_america,520.04,3,67.39,2.56,0,0,0
2.85,16,travel,mobile_ios,950.24,north_america,122.5,7,43.43,10.55,0,0,0
21.93,15,retail,mobile_ios,866.79,asia_pacific,1922.08,1,48.13,20.52,0,0,0
52.12,11,food,mobile_ios,634.06,europe,1976.69,6,60.67,5.29,0,0,0
24.6,15,food,mobile_ios,929.55,africa,1469.88,6,52.18,8.32,1,0,0
98.09,13,entertainment,mobile_ios,424.95,europe,1147.32,0,74.62,16.22,0,0,0
160.15,9,utilities,mobile_ios,689.17,europe,737.93,4,54.07,2.94,1,0,0
35.68,6,online,mobile_android,548.19,north_america,959.73,0,64.88,9.05,0,1,0
19.77,12,entertainment,mobile_android,798.2,north_america,1300.86,3,62.99,12.18,1,1,0
72.59,6,entertainment,desktop_windows,216.8,europe,1924.06,4,28.9,0.29,0,0,0
34.07,7,utilities,mobile_android,424.96,asia_pacific,158.12,1,72.4,4.48,0,0,0
48.85,13,electronics,mobile_android,43.53,europe,1445.4,5,52.01,1.18,0,0,0
80.19,11,food,mobile_ios,496.29,north_america,1343.2,5,43.9,7.26,0,0,0
342.69,16,online,desktop_windows,414.98,north_america,1977.48,4,68.81,4.52,0,1,0
60.28,10,online,mobile_android,420.8,europe,365.92,2,65.41,17.59,0,0,0
51.62,9,electronics,mobile_android,425.78,asia_pacific,1207.84,10,59.73,16.18,0,0,0
139.58,12,retail,mobile_android,746.61,middle_east,701.96,5,45.62,19.98,0,0,0
142.47,10,retail,tablet,915.81,north_america,1133.6,1,68.28,24.83,0,1,0
25.3,18,retail,desktop_windows,863.65,north_america,948.34,3,39.3,29.07,0,0,0
8.32,16,retail,mobile_ios,555.1,europe,643.02,1,36.73,0.33,0,0,0
28.51,20,utilities,tablet,79.33,europe,779.36,2,40.35,4.03,0,0,0
45.08,17,entertainment,mobile_ios,607.19,europe,394.45,1,68.6,86.78,0,0,0
2.11,12,retail,mobile_ios,974.48,asia_pacific,352.54,3,66.66,9.25,0,0,0
37.29,9,entertainment,mobile_ios,744.71,europe,1538.22,6,56.97,12.77,0,0,0
97.67,14,retail,tablet,724.58,europe,1701.2,4,66.04,20.35,0,0,0
5.81,17,food,mobile_android,626.94,north_america,310.52,4,84.09,8.94,0,1,0
8.68,12,utilities,mobile_android,888.13,north_america,254.64,5,41.37,9.39,0,0,0
156.17,15,food,mobile_android,807.31,north_america,524.84,6,54.21,13.23,0,0,0
4.62,11,travel,mobile_ios,384.29,north_america,1895.24,7,55.46,37.64,0,0,0
105.86,9,retail,desktop_mac,916.17,north_america,1749.53,2,74.42,30.28,0,1,0
68.91,7,online,mobile_android,844.23,north_america,1398.29,3,52.35,6.35,0,0,0
104.76,14,food,mobile_ios,971.78,north_america,1321.71,2,42.08,19.52,0,0,0
15.37,7,travel,mobile_ios,933.59,latin_america,1940.54,2,55.2,5.82,1,0,0
71.18,9,food,mobile_ios,879.45,north_america,668.14,4,68.61,16.79,0,0,0
54.55,20,retail,mobile_ios,238.63,north_america,1518.54,3,56.36,26.56,0,0,0
22.67,7,retail,mobile_ios,72.1,europe,477.08,2,63.62,8.54,0,0,0
55.29,15,electronics,desktop_mac,212.42,europe,1787.42,4,34.93,11.12,0,0,0
122.08,19,travel,mobile_ios,974.53,europe,1528.6,2,52.21,3.36,0,0,0
61.17,5,electronics,mobile_android,562.67,latin_america,1054.68,3,39.47,19.47,0,0,0
5.8,7,travel,mobile_ios,926.91,europe,862.47,3,49.34,15.57,0,0,0
1.67,17,food,mobile_android,159.92,europe,168.6,6,40.41,5.86,0,0,0
2.1,5,retail,mobile_ios,767.94,north_america,588.71,4,60.32,35.26,0,1,0
103.04,13,food,mobile_android,185.5,latin_america,697.47,2,69.49,14.33,0,0,0
13.0,17,electronics,mobile_android,900.5,europe,1715.04,2,35.19,0.71,0,0,0
45.42,11,online,mobile_ios,290.52,north_america,320.42,4,39.7,3.13,0,0,0
77.86,12,food,mobile_ios,124.78,latin_america,1459.0,2,63.04,9.77,0,0,0
262.86,7,utilities,mobile_android,80.14,asia_pacific,1362.99,2,54.68,6.95,0,0,0
3.83,0,retail,desktop_mac,648.95,north_america,1255.97,4,53.67,23.93,0,0,0
33.13,21,utilities,mobile_ios,597.92,north_america,935.26,6,47.72,12.17,0,0,0
40.41,14,food,mobile_android,98.89,north_america,1296.37,7,77.56,14.74,1,0,0
168.88,9,food,mobile_android,981.06,europe,637.71,2,57.12,0.13,1,1,0
27.36,8,retail,mobile_ios,949.05,europe,1053.83,1,64.11,16.14,0,0,0
13.16,20,food,mobile_ios,438.49,europe,653.65,2,74.06,43.05,0,0,0
100.6,14,food,mobile_ios,392.44,europe,325.19,2,82.71,1.31,0,0,0
14.98,18,electronics,mobile_ios,611.38,north_america,576.48,4,64.88,3.9,0,0,0
380.17,3,luxury,desktop_mac,18.24,latin_america,30.92,9,68.08,32.85,0,1,1
81.11,10,food,mobile_ios,761.32,asia_pacific,1049.19,2,29.66,1.8,0,0,0
53.49,13,electronics,mobile_ios,82.31,africa,1330.75,6,48.71,33.54,0,0,0
29.19,19,food,mobile_ios,225.1,north_america,1001.86,4,45.14,4.95,0,0,0
238.86,18,electronics,unknown,37.12,asia_pacific,68.03,8,57.98,167.19,1,1,1
91.81,15,online,mobile_ios,973.85,north_america,1832.8,1,70.88,19.26,1,0,0
69.99,19,food,mobile_android,415.31,europe,886.63,7,40.57,2.99,0,0,0
26.91,10,travel,mobile_android,165.84,europe,256.23,6,24.73,13.48,0,0,0
42.1,20,online,desktop_mac,608.58,north_america,1064.24,3,49.08,0.07,0,0,0
54.93,14,retail,mobile_android,153.67,north_america,188.99,4,54.7,5.8,0,0,0
181.03,9,online,desktop_mac,922.59,asia_pacific,473.89,2,78.64,9.02,1,0,0
96.16,11,electronics,mobile_android,902.91,north_america,184.42,4,63.27,14.97,0,0,0
93.23,21,retail,mobile_ios,268.88,north_america,844.27,4,69.88,12.06,0,0,0
10.67,6,food,mobile_android,934.8,europe,1731.43,2,50.67,12.55,0,0,0
8.76,10,food,desktop_mac,277.35,north_america,318.46,4,43.02,10.86,0,0,0
35.52,20,electronics,mobile_android,264.26,north_america,278.46,5,69.26,7.62,0,0,0
145.03,9,food,mobile_android,891.18,asia_pacific,1986.75,2,53.06,13.14,0,0,0
43.97,14,food,mobile_ios,425.99,africa,1761.08,2,57.45,24.15,0,0,0
15.95,13,retail,mobile_android,115.37,north_america,1612.63,1,54.58,3.1,0,0,0
61.7,12,retail,mobile_ios,651.78,north_america,88.77,4,74.22,20.62,0,0,0
16.68,19,retail,desktop_windows,759.13,north_america,1065.71,1,54.45,9.9,0,0,0
8.76,7,online,mobile_ios,100.1,north_america,75.72,3,46.63,15.65,0,0,0
53.4,13,retail,mobile_ios,406.31,asia_pacific,1845.56,4,76.34,16.5,0,0,0
85.52,9,retail,desktop_windows,737.0,north_america,100.44,0,57.56,9.94,0,0,0
66.05,12,luxury,desktop_windows,875.13,north_america,1941.66,4,66.4,2.74,0,0,0
5.86,13,retail,desktop_mac,501.78,north_america,1148.55,3,68.63,3.53,0,0,0
1349.42,15,travel,mobile_android,25.63,asia_pacific,165.03,6,97.07,37.37,1,4,1
67.86,15,retail,mobile_ios,761.06,middle_east,1376.0,6,64.43,19.05,0,0,0
59.07,14,retail,desktop_windows,543.76,north_america,968.08,4,44.26,3.24,0,0,0
83.76,14,retail,desktop_mac,350.08,europe,1807.68,3,61.07,8.7,0,0,0
31.27,1,electronics,mobile_android,788.08,europe,719.81,4,67.73,10.95,1,0,0
99.08,17,online,mobile_android,480.9,asia_pacific,226.19,3,77.13,19.92,0,0,0
8.21,14,retail,mobile_ios,237.32,latin_america,312.57,0,42.34,7.26,0,0,0
78.41,9,food,desktop_windows,353.02,latin_america,993.24,0,35.54,28.88,0,0,0
1.33,11,online,desktop_mac,551.37,north_america,1557.04,1,81.17,2.15,0,0,0
1.59,14,online,mobile_android,898.21,europe,1688.87,3,52.86,2.94,0,0,0
119.02,13,online,mobile_ios,541.94,latin_america,758.53,3,37.47,32.62,0,0,0
221.84,21,luxury,mobile_ios,295.7,europe,1819.08,3,67.09,7.4,0,2,0
15.58,8,online,mobile_android,945.13,latin_america,1688.88,3,38.07,4.46,0,0,0
72.39,12,food,mobile_android,705.33,north_america,162.77,5,55.15,4.33,0,0,0
27.28,14,online,desktop_windows,567.12,europe,788.46,3,55.77,34.92,0,0,0
146.1,10,retail,mobile_android,816.83,latin_america,136.42,0,58.52,1.54,0,0,0
39.46,18,online,mobile_ios,770.39,north_america,1743.18,4,40.15,2.61,0,0,0
65.06,10,travel,mobile_ios,238.55,africa,638.5,8,53.45,13.62,0,0,0
493.83,1,travel,mobile_ios,34.38,latin_america,40.44,5,75.73,239.59,0,3,1
99.97,8,retail,tablet,810.87,north_america,519.64,5,57.55,14.61,0,0,0
3.65,11,electronics,mobile_ios,32.55,europe,1024.66,6,53.7,2.05,1,0,0
161.37,13,online,mobile_ios,905.18,middle_east,957.32,0,43.57,18.14,0,1,0
5.9,10,food,mobile_android,829.09,north_america,865.25,3,48.7,5.88,0,0,0
17.89,17,online,mobile_ios,496.36,asia_pacific,1813.27,3,86.73,16.78,0,0,0
136.53,4,utilities,mobile_android,679.33,north_america,1251.22,1,48.79,21.55,0,0,0
49.63,5,electronics,mobile_android,292.78,asia_pacific,433.6,1,42.64,14.16,0,1,0
75.01,21,utilities,mobile_ios,382.42,latin_america,1690.3,3,24.14,8.98,0,0,0
19.95,12,retail,mobile_ios,274.69,north_america,686.7,4,75.83,5.02,0,0,0
217.74,18,retail,mobile_android,496.69,latin_america,594.83,2,83.71,14.24,0,0,0
38.03,17,retail,mobile_ios,751.2,africa,883.89,2,50.79,6.3,0,0,0
86.68,14,retail,mobile_android,917.15,north_america,1428.68,3,55.27,16.28,0,0,0
74.79,9,travel,mobile_android,939.75,africa,1028.84,2,60.01,8.55,0,0,0
18.92,7,entertainment,mobile_ios,288.39,europe,237.78,5,60.88,13.68,0,0,0
136.3,8,electronics,mobile_ios,350.39,europe,1376.37,0,56.92,9.3,0,0,0
4.17,9,food,mobile_android,798.42,europe,893.97,4,56.47,11.91,0,0,0
16.53,17,retail,mobile_ios,396.69,asia_pacific,1030.18,3,61.2,1.94,0,0,0
62.73,15,luxury,mobile_android,927.98,asia_pacific,1140.37,2,57.95,14.92,0,0,0
2.36,20,electronics,desktop_mac,809.99,north_america,1847.51,2,84.62,5.2,0,0,0
64.23,0,retail,tablet,329.6,north_america,1523.78,4,47.09,2.8,0,0,0
148.8,6,retail,mobile_ios,169.38,north_america,1409.22,4,69.4,30.35,0,0,0
180.17,17,food,mobile_ios,76.52,europe,264.82,3,69.65,38.4,0,0,0
2.75,11,electronics,mobile_ios,466.42,north_america,425.06,2,91.48,7.15,0,0,0
28.58,12,electronics,desktop_windows,748.56,middle_east,1884.05,7,62.85,14.34,0,0,0
147.07,12,utilities,desktop_mac,947.26,north_america,1330.37,1,65.12,14.52,0,1,0
28.82,5,travel,mobile_ios,30.05,north_america,1823.54,6,15.55,12.61,0,0,0
9.28,9,retail,mobile_ios,539.6,europe,474.12,2,64.04,10.31,0,0,0
67.99,23,food,mobile_android,729.87,north_america,1137.71,2,46.68,7.16,0,0,0
38.6,5,food,mobile_android,153.13,asia_pacific,828.29,2,68.2,6.17,0,1,0
5.32,11,food,mobile_android,491.63,asia_pacific,677.46,7,46.47,13.46,0,0,0
31.84,11,retail,desktop_mac,591.23,north_america,1925.18,1,59.66,5.75,0,0,0
13.81,6,retail,mobile_android,651.49,europe,341.87,2,39.1,4.35,0,0,0
250.64,16,online,mobile_ios,569.55,asia_pacific,1059.0,4,60.2,16.92,0,0,0
64.2,13,food,mobile_ios,510.2,north_america,1964.92,4,29.42,4.24,0,0,0
10.92,12,online,mobile_ios,883.84,middle_east,993.27,6,61.35,24.09,0,0,0
32.08,12,electronics,mobile_android,848.88,asia_pacific,443.31,2,59.6,1.54,0,0,0
47.53,14,food,desktop_windows,597.57,latin_america,1143.92,3,49.19,2.57,0,0,0
135.72,9,electronics,mobile_android,889.99,north_america,1822.86,1,68.43,3.68,0,0,0
164.42,12,entertainment,mobile_ios,456.92,europe,1466.09,4,53.05,15.34,0,0,0
33.83,11,food,mobile_android,531.05,north_america,924.95,3,42.81,4.47,1,0,0
72.24,8,online,desktop_mac,413.62,asia_pacific,905.08,3,35.01,31.71,0,1,0
41.24,5,entertainment,mobile_android,472.44,north_america,177.89,4,52.17,9.7,0,0,0
126.62,8,retail,desktop_windows,272.37,north_america,62.34,1,49.77,49.89,0,0,0
71.35,19,retail,mobile_android,792.1,north_america,1691.32,5,57.57,3.95,0,0,0
95.4,2,travel,mobile_android,14.57,europe,67.7,12,68.38,33.21,1,1,1
104.77,7,food,mobile_ios,192.12,north_america,1338.71,5,55.82,6.46,0,0,0
3.55,3,retail,mobile_ios,696.77,asia_pacific,276.51,4,74.77,1.38,0,0,0
16.0,10,travel,mobile_android,922.51,europe,1452.34,2,50.46,1.45,0,0,0
13.5,10,food,desktop_windows,448.85,europe,1098.04,2,55.03,15.13,0,0,0
18.03,11,utilities,mobile_ios,911.71,asia_pacific,589.47,4,26.71,4.6,0,0,0
63.98,8,electronics,mobile_android,264.92,north_america,1711.12,2,41.29,11.46,1,1,0
8.77,11,electronics,mobile_ios,306.96,north_america,793.62,3,43.8,17.0,0,0,0
170.04,11,retail,desktop_windows,589.88,latin_america,1590.56,3,77.63,12.69,0,0,0
102.51,15,electronics,desktop_windows,296.31,north_america,1442.67,2,70.3,10.41,0,0,0
20.77,11,food,mobile_android,621.24,latin_america,1754.92,4,87.68,35.22,0,0,0
115.71,18,utilities,desktop_windows,116.94,europe,1378.57,4,55.21,13.02,0,0,0
11.81,12,online,mobile_android,467.38,asia_pacific,138.45,3,63.14,11.86,0,0,0
19.48,10,food,mobile_ios,271.82,north_america,1871.04,2,46.67,32.0,0,0,0
1.3,14,electronics,mobile_android,874.09,asia_pacific,560.02,3,60.57,15.68,0,0,0
90.09,9,travel,mobile_ios,420.53,north_america,1892.0,3,57.97,8.79,0,0,0
27.16,8,online,mobile_android,696.32,asia_pacific,1382.18,4,18.62,2.12,0,0,0
3.78,2,retail,mobile_ios,279.96,north_america,1527.85,2,54.73,24.9,0,0,0
136.35,16,retail,desktop_mac,303.48,north_america,1884.99,5,27.38,3.76,0,0,0
1571.44,8,online,unknown,29.08,asia_pacific,74.07,7,47.16,23.52,0,2,1
79.23,11,retail,mobile_ios,814.76,north_america,125.1,2,50.9,1.88,0,1,0
22.01,17,food,mobile_android,946.6,north_america,670.5,6,74.14,35.66,0,0,0
48.33,9,retail,mobile_android,395.93,north_america,1949.44,4,78.8,7.93,0,0,0
11.65,8,electronics,mobile_android,760.4,asia_pacific,780.55,4,58.87,1.23,0,0,0
103.21,13,food,mobile_ios,360.36,north_america,755.23,3,62.34,1.31,0,0,0
187.94,18,food,mobile_ios,533.92,europe,1619.28,4,69.08,7.62,0,0,0
36.91,8,retail,desktop_windows,379.34,europe,397.17,1,55.17,0.27,0,0,0
6.16,14,food,desktop_mac,863.36,europe,181.15,4,54.91,23.21,1,0,0
109.85,9,online,mobile_ios,227.61,asia_pacific,1937.24,4,72.8,16.23,0,0,0
64.89,15,food,mobile_ios,570.11,asia_pacific,281.04,3,38.59,16.18,0,0,0
78.31,7,retail,mobile_ios,318.57,asia_pacific,99.46,3,50.65,19.25,0,1,0
134.85,22,food,mobile_android,175.8,north_america,1291.73,3,60.21,0.62,0,0,0
58.53,13,online,desktop_windows,623.79,north_america,411.62,3,59.44,0.72,0,0,0
131.73,0,online,mobile_ios,38.25,north_america,65.11,4,90.12,486.94,1,2,1
211.22,20,retail,mobile_ios,256.39,middle_east,475.01,6,53.53,6.69,1,0,0
121.62,15,entertainment,mobile_android,561.95,north_america,1431.85,3,72.16,8.32,0,0,0
59.58,13,online,desktop_windows,720.71,europe,1211.69,2,49.2,5.96,0,0,0
35.38,11,retail,mobile_ios,858.98,north_america,1521.21,5,39.36,23.24,1,0,0
149.25,15,online,mobile_ios,587.06,north_america,1538.9,1,80.97,3.61,0,1,0
8.55,15,retail,mobile_ios,875.14,europe,1226.65,3,36.3,12.97,0,0,0
106.94,18,online,mobile_android,369.73,europe,756.91,2,44.57,18.45,0,0,0
56.92,13,travel,desktop_mac,989.21,asia_pacific,1672.99,3,47.82,9.18,0,0,0
23.35,18,retail,mobile_android,942.19,north_america,1965.16,8,46.4,4.62,0,0,0
31.95,4,food,mobile_android,728.71,asia_pacific,1570.38,1,42.64,7.65,0,1,0
18.08,8,utilities,mobile_ios,218.95,europe,1125.55,3,54.19,3.56,0,0,0
4.59,8,food,mobile_android,837.2,asia_pacific,558.55,4,60.31,4.93,0,2,0
138.9,16,online,mobile_ios,486.21,north_america,1966.02,4,49.76,1.52,0,0,0
130.36,17,online,mobile_ios,735.17,europe,1294.51,2,35.22,11.37,0,0,0
49.18,16,food,mobile_android,959.1,middle_east,713.64,1,52.3,28.43,0,0,0
32.53,9,electronics,mobile_ios,443.79,north_america,1103.57,7,37.56,7.07,0,0,0
50.04,7,electronics,mobile_android,702.41,north_america,1047.46,5,24.04,27.03,0,0,0
37.49,9,retail,mobile_android,752.04,europe,1355.65,1,85.12,10.84,0,0,0
103.17,10,retail,mobile_android,233.37,north_america,515.76,3,39.39,6.62,0,1,0
47.94,17,food,tablet,935.61,north_america,1967.49,3,44.72,3.58,0,0,0
125.24,9,food,mobile_android,115.14,europe,946.54,3,71.9,27.74,0,0,0
382.77,20,luxury,desktop_windows,11.8,asia_pacific,75.28,10,48.67,114.3,1,4,1
12.88,7,retail,mobile_ios,798.15,europe,1424.48,4,24.68,3.32,0,0,0
96.8,15,travel,mobile_ios,394.76,north_america,1174.4,3,78.55,13.1,0,0,0
277.07,9,food,mobile_android,528.22,north_america,534.93,6,67.17,8.02,0,0,0
43.73,19,retail,mobile_ios,632.21,north_america,1090.53,7,43.74,11.27,0,0,0
34.99,12,entertainment,mobile_ios,365.57,latin_america,414.11,3,53.29,6.0,0,0,0
7.1,7,electronics,mobile_android,526.8,north_america,1276.22,3,43.61,3.52,0,0,0
135.77,11,food,mobile_android,723.78,europe,636.85,3,62.19,32.97,0,0,0
13.01,8,utilities,mobile_ios,880.02,latin_america,738.33,2,31.13,8.28,0,0,0
39.62,14,food,mobile_android,917.44,latin_america,159.46,0,50.84,16.12,0,0,0
3.21,13,utilities,mobile_ios,516.31,north_america,295.82,1,82.81,14.29,0,0,0
57.76,10,retail,mobile_ios,694.97,asia_pacific,1158.4,2,66.18,29.65,0,0,0
29.13,11,online,mobile_android,877.35,europe,313.08,1,85.48,15.86,0,0,0
96.76,20,travel,mobile_ios,256.06,latin_america,349.9,3,78.84,8.4,0,0,0
11.97,10,online,mobile_ios,189.26,north_america,1775.1,6,76.92,14.73,0,1,0
181.79,7,food,mobile_ios,924.82,asia_pacific,416.45,4,48.21,10.71,0,2,0
17.04,14,online,desktop_mac,820.72,europe,402.63,2,43.35,20.74,0,2,0
30.34,15,retail,mobile_android,629.2,asia_pacific,867.18,5,68.91,4.54,0,0,0
124.24,17,food,mobile_android,776.09,north_america,998.94,0,47.08,19.58,0,0,0
4.93,13,entertainment,mobile_android,416.11,asia_pacific,634.12,5,63.63,1.35,0,0,0
79.47,5,electronics,desktop_windows,857.75,latin_america,1811.82,2,52.55,12.45,0,0,0
86.91,11,online,mobile_android,743.86,north_america,1141.5,4,53.87,2.59,0,0,0
10.57,9,retail,mobile_ios,234.82,north_america,539.02,3,62.06,4.75,0,1,0
38.94,3,online,mobile_ios,655.09,europe,1384.01,2,60.4,12.58,0,0,0
97.18,7,utilities,mobile_android,715.05,north_america,78.54,3,52.86,5.86,0,0,0
55.66,12,electronics,mobile_ios,505.9,latin_america,526.64,1,60.34,9.86,0,0,0
40.14,7,electronics,mobile_ios,555.26,north_america,691.41,0,43.82,13.34,0,0,0
24.8,9,retail,mobile_ios,934.17,middle_east,581.47,2,46.35,26.46,0,0,0
31.44,16,retail,mobile_ios,925.6,north_america,703.48,1,81.43,0.29,0,0,0
51.4,8,retail,mobile_android,279.4,north_america,67.27,1,73.9,31.86,0,0,0
100.05,18,utilities,mobile_android,85.42,europe,1271.38,1,42.04,52.81,0,0,0
7.76,9,retail,tablet,153.37,latin_america,1006.62,3,86.73,1.86,0,0,0
249.03,17,food,desktop_windows,59.58,asia_pacific,960.42,1,56.04,24.0,0,0,0
36.44,16,electronics,mobile_ios,77.68,north_america,691.26,2,65.53,22.3,1,0,0
63.17,15,electronics,desktop_mac,686.76,north_america,812.82,2,52.82,0.74,0,0,0
47.95,8,retail,mobile_android,204.6,africa,886.73,3,68.55,3.75,0,0,0
10.89,5,entertainment,desktop_mac,156.41,latin_america,436.46,5,53.72,1.65,0,0,0
139.17,8,electronics,mobile_ios,51.89,europe,1158.8,4,47.16,2.09,0,0,0
34.93,18,retail,tablet,162.28,north_america,1724.44,3,47.18,8.78,0,0,0
41.92,11,online,desktop_mac,51.33,north_america,862.03,5,48.31,4.81,0,0,0
78.93,10,retail,mobile_ios,685.86,asia_pacific,1562.07,3,63.12,12.51,0,0,0
3.2,12,travel,mobile_android,30.24,europe,245.34,4,69.51,0.58,0,0,0
42.2,10,travel,mobile_ios,419.6,europe,1378.05,2,34.07,12.67,0,0,0
26.93,15,online,mobile_android,623.15,north_america,1049.91,3,57.4,0.74,0,0,0
87.86,7,online,mobile_android,860.6,north_america,1732.81,2,54.91,20.27,0,0,0
6.11,10,retail,desktop_windows,669.71,asia_pacific,1688.38,2,27.16,8.95,0,0,0
21.14,10,online,mobile_android,309.3,europe,1313.08,7,55.09,9.4,0,0,0
12.22,7,online,desktop_windows,61.03,latin_america,70.97,3,65.35,5.69,0,0,0
20.22,7,food,mobile_android,168.79,north_america,1007.19,3,63.68,2.8,0,0,0
5.13,1,luxury,mobile_ios,666.46,latin_america,486.32,1,88.66,5.57,0,0,0
27.87,19,retail,desktop_windows,945.26,north_america,1333.91,2,37.23,35.94,0,1,0
75.73,8,food,mobile_ios,807.33,europe,366.78,5,81.83,15.0,0,0,0
153.18,11,entertainment,desktop_mac,596.34,north_america,296.2,4,67.34,3.11,0,0,0
49.49,21,electronics,mobile_ios,80.7,europe,1277.23,3,53.5,6.11,0,0,0
74.06,14,retail,mobile_ios,514.07,latin_america,897.5,4,49.08,3.7,0,0,0
16.2,9,food,mobile_ios,35.16,north_america,780.08,2,65.13,0.4,0,0,0
46.63,11,luxury,desktop_windows,598.28,north_america,394.1,1,54.95,9.67,0,0,0
57.05,14,food,mobile_ios,541.8,north_america,821.94,2,44.62,11.97,0,0,0
74.9,11,utilities,mobile_ios,442.79,europe,225.62,4,54.41,5.74,1,0,0
39.49,13,entertainment,mobile_android,178.35,europe,568.23,2,42.8,2.49,0,0,0
18.46,15,online,mobile_android,44.81,asia_pacific,565.97,1,63.07,13.15,0,0,0
42.91,19,utilities,mobile_ios,469.66,north_america,987.08,2,57.29,43.2,0,0,0
102.19,14,food,mobile_android,557.85,europe,1368.42,5,55.27,6.57,0,1,0
30.48,19,retail,desktop_windows,215.55,europe,737.05,0,47.48,3.27,0,0,0
4.94,7,retail,desktop_mac,107.2,middle_east,1361.09,4,57.27,17.34,0,0,0
48.47,5,food,mobile_android,337.1,europe,118.57,1,47.74,1.94,0,0,0
16.18,9,retail,mobile_android,435.9,north_america,1127.57,4,47.88,20.25,0,0,0
17.63,7,food,mobile_ios,294.96,north_america,1979.02,1,71.81,16.48,0,0,0
9.18,5,electronics,mobile_ios,993.37,north_america,164.17,2,48.16,9.58,0,0,0
13.31,10,retail,mobile_android,228.37,asia_pacific,143.83,4,43.92,6.89,0,0,0
86.19,11,electronics,mobile_ios,170.93,europe,66.8,4,54.95,21.11,0,0,0
3.24,14,travel,mobile_ios,707.68,europe,1114.37,3,56.97,19.15,0,0,0
2.34,9,retail,mobile_android,976.79,europe,1658.25,5,77.05,0.86,0,0,0
85.68,20,electronics,desktop_mac,481.08,north_america,183.82,4,48.58,35.43,0,0,0
72.87,23,retail,mobile_android,826.93,latin_america,1964.55,3,36.2,11.5,0,0,0
10.75,10,retail,mobile_ios,664.09,asia_pacific,1143.06,6,32.44,9.28,0,0,0
9.88,17,retail,desktop_mac,897.27,europe,999.63,3,40.14,17.94,0,0,0
2.48,1,online,mobile_android,707.17,latin_america,687.91,1,65.25,8.19,0,0,0
98.03,9,retail,mobile_ios,394.23,europe,1126.36,3,49.1,8.32,0,0,0
56.06,8,electronics,desktop_windows,898.94,north_america,366.98,2,80.46,0.39,0,0,0
45.84,17,food,mobile_ios,934.67,latin_america,1644.92,5,43.78,18.51,0,1,0
79.7,12,travel,mobile_android,361.46,europe,1542.27,1,74.82,2.94,0,0,0
4.48,13,electronics,mobile_android,629.8,europe,217.9,8,5.0,90.08,0,0,0
61.49,6,food,mobile_ios,263.77,asia_pacific,1532.33,2,61.9,14.15,0,0,0
9.42,8,electronics,mobile_ios,893.59,europe,1244.85,6,55.96,12.12,1,0,0
430.26,19,electronics,mobile_ios,39.94,asia_pacific,162.82,7,32.34,34.97,0,0,1
125.62,12,travel,mobile_ios,294.29,europe,617.47,2,64.69,2.97,0,1,0
433.33,1,luxury,unknown,1.77,middle_east,45.41,6,38.13,157.77,0,0,1
6.92,6,retail,mobile_android,944.63,latin_america,1047.68,5,20.27,25.8,0,0,0
20.59,15,food,mobile_android,230.63,north_america,714.42,4,44.3,15.4,0,2,0
73.73,11,utilities,mobile_android,483.81,north_america,1303.77,0,59.38,16.97,0,0,0
28.74,4,electronics,unknown,132.35,europe,1560.94,5,49.04,1.77,0,0,0
14.35,14,retail,mobile_android,254.9,north_america,378.38,3,54.88,14.15,0,0,0
8.02,14,food,mobile_ios,639.86,asia_pacific,105.59,3,60.1,34.96,1,0,0
67.08,10,electronics,desktop_mac,126.93,north_america,1869.04,5,64.77,18.75,0,0,0
2.54,12,electronics,desktop_mac,130.05,asia_pacific,349.25,4,78.7,14.47,0,0,0
73.43,10,food,desktop_windows,749.93,europe,932.38,2,59.84,9.76,0,0,0
27.35,11,entertainment,desktop_windows,332.42,latin_america,451.49,4,68.05,6.78,0,0,0
65.5,19,travel,mobile_ios,292.83,north_america,1408.24,3,43.19,1.13,0,0,0
96.14,8,travel,mobile_ios,341.31,north_america,1735.08,3,49.59,11.89,0,0,0
10.26,10,online,mobile_ios,362.2,europe,1210.95,3,59.09,27.25,0,0,0
27.41,16,entertainment,mobile_ios,441.76,europe,1957.12,3,59.25,5.87,0,0,0
7.37,9,food,mobile_android,198.79,europe,1249.98,3,26.43,30.75,0,0,0
30.88,8,retail,tablet,33.61,asia_pacific,1580.38,6,58.88,0.12,0,0,0
55.51,4,entertainment,mobile_android,362.0,north_america,1511.29,2,38.15,9.88,0,0,0
8.23,12,travel,mobile_ios,846.55,europe,310.14,2,66.27,11.36,0,0,0
59.53,16,retail,mobile_ios,611.31,asia_pacific,188.85,2,57.28,2.46,0,1,0
15.09,18,food,mobile_ios,904.44,north_america,1173.87,2,28.18,0.55,0,0,0
4.38,11,electronics,desktop_mac,181.08,north_america,812.42,1,69.23,0.61,0,0,0
26.47,15,food,mobile_android,382.98,asia_pacific,1254.74,1,41.86,4.1,0,0,0
12.57,15,retail,mobile_android,166.43,europe,1344.07,4,59.84,36.29,0,0,0
43.46,11,entertainment,mobile_android,521.72,north_america,149.1,4,29.4,0.26,0,0,0
28.93,9,online,mobile_android,523.06,africa,422.2,0,53.75,21.4,0,0,0
135.97,8,electronics,mobile_ios,537.46,europe,831.06,1,71.3,5.52,0,0,0
2.08,6,food,mobile_ios,239.17,north_america,869.99,2,57.8,7.79,0,0,0
89.18,12,retail,mobile_android,414.36,europe,1632.99,4,66.22,4.24,0,0,0
77.17,16,electronics,mobile_android,432.4,europe,1634.22,4,57.4,5.68,0,0,0
63.85,2,retail,mobile_android,281.26,europe,202.32,5,51.05,12.25,1,0,0
4.2,11,retail,desktop_mac,962.79,asia_pacific,436.99,3,62.54,0.43,0,0,0
91.81,15,online,desktop_mac,130.66,middle_east,1142.62,3,80.19,6.6,0,0,0
2.41,10,retail,mobile_android,333.97,north_america,1239.46,2,50.76,7.44,0,0,0
72.57,15,travel,mobile_android,618.32,north_america,1769.77,2,74.0,35.53,0,0,0
130.14,13,utilities,desktop_windows,867.67,asia_pacific,1068.97,1,48.92,31.57,0,0,0
18.2,16,online,mobile_ios,166.64,north_america,312.58,3,71.55,36.0,0,0,0
103.23,6,electronics,mobile_android,296.65,north_america,533.05,0,60.61,5.5,0,0,0
431.19,9,food,tablet,39.12,middle_east,69.7,8,31.3,244.48,0,2,1
53.13,22,travel,mobile_ios,547.71,asia_pacific,1131.3,4,54.98,2.9,0,0,0
62.7,7,food,desktop_mac,337.18,north_america,208.64,8,62.57,24.13,0,0,0
309.37,8,retail,mobile_ios,398.79,latin_america,1804.72,3,65.43,5.14,0,0,0
12.24,16,entertainment,mobile_ios,182.06,asia_pacific,1831.7,3,36.27,1.8,0,0,0
8.99,16,online,mobile_android,250.94,north_america,272.86,3,60.73,13.65,0,0,0
26.49,8,electronics,mobile_android,342.67,europe,793.65,0,76.43,1.83,0,0,0
11.52,10,retail,mobile_ios,164.49,asia_pacific,1518.49,3,56.28,21.39,0,0,0
16.47,14,online,mobile_ios,457.97,europe,716.96,2,85.49,28.02,0,0,0
197.92,19,electronics,mobile_android,224.33,middle_east,186.19,4,84.03,8.45,0,0,0
589.18,13,travel,unknown,38.16,europe,152.32,9,93.56,273.44,1,2,1
2.87,16,luxury,desktop_windows,35.6,africa,955.62,5,43.84,25.46,0,0,0
5.49,10,electronics,tablet,47.97,north_america,1532.43,2,38.97,16.49,0,0,0
15.66,8,travel,desktop_windows,483.77,latin_america,868.34,2,71.16,2.2,0,0,0
26.1,19,food,mobile_android,875.4,europe,1366.44,3,34.04,8.0,0,1,0
45.01,12,utilities,mobile_ios,470.47,europe,740.26,3,49.57,3.62,0,0,0
207.26,20,food,mobile_android,575.81,asia_pacific,1574.59,2,55.98,5.7,0,0,0
55.33,10,electronics,mobile_ios,118.31,europe,1379.61,4,33.24,3.21,0,0,0
69.41,14,entertainment,mobile_android,674.86,north_america,479.9,2,25.67,15.96,0,0,0
107.4,8,retail,mobile_android,274.51,middle_east,613.09,2,65.02,2.04,0,0,0
5.08,10,retail,desktop_windows,586.2,europe,1283.02,2,76.02,13.34,0,0,0
2.25,2,entertainment,mobile_android,324.12,north_america,76.2,1,44.99,0.24,0,0,0
28.49,3,travel,mobile_ios,435.83,europe,876.12,2,72.37,0.28,0,0,0
182.96,12,electronics,mobile_ios,301.73,middle_east,1874.21,4,54.39,1.28,0,0,0
29.26,13,retail,mobile_ios,144.4,europe,1698.15,1,35.51,1.21,0,0,0
252.35,6,retail,desktop_mac,221.05,europe,1936.6,4,55.77,26.04,0,0,0
38.26,23,online,mobile_ios,425.65,middle_east,644.76,8,40.95,0.92,0,0,0
3.28,19,food,mobile_android,620.31,north_america,699.84,2,60.74,2.42,0,0,0
10.0,0,travel,mobile_android,748.1,asia_pacific,1598.12,5,58.02,3.52,0,1,0
38.25,6,retail,desktop_mac,453.67,north_america,1526.08,2,77.91,9.27,0,0,0
107.23,11,electronics,tablet,669.09,europe,1459.96,1,71.7,8.28,0,0,0
37.23,8,retail,mobile_ios,833.53,north_america,1727.71,6,58.79,0.67,0,0,0
43.89,10,retail,mobile_ios,898.25,latin_america,832.04,5,83.68,11.22,0,0,0
47.59,13,travel,mobile_ios,102.02,north_america,1452.38,4,60.33,0.75,0,0,0
20.7,4,travel,mobile_android,496.51,asia_pacific,469.41,5,59.66,15.44,0,0,0
172.6,8,retail,mobile_ios,411.91,latin_america,496.61,7,51.45,6.34,0,0,0
195.76,21,retail,mobile_android,618.03,middle_east,813.55,3,73.2,15.58,0,0,0
30.59,8,retail,mobile_ios,992.26,north_america,1819.81,2,54.26,0.05,0,0,0
251.68,8,retail,mobile_android,365.72,asia_pacific,940.63,1,54.65,29.08,0,0,0
50.21,17,electronics,unknown,519.29,north_america,526.23,4,38.58,25.23,0,0,0
41.1,17,utilities,mobile_ios,681.23,north_america,1510.69,2,58.98,19.81,0,0,0
57.59,11,electronics,mobile_android,344.18,north_america,350.37,4,72.92,0.04,0,0,0
17.25,17,retail,mobile_android,415.71,north_america,1729.57,5,31.2,0.3,0,0,0
3.35,19,electronics,mobile_ios,458.89,north_america,969.89,2,30.98,11.23,0,0,0
96.84,7,online,mobile_ios,798.24,north_america,1741.73,5,54.29,11.09,0,0,0
17.28,6,online,mobile_ios,911.18,europe,534.69,2,60.81,8.07,0,0,0
40.22,5,retail,mobile_android,102.84,asia_pacific,888.31,6,56.6,0.09,0,1,0
17.97,10,online,mobile_android,409.71,asia_pacific,400.69,3,50.84,11.52,0,0,0
66.36,19,utilities,mobile_ios,813.91,latin_america,983.23,2,50.26,0.6,0,0,0
7.8,7,travel,mobile_android,877.06,latin_america,1665.31,3,49.98,17.87,1,0,0
29.34,7,electronics,mobile_android,303.47,europe,1497.17,2,46.6,23.93,0,0,0
62.15,3,travel,desktop_mac,171.64,north_america,1912.52,2,65.52,20.66,0,0,0
19.05,9,online,mobile_android,424.37,middle_east,1604.91,1,43.55,4.67,0,0,0
12.35,9,entertainment,mobile_ios,51.47,europe,1560.86,4,60.95,10.62,0,0,0
26.77,8,electronics,mobile_ios,126.0,latin_america,1701.92,4,70.5,13.49,0,0,0
61.83,5,electronics,mobile_android,749.35,asia_pacific,1784.94,4,45.22,3.39,0,0,0
176.25,2,electronics,mobile_android,731.87,north_america,1492.09,2,26.44,12.87,0,0,0
24.08,14,electronics,mobile_ios,923.81,middle_east,768.2,2,33.36,14.48,0,0,0
45.38,11,entertainment,mobile_ios,524.46,asia_pacific,1092.03,2,29.55,15.14,0,0,0
13.28,8,utilities,desktop_mac,586.29,north_america,352.43,2,69.34,35.68,0,0,0
31.53,15,food,mobile_ios,998.47,north_america,1919.87,1,23.86,1.17,0,0,0
67.91,11,travel,mobile_android,233.23,asia_pacific,1755.67,5,43.84,6.38,0,0,0
84.75,16,retail,mobile_ios,799.73,north_america,265.21,3,47.68,6.08,0,0,0
27.15,12,online,mobile_android,342.01,middle_east,1226.09,1,60.47,3.64,0,1,0
49.43,10,retail,mobile_android,754.34,asia_pacific,1802.56,1,83.92,6.38,0,0,0
18.44,13,electronics,mobile_android,565.46,europe,1508.64,3,55.69,0.0,0,0,0
13.39,12,food,mobile_ios,918.46,asia_pacific,578.65,2,75.46,1.3,0,0,0
8.81,8,food,mobile_android,193.99,europe,873.25,3,78.58,11.1,0,0,0
15.41,16,food,mobile_android,863.88,north_america,293.54,4,48.12,2.05,0,0,0
74.55,18,retail,mobile_android,628.83,africa,594.92,3,33.57,6.24,0,0,0
84.99,8,travel,mobile_android,47.42,asia_pacific,1187.8,2,67.95,10.13,0,0,0
50.39,12,electronics,mobile_android,724.19,asia_pacific,668.93,3,62.95,15.73,0,0,0
166.62,8,electronics,desktop_mac,472.64,middle_east,241.26,3,69.68,2.62,0,2,0
280.42,14,electronics,mobile_ios,226.9,europe,893.33,7,43.07,13.66,0,0,0
41.65,15,electronics,mobile_ios,767.88,asia_pacific,1598.87,4,61.28,0.53,0,0,0
87.2,13,travel,desktop_windows,388.79,europe,1405.65,3,55.92,2.59,1,0,0
62.44,17,travel,mobile_android,171.26,latin_america,1088.0,3,68.27,22.87,0,0,0
26.9,11,travel,mobile_android,613.05,europe,1147.41,1,84.75,7.65,0,0,0
6.6,8,entertainment,mobile_ios,902.27,europe,577.11,2,76.67,4.45,0,0,0
213.55,17,electronics,mobile_android,627.16,north_america,545.72,2,66.27,54.9,0,1,0
98.43,4,online,mobile_android,450.71,north_america,1615.73,4,46.39,0.8,0,0,0
62.95,16,retail,mobile_ios,326.28,north_america,633.03,3,39.96,33.04,0,0,0
79.16,15,entertainment,mobile_android,882.17,asia_pacific,1795.74,4,35.26,36.26,0,0,0
5.5,10,travel,desktop_windows,576.23,europe,699.68,1,66.5,1.65,0,0,0
7.44,10,food,mobile_android,178.76,north_america,1377.33,0,30.89,3.82,0,0,0
42.26,7,online,desktop_windows,697.64,north_america,1381.47,3,66.36,15.6,0,0,0
63.56,21,retail,mobile_ios,840.42,europe,1106.64,1,53.56,8.14,0,1,0
122.46,14,food,mobile_ios,310.5,north_america,1920.27,5,41.04,1.52,0,0,0
31.73,10,travel,mobile_android,284.75,europe,660.96,2,39.72,9.02,1,0,0
94.53,17,retail,mobile_android,207.95,asia_pacific,1787.21,4,59.31,11.57,0,0,0
46.64,9,food,desktop_mac,112.64,north_america,1224.24,2,45.02,2.13,0,0,0
112.54,10,retail,mobile_android,504.52,asia_pacific,827.6,1,50.4,11.43,0,0,0
154.45,5,entertainment,mobile_android,616.13,europe,1196.87,4,40.15,2.69,0,0,0
81.0,9,utilities,mobile_android,712.82,asia_pacific,252.17,3,51.22,7.1,0,0,0
153.2,14,food,mobile_ios,167.36,asia_pacific,1516.8,0,49.04,5.22,0,0,0
9.15,18,food,mobile_android,691.02,asia_pacific,1514.08,4,72.54,1.91,0,0,0
97.52,6,retail,mobile_android,901.68,latin_america,468.22,3,69.17,50.94,0,0,0
55.98,6,entertainment,mobile_android,245.97,europe,420.86,6,47.68,34.62,0,0,0
86.88,10,online,desktop_windows,856.33,north_america,1241.28,1,58.99,2.97,0,0,0
131.94,12,food,desktop_windows,779.35,north_america,669.63,2,58.92,7.58,0,0,0
42.01,9,electronics,tablet,473.51,africa,765.44,4,37.37,39.36,0,0,0
81.25,15,travel,mobile_android,516.02,asia_pacific,751.45,2,32.06,4.59,0,0,0
56.5,11,luxury,mobile_android,438.74,europe,387.02,0,67.98,0.67,0,0,0
16.07,21,food,desktop_mac,647.94,north_america,167.94,3,41.15,6.18,0,0,0
47.84,10,online,mobile_ios,858.02,asia_pacific,1263.88,2,39.69,9.28,0,0,0
128.65,1,retail,mobile_android,978.38,asia_pacific,1249.36,2,65.15,20.6,0,0,0
16.73,14,retail,mobile_android,621.16,europe,708.38,2,81.28,9.34,0,0,0
151.74,9,retail,mobile_ios,444.1,latin_america,1009.19,2,64.16,12.96,0,0,0
82.45,8,utilities,desktop_windows,711.03,north_america,1442.4,2,44.93,3.87,0,0,0
29.66,14,travel,mobile_android,331.28,europe,130.95,4,39.46,18.44,0,2,0
6.68,22,retail,mobile_android,581.42,europe,634.29,10,79.91,1.48,1,0,0
52.27,10,online,mobile_android,500.72,north_america,1493.33,4,73.12,1.33,0,1,0
2.86,6,retail,mobile_ios,785.02,north_america,598.86,2,50.2,1.8,0,0,0
20.18,16,electronics,mobile_ios,954.53,europe,1271.21,4,44.62,13.18,0,0,0
34.54,9,electronics,mobile_android,449.42,africa,895.59,1,61.26,27.33,1,0,0
58.42,10,retail,mobile_ios,695.78,europe,761.27,3,57.58,8.85,0,0,0
111.72,13,utilities,mobile_android,312.49,europe,1338.14,4,46.39,5.01,0,1,0
15.19,5,travel,desktop_windows,459.65,north_america,144.19,3,51.09,2.7,0,0,0
77.39,21,retail,mobile_ios,44.55,north_america,555.15,5,52.54,16.93,0,0,0
61.02,8,utilities,mobile_ios,169.52,north_america,1141.86,9,68.94,29.69,0,0,0
29.16,7,online,desktop_mac,534.56,latin_america,887.51,4,55.27,26.79,0,0,0
94.24,17,online,mobile_android,556.09,asia_pacific,980.97,4,62.73,34.37,0,0,0
92.85,17,food,unknown,981.23,latin_america,1972.13,0,58.84,32.26,0,0,0
178.92,8,travel,mobile_ios,347.74,north_america,1540.82,1,69.86,3.26,0,0,0
55.24,16,retail,mobile_android,598.6,north_america,512.12,3,60.34,1.24,0,0,0
28.56,17,travel,mobile_android,775.41,north_america,615.9,1,79.04,36.35,0,0,0
123.76,18,food,mobile_android,189.79,middle_east,272.29,2,57.21,9.48,0,0,0
285.36,7,entertainment,mobile_ios,213.2,north_america,566.02,2,52.76,11.31,0,0,0
79.91,12,food,desktop_mac,616.8,europe,1327.91,3,38.74,1.92,0,0,0
172.96,9,luxury,desktop_windows,567.32,north_america,95.76,2,45.93,14.41,0,0,0
44.89,13,online,mobile_ios,924.07,europe,190.03,2,66.7,6.46,0,2,0
4.48,3,retail,mobile_android,57.49,latin_america,257.05,1,65.71,3.9,0,0,0
24.05,10,electronics,mobile_android,521.35,north_america,734.48,6,73.39,1.91,0,0,0
122.62,12,food,mobile_ios,140.53,north_america,449.69,5,61.84,9.04,0,0,0
8.4,12,food,mobile_ios,319.5,europe,1707.2,1,65.98,2.98,0,0,0
2.78,8,travel,mobile_android,933.99,latin_america,1042.53,4,63.98,14.68,1,0,0
37.35,10,retail,mobile_android,48.6,north_america,858.01,4,36.69,11.82,1,0,0
68.72,14,electronics,mobile_ios,807.37,north_america,1350.25,5,60.14,3.58,0,0,0
54.68,4,food,mobile_android,551.05,latin_america,127.72,2,46.55,4.35,0,0,0
54.93,13,retail,desktop_windows,359.03,latin_america,1919.2,1,41.96,2.24,0,0,0
65.51,15,electronics,desktop_windows,740.48,north_america,1118.66,3,66.7,31.64,0,0,0
85.4,10,food,desktop_windows,254.01,middle_east,273.13,4,51.82,0.78,1,1,0
385.33,21,travel,mobile_ios,528.61,north_america,427.31,1,78.59,3.95,0,0,0
21.2,14,food,mobile_android,968.2,north_america,1141.25,3,69.43,5.51,0,0,0
54.54,18,online,desktop_mac,621.42,europe,199.31,4,78.34,3.77,0,0,0
5.02,11,food,mobile_ios,205.01,north_america,1601.04,0,45.22,0.34,0,1,0
49.02,14,food,mobile_ios,671.68,north_america,222.87,4,47.81,3.57,0,0,0
33.64,12,food,mobile_android,453.13,europe,1247.57,3,57.05,3.15,0,0,0
2.98,15,retail,mobile_ios,980.52,north_america,1933.31,5,44.99,8.64,0,0,0
11.21,14,online,mobile_ios,420.23,north_america,106.49,3,48.75,25.03,0,0,0
87.84,23,travel,mobile_ios,950.6,europe,425.49,4,73.05,34.51,0,0,0
20.45,16,entertainment,mobile_android,688.19,europe,1920.07,2,40.59,5.01,1,1,0
45.92,16,retail,desktop_windows,89.66,latin_america,575.14,6,26.65,13.09,0,0,0
13.39,7,food,mobile_android,279.64,north_america,100.79,5,57.54,9.48,0,0,0
108.19,9,food,mobile_android,796.55,north_america,524.61,3,10.03,1.09,0,0,0
54.23,19,retail,mobile_android,645.03,north_america,1172.05,1,51.55,32.73,0,0,0
2.0,1,electronics,tablet,464.73,middle_east,1157.19,1,75.65,18.71,0,2,0
42.4,5,luxury,desktop_mac,205.78,africa,1959.72,4,63.2,21.38,0,0,0
249.42,11,retail,desktop_windows,915.21,north_america,1129.0,2,32.81,0.9,0,0,0
58.27,15,travel,mobile_android,821.74,north_america,836.43,2,57.82,9.16,0,0,0
76.49,16,utilities,mobile_android,516.09,north_america,392.74,5,54.81,19.4,0,0,0
3.66,17,online,mobile_android,478.28,north_america,1867.89,1,53.9,0.53,0,0,0
2.61,9,electronics,mobile_android,436.2,north_america,1230.39,4,72.91,36.65,0,0,0
6.02,0,food,mobile_android,721.22,asia_pacific,1779.87,3,74.77,4.61,0,0,0
51.65,18,electronics,mobile_android,457.53,europe,398.62,2,80.41,4.27,0,0,0
10.66,12,food,mobile_android,356.81,north_america,1652.11,4,50.69,30.81,0,0,0
13.05,6,entertainment,mobile_ios,518.12,north_america,1834.45,6,76.07,0.95,0,0,0
1.73,17,retail,mobile_ios,50.98,europe,1058.65,3,43.1,2.31,0,0,0
28.12,16,entertainment,mobile_android,739.75,latin_america,1402.13,3,39.97,2.12,0,0,0
31.37,19,food,mobile_ios,470.54,north_america,942.8,4,48.1,0.68,0,0,0
25.77,6,travel,desktop_windows,96.69,europe,532.3,2,37.09,22.26,0,0,0
89.79,18,luxury,mobile_android,117.49,europe,1456.15,2,84.06,22.85,0,0,0
18.28,6,electronics,mobile_ios,789.79,asia_pacific,1542.59,1,58.32,22.22,0,0,0
21.12,10,electronics,mobile_android,545.39,north_america,1765.38,3,72.57,45.67,0,0,0
90.41,9,food,desktop_mac,682.1,asia_pacific,892.35,2,53.99,23.16,0,0,0
7.79,15,electronics,mobile_ios,818.54,asia_pacific,169.83,6,50.49,0.51,0,0,0
85.42,14,food,mobile_ios,862.62,north_america,76.11,4,59.71,1.55,0,0,0
215.07,10,utilities,mobile_ios,717.91,asia_pacific,295.94,6,60.4,11.58,1,0,0
9.4,10,retail,mobile_ios,398.75,north_america,1441.76,3,68.92,4.51,0,0,0
491.35,8,food,mobile_ios,453.92,europe,856.05,3,36.14,2.6,0,0,0
19.49,14,entertainment,mobile_ios,966.68,asia_pacific,819.95,4,36.72,3.14,0,0,0
82.08,10,retail,desktop_mac,885.4,north_america,185.66,6,56.1,47.74,0,0,0
53.54,13,online,mobile_ios,298.71,north_america,1234.81,3,43.06,0.92,0,0,0
72.25,10,online,mobile_ios,519.61,north_america,1390.7,1,38.04,3.16,0,0,0
114.51,13,retail,mobile_ios,667.48,north_america,1874.39,2,45.74,6.42,0,0,0
6.74,15,online,mobile_android,803.87,europe,762.85,1,69.06,4.43,0,0,0
81.34,9,entertainment,desktop_windows,382.29,asia_pacific,620.49,1,38.5,8.44,0,0,0
24.55,19,online,mobile_android,780.72,north_america,1731.04,2,59.41,77.14,0,0,0
6.35,11,electronics,mobile_ios,309.24,north_america,1155.02,2,89.89,2.09,1,0,0
23.3,6,retail,desktop_mac,344.58,latin_america,1909.39,3,70.89,2.83,0,0,0
44.7,12,travel,desktop_windows,775.35,north_america,273.44,2,30.28,6.1,0,0,0
93.28,6,retail,mobile_android,973.95,asia_pacific,1749.37,1,59.23,23.83,0,0,0
111.71,17,online,mobile_android,546.03,north_america,94.5,8,50.49,22.06,0,1,0
26.74,18,retail,mobile_android,423.45,europe,1382.14,0,55.01,48.98,0,0,0
41.33,12,entertainment,mobile_android,73.53,europe,756.78,3,57.52,6.16,0,0,0
61.16,17,retail,mobile_android,136.0,asia_pacific,1407.05,1,83.75,35.62,0,0,0
6.32,10,retail,mobile_android,355.49,europe,672.05,3,37.64,18.71,0,0,0
59.39,1,online,mobile_ios,468.62,europe,1915.73,3,47.02,13.81,1,0,0
9.83,21,electronics,mobile_ios,510.94,latin_america,411.09,1,52.64,23.21,0,0,0
9.83,18,electronics,mobile_ios,596.7,north_america,1756.68,4,20.04,9.17,0,0,0
101.85,13,online,mobile_ios,483.73,africa,253.54,0,47.92,55.47,0,0,0
38.06,9,travel,mobile_android,698.44,north_america,356.15,4,48.1,0.96,0,1,0
4.57,8,food,mobile_ios,133.71,north_america,238.36,3,53.53,37.51,0,0,0
82.64,11,retail,mobile_ios,452.97,north_america,1882.59,3,41.78,1.63,0,0,0
61.75,14,entertainment,mobile_android,607.5,north_america,1190.15,2,59.74,2.25,0,0,0
6.35,15,luxury,mobile_ios,336.18,latin_america,1231.07,8,49.0,36.4,0,0,0
55.78,10,electronics,unknown,480.75,europe,542.46,4,58.69,10.36,0,0,0
6.52,12,online,desktop_windows,433.31,latin_america,403.52,4,65.62,10.97,0,0,0
34.97,9,food,tablet,781.64,latin_america,240.92,6,47.4,51.03,0,0,0
122.77,20,retail,tablet,357.62,north_america,219.76,3,64.82,0.77,0,0,0
76.23,10,electronics,mobile_android,152.86,north_america,1273.64,3,52.45,28.15,0,0,0
11.18,13,retail,mobile_android,626.1,asia_pacific,1290.06,1,26.41,32.84,0,0,0
6.9,3,retail,mobile_ios,950.19,latin_america,1092.39,5,35.38,15.15,0,0,0
18.04,18,online,mobile_ios,52.76,middle_east,1328.37,2,40.35,26.84,0,1,0
67.81,11,retail,desktop_mac,353.24,latin_america,1919.86,2,56.53,18.36,1,0,0
134.56,16,online,mobile_ios,465.65,europe,1562.96,4,67.48,23.44,0,0,0
35.81,9,retail,mobile_android,73.43,asia_pacific,826.45,2,60.63,6.73,0,0,0
16.58,13,utilities,mobile_ios,673.02,north_america,728.33,3,43.04,1.85,0,0,0
148.81,11,food,mobile_ios,237.39,north_america,530.12,2,53.38,0.07,0,0,0
1.79,3,entertainment,tablet,117.13,asia_pacific,1106.11,6,30.82,10.88,0,0,0
15.92,17,retail,mobile_ios,107.26,asia_pacific,1958.21,2,58.07,14.45,1,0,0
174.61,9,online,mobile_ios,421.99,north_america,347.71,3,54.06,11.27,0,0,0
9.48,17,utilities,mobile_ios,371.86,europe,1792.02,2,21.15,10.76,0,0,0
12.76,20,online,desktop_mac,200.91,europe,973.27,2,40.0,4.76,0,0,0
37.11,6,entertainment,mobile_ios,781.61,north_america,636.76,0,52.21,12.72,0,0,0
27.79,16,food,mobile_android,203.8,north_america,333.18,1,47.61,63.33,0,0,0
331.22,18,online,unknown,40.69,middle_east,56.77,5,44.71,216.29,0,2,1
259.37,18,electronics,desktop_mac,330.04,europe,902.78,1,59.62,25.91,0,0,0
34.33,14,food,mobile_ios,824.53,europe,1036.34,3,44.66,19.47,0,0,0
109.47,20,retail,mobile_android,801.22,north_america,844.37,3,77.59,1.02,1,0,0
34.25,10,retail,mobile_ios,47.49,north_america,1576.54,0,57.34,0.02,0,0,0
26.04,13,travel,mobile_android,768.89,north_america,1450.76,0,54.05,62.39,0,1,0
4.56,9,food,mobile_ios,822.37,north_america,201.0,2,60.64,22.76,0,0,0
137.26,6,food,mobile_android,962.65,north_america,1102.01,5,62.93,17.27,0,1,0
1321.65,12,electronics,desktop_mac,23.47,latin_america,63.21,13,60.69,58.11,0,2,1
28.77,12,retail,mobile_android,292.27,europe,1031.47,3,50.61,14.38,0,0,0
58.57,16,retail,desktop_windows,308.06,north_america,937.08,6,90.11,7.71,0,0,0
59.99,13,online,mobile_android,340.06,north_america,162.48,5,48.24,0.29,0,0,0
30.96,16,travel,mobile_ios,353.37,latin_america,399.94,5,48.55,3.15,0,0,0
126.96,6,utilities,desktop_windows,855.94,europe,1352.63,3,49.82,4.47,0,0,0
77.21,18,utilities,mobile_ios,859.75,north_america,750.81,6,56.18,2.89,0,0,0
62.9,17,retail,mobile_android,152.35,latin_america,1273.27,2,39.69,17.21,0,0,0
10.11,15,retail,mobile_ios,156.44,north_america,719.05,1,49.61,32.08,0,0,0
37.54,7,retail,mobile_ios,336.88,europe,1353.08,4,54.76,23.35,0,0,0
21.11,16,luxury,mobile_ios,455.51,north_america,1421.36,1,61.05,7.79,0,0,0
114.69,13,food,mobile_ios,195.64,north_america,1012.67,5,55.77,22.87,0,0,0
110.54,9,retail,mobile_ios,430.38,asia_pacific,1634.13,2,48.33,5.9,0,0,0
227.79,13,travel,mobile_android,274.84,europe,859.02,4,48.21,15.75,0,0,0
24.6,15,electronics,desktop_windows,282.85,europe,182.29,5,72.35,36.34,0,0,0
56.07,14,retail,mobile_ios,531.16,north_america,1870.94,3,26.25,3.81,0,0,0
85.46,8,retail,mobile_android,635.04,asia_pacific,729.06,2,38.35,2.69,0,0,0
26.82,12,retail,mobile_ios,395.1,north_america,845.03,2,31.85,8.68,0,0,0
88.98,13,electronics,mobile_android,219.7,north_america,994.9,5,42.77,6.53,0,0,0
2.44,9,food,mobile_android,610.24,asia_pacific,1721.37,4,38.13,19.15,0,1,0
19.64,9,online,mobile_android,41.05,north_america,1735.9,6,74.95,2.81,0,0,0
37.78,13,retail,mobile_android,938.84,europe,1214.24,2,42.47,2.92,0,1,0
64.14,12,retail,mobile_ios,637.46,north_america,539.46,6,45.49,21.02,0,0,0
167.25,6,entertainment,mobile_android,197.43,north_america,851.39,3,44.49,8.61,0,0,0
119.85,5,food,mobile_ios,435.46,north_america,130.33,3,47.43,15.44,0,0,0
3.26,8,electronics,mobile_android,919.59,north_america,627.89,1,34.46,7.91,0,0,0
47.76,1,electronics,desktop_mac,526.12,north_america,1949.44,2,55.16,21.7,0,0,0
125.01,14,retail,mobile_android,120.49,north_america,1072.82,3,37.55,0.56,0,0,0
22.94,17,online,mobile_ios,420.09,middle_east,1720.82,4,80.49,0.85,0,0,0
10.95,21,utilities,mobile_ios,741.33,north_america,1674.52,2,37.31,7.74,0,0,0
171.29,17,food,desktop_mac,674.15,latin_america,695.44,1,54.52,37.65,0,0,0
5.62,7,electronics,mobile_ios,147.63,north_america,1570.09,4,48.34,2.68,0,0,0
44.32,12,food,desktop_mac,365.45,europe,1183.14,2,62.17,5.12,0,0,0
23.08,17,retail,mobile_ios,311.58,europe,1992.22,2,63.64,6.28,0,0,0
38.94,22,utilities,desktop_windows,770.7,north_america,1544.32,2,51.49,17.82,0,0,0
101.21,3,entertainment,mobile_ios,416.21,north_america,946.38,5,44.83,3.38,0,0,0
153.97,11,entertainment,mobile_android,853.3,europe,1060.16,2,55.23,0.92,0,0,0
19.82,9,entertainment,tablet,664.05,europe,1098.92,3,51.35,2.9,0,0,0
47.67,18,entertainment,mobile_ios,655.51,africa,1182.68,1,41.49,0.36,0,0,0
8.96,7,online,desktop_windows,778.87,asia_pacific,587.84,5,61.63,20.99,1,0,0
58.78,13,travel,mobile_ios,995.74,asia_pacific,944.84,4,50.35,7.41,0,2,0
121.67,10,food,desktop_windows,509.19,europe,161.24,2,61.96,71.92,0,0,0
56.99,11,travel,mobile_ios,287.08,latin_america,1810.26,4,47.41,13.21,0,0,0
2.29,5,travel,mobile_android,126.67,north_america,1217.53,3,57.28,10.4,0,0,0
117.05,8,utilities,mobile_ios,258.93,north_america,403.79,2,55.01,42.34,0,0,0
45.05,16,retail,mobile_android,412.26,north_america,160.39,1,29.31,18.87,0,0,0
41.19,8,retail,mobile_ios,72.59,north_america,1723.38,1,35.58,10.79,1,0,0
32.7,8,electronics,mobile_android,636.2,asia_pacific,217.68,5,48.27,1.36,0,0,0
59.99,10,entertainment,mobile_ios,383.87,north_america,420.75,2,67.57,13.22,1,0,0
180.7,12,food,tablet,583.73,middle_east,585.2,0,30.65,1.56,0,0,0
63.22,12,utilities,mobile_ios,388.65,europe,1880.86,3,57.12,14.67,0,0,0
16.24,17,food,mobile_android,702.37,north_america,1267.83,3,50.14,0.86,0,0,0
23.74,11,electronics,desktop_mac,864.44,north_america,548.41,3,51.37,9.52,0,0,0
40.3,0,food,mobile_ios,654.46,north_america,1781.34,4,56.72,3.25,0,1,0
57.72,10,online,mobile_ios,426.97,north_america,1345.11,5,51.37,0.47,0,0,0
72.28,6,food,desktop_mac,306.84,north_america,1107.5,4,62.59,22.95,0,0,0
55.15,7,retail,desktop_windows,595.51,europe,658.34,3,58.12,4.42,0,0,0
127.21,7,food,mobile_android,546.34,north_america,1874.05,2,41.45,12.18,0,0,0
111.75,7,electronics,desktop_windows,469.77,north_america,870.64,1,69.0,7.95,0,0,0
52.61,14,online,desktop_windows,740.74,latin_america,1922.42,5,54.85,18.14,0,0,0
8.65,0,retail,mobile_ios,728.97,north_america,1997.48,1,58.19,49.27,0,1,0
46.76,14,retail,tablet,867.99,north_america,1492.99,8,40.68,4.69,0,2,0
49.64,10,online,mobile_ios,751.24,europe,971.42,0,51.88,7.23,0,0,0
25.41,10,food,mobile_ios,411.0,north_america,1441.09,1,49.45,7.87,0,0,0
6.57,6,food,mobile_ios,433.73,north_america,157.41,2,40.17,2.69,0,0,0
42.37,8,travel,desktop_mac,307.06,latin_america,838.57,3,62.21,1.16,1,1,0
265.0,9,retail,desktop_mac,111.29,latin_america,643.15,1,57.24,17.88,0,1,0
75.08,16,electronics,mobile_ios,741.9,asia_pacific,761.59,2,53.45,27.22,0,0,0
30.53,21,online,mobile_android,589.71,asia_pacific,1848.93,5,86.29,3.45,0,2,0
37.44,1,entertainment,mobile_ios,724.68,asia_pacific,1370.19,3,51.44,6.47,0,0,0
86.82,7,food,desktop_mac,608.82,asia_pacific,1768.65,7,43.1,9.01,0,0,0
17.94,6,electronics,mobile_android,30.4,north_america,950.01,2,78.87,6.3,0,0,0
133.44,16,online,mobile_ios,311.29,europe,1269.61,6,38.86,9.11,0,0,0
47.2,9,food,mobile_ios,577.87,latin_america,206.19,1,68.32,10.06,0,0,0
52.41,11,electronics,desktop_windows,93.92,asia_pacific,1534.39,2,44.07,4.38,0,0,0
28.98,13,electronics,mobile_ios,584.2,europe,1910.09,3,70.87,4.79,0,0,0
21.3,17,retail,mobile_android,592.15,north_america,1613.34,4,41.81,6.96,0,0,0
347.08,7,retail,mobile_ios,114.33,asia_pacific,1797.31,2,44.22,1.16,1,0,0
164.48,13,retail,mobile_android,835.34,europe,185.45,4,61.78,18.78,0,2,0
21.53,15,food,mobile_ios,951.7,north_america,1974.61,4,56.26,11.3,0,0,0
3.1,19,retail,mobile_ios,563.13,north_america,784.52,4,61.52,6.79,0,0,0
34.42,12,travel,tablet,60.04,north_america,275.53,4,39.73,3.48,0,0,0
56.95,11,online,mobile_ios,467.46,europe,1123.35,4,54.26,3.46,0,0,0
169.31,19,electronics,mobile_ios,807.59,north_america,436.22,5,50.88,11.34,0,0,0
27.61,6,electronics,mobile_ios,506.77,north_america,591.54,2,56.99,19.94,0,0,0
5.65,9,electronics,mobile_android,412.93,latin_america,379.6,6,47.56,33.91,0,0,0
106.45,13,retail,desktop_windows,296.03,asia_pacific,498.41,6,50.08,16.32,0,0,0
48.94,11,luxury,mobile_ios,287.99,north_america,1858.9,0,66.34,15.53,0,0,0
126.9,9,retail,mobile_android,428.19,latin_america,1727.48,2,32.89,3.24,0,0,0
73.85,14,retail,mobile_android,764.74,europe,1797.7,2,56.87,19.17,0,0,0
6.36,8,retail,mobile_ios,603.03,north_america,1599.91,1,73.4,7.66,0,0,0
162.4,11,food,mobile_android,806.35,europe,1384.95,2,74.12,29.23,0,2,0
8.66,8,online,tablet,186.79,north_america,300.44,7,58.61,6.41,0,0,0
120.31,17,food,mobile_android,658.4,north_america,83.84,2,56.34,2.59,0,0,0
646.72,15,travel,desktop_mac,11.06,africa,82.32,7,62.67,146.4,0,0,1
75.08,9,online,mobile_ios,41.52,north_america,1062.59,2,49.61,8.4,0,0,0
56.91,16,food,mobile_android,195.56,europe,1203.64,2,36.27,13.83,0,0,0
8.42,16,entertainment,desktop_mac,309.57,north_america,569.17,3,32.82,8.19,0,0,0
5.69,15,electronics,mobile_ios,100.18,asia_pacific,421.93,4,62.63,7.49,0,0,0
109.22,14,retail,desktop_mac,382.81,europe,1749.53,3,48.44,1.17,0,0,0
199.82,9,electronics,mobile_ios,80.48,asia_pacific,930.97,1,68.91,0.89,0,1,0
257.13,10,retail,tablet,458.04,north_america,1802.55,1,87.99,1.64,0,0,0
14.07,17,food,mobile_ios,105.89,middle_east,1441.64,2,74.41,7.76,0,0,0
50.92,0,retail,mobile_ios,487.04,north_america,362.01,1,56.2,8.7,0,0,0
37.02,9,food,desktop_windows,560.71,europe,1856.86,7,44.53,16.1,0,0,0
34.47,11,entertainment,mobile_ios,597.7,europe,752.18,1,33.36,10.36,0,0,0
142.32,17,online,unknown,29.6,middle_east,56.25,5,52.84,53.49,0,0,1
102.76,9,food,mobile_ios,197.64,north_america,1111.67,3,37.91,15.27,0,0,0
34.76,7,online,mobile_android,875.94,north_america,1299.15,2,54.0,6.68,0,0,0
23.64,16,food,tablet,904.22,north_america,1629.66,1,69.81,12.18,0,0,0
6.27,18,food,mobile_ios,535.04,asia_pacific,663.71,7,45.18,0.55,0,0,0
74.63,13,travel,mobile_ios,32.28,europe,1094.41,2,36.92,13.83,0,0,0
81.24,19,utilities,mobile_android,704.49,latin_america,1104.21,3,77.1,15.91,0,2,0
64.28,10,food,mobile_android,388.9,asia_pacific,804.01,2,49.87,7.93,0,0,0
87.54,13,retail,mobile_ios,233.6,north_america,1506.21,4,71.23,2.58,0,1,0
4.8,4,food,desktop_mac,947.88,europe,1216.13,3,38.6,3.36,0,0,0
29.74,15,electronics,desktop_windows,558.2,north_america,269.34,1,31.88,0.14,0,0,0
38.55,12,retail,mobile_android,693.19,asia_pacific,222.59,4,55.54,12.15,0,0,0
18.14,16,entertainment,mobile_android,865.4,north_america,1317.45,3,69.12,8.18,0,0,0
103.59,20,food,tablet,284.25,north_america,781.48,2,52.95,11.01,0,0,0
84.33,13,online,mobile_ios,601.65,north_america,311.04,1,42.0,20.41,0,0,0
77.91,11,retail,mobile_android,272.46,north_america,69.01,2,73.24,48.41,0,0,0
53.07,11,utilities,mobile_ios,759.83,middle_east,101.59,2,39.45,2.19,0,0,0
73.74,13,food,mobile_android,509.98,asia_pacific,1156.44,5,68.22,33.12,0,0,0
5.21,14,retail,mobile_android,141.1,north_america,478.9,5,44.89,6.58,0,0,0
13.39,11,online,desktop_mac,836.63,north_america,887.75,2,43.05,15.11,0,0,0
5.2,13,food,mobile_android,971.46,north_america,378.67,4,50.07,2.54,0,0,0
45.6,7,electronics,mobile_ios,697.39,north_america,1150.83,4,52.31,6.77,0,0,0
116.04,19,retail,mobile_ios,887.72,africa,1959.74,7,42.02,3.43,0,0,0
122.91,2,travel,desktop_windows,552.18,latin_america,428.14,4,27.77,17.83,0,0,0
192.61,4,electronics,mobile_android,31.85,europe,179.79,9,52.29,20.62,0,0,1
89.43,17,food,mobile_ios,284.63,asia_pacific,1153.13,3,39.85,17.21,0,1,0
179.42,7,retail,mobile_android,895.31,africa,414.81,2,31.53,0.6,0,0,0
65.35,3,retail,mobile_android,520.01,north_america,1800.58,0,52.45,1.37,1,0,0
161.07,18,travel,mobile_ios,620.73,europe,1562.33,6,50.37,3.75,0,0,0
29.32,22,retail,mobile_android,102.28,africa,742.54,4,29.03,8.13,0,0,0
107.54,10,electronics,mobile_ios,95.08,europe,472.49,1,62.17,51.14,0,0,0
7.21,7,entertainment,desktop_mac,224.6,north_america,1709.88,3,59.36,6.46,0,0,0
137.98,12,online,desktop_windows,187.77,europe,1400.39,1,40.22,9.21,0,0,0
29.16,7,entertainment,mobile_ios,581.27,asia_pacific,1406.89,3,73.76,10.78,0,0,0
123.76,15,retail,mobile_android,349.53,europe,1990.4,1,56.01,1.56,0,0,0
209.63,6,travel,mobile_android,408.36,europe,1922.1,5,48.03,3.58,0,0,0
72.45,9,online,mobile_ios,268.38,asia_pacific,1194.78,2,50.1,4.16,0,0,0
31.41,10,food,mobile_ios,275.8,north_america,1893.06,3,56.75,2.47,0,0,0
25.11,12,online,mobile_android,203.1,north_america,1780.26,2,41.73,39.17,0,0,0
3.03,18,luxury,mobile_ios,718.51,europe,1963.78,0,67.96,4.93,0,0,0
8.13,21,online,mobile_ios,957.24,north_america,997.71,5,61.56,8.5,0,0,0
72.37,12,travel,mobile_ios,927.51,north_america,1885.97,3,31.06,6.94,0,0,0
16.91,19,utilities,mobile_android,733.12,europe,519.93,2,66.8,19.16,0,0,0
8.03,15,electronics,mobile_ios,435.59,europe,432.26,1,53.44,58.96,0,0,0
35.81,12,online,desktop_windows,116.53,north_america,1146.09,3,75.95,3.13,0,0,0
58.76,11,electronics,mobile_android,892.46,africa,889.72,2,46.92,7.0,0,0,0
16.83,8,food,mobile_android,926.62,north_america,1675.74,5,42.49,9.68,0,0,0
30.52,13,electronics,mobile_ios,357.58,north_america,1186.68,3,80.45,3.67,0,0,0
24.14,13,online,mobile_ios,352.96,north_america,727.02,4,42.88,6.63,1,0,0
343.77,10,online,mobile_android,894.27,asia_pacific,1384.59,3,34.28,11.28,0,0,0
61.71,10,retail,mobile_ios,496.84,asia_pacific,1652.46,4,27.82,13.77,0,0,0
18.88,11,retail,desktop_windows,446.44,asia_pacific,457.35,2,68.55,6.71,0,0,0
143.88,5,food,mobile_ios,399.97,latin_america,1591.24,4,51.29,1.06,0,0,0
89.05,11,utilities,mobile_ios,689.64,europe,1408.23,3,93.12,3.33,0,0,0
123.86,5,retail,desktop_windows,428.72,north_america,1226.67,2,63.05,2.13,0,0,0
26.51,21,retail,desktop_windows,715.82,asia_pacific,464.54,0,75.29,8.11,0,0,0
106.87,20,retail,mobile_ios,291.05,middle_east,906.52,1,82.41,10.22,0,0,0
15.14,14,retail,desktop_windows,285.89,asia_pacific,566.47,1,46.02,0.63,0,0,0
78.52,0,online,mobile_android,815.49,north_america,906.71,2,74.99,16.39,0,0,0
28.5,9,online,desktop_windows,194.67,north_america,267.88,7,28.07,10.37,0,0,0
3.26,9,retail,mobile_ios,788.54,north_america,1527.28,2,68.5,13.22,0,0,0
284.77,10,retail,mobile_android,149.76,asia_pacific,222.77,2,72.68,42.9,0,0,0
69.93,14,entertainment,mobile_ios,571.08,north_america,280.3,2,54.1,2.85,1,0,0
23.8,10,online,mobile_ios,470.14,north_america,240.84,3,48.11,4.73,0,0,0
69.0,19,food,tablet,648.32,north_america,135.61,2,60.07,3.57,0,0,0
3.57,13,food,mobile_android,76.09,asia_pacific,1891.7,1,35.65,19.07,0,0,0
56.5,20,retail,mobile_ios,404.9,north_america,470.25,5,54.85,2.14,0,0,0
24.44,17,food,mobile_ios,131.35,europe,800.0,3,39.78,18.84,0,0,0
72.24,12,electronics,desktop_mac,945.0,north_america,651.57,1,40.77,0.04,0,0,0
74.88,2,retail,mobile_android,43.23,europe,102.99,3,49.97,18.11,0,0,0
6.23,11,retail,mobile_ios,525.08,north_america,511.23,4,64.25,8.76,0,0,0
18.63,15,food,mobile_ios,406.48,asia_pacific,1129.58,7,61.16,8.8,0,0,0
49.82,9,utilities,mobile_ios,908.16,europe,1271.12,2,41.14,6.33,0,0,0
2.19,19,entertainment,mobile_ios,243.46,north_america,1542.15,4,67.58,9.77,0,0,0
99.65,1,online,mobile_android,539.39,north_america,548.23,4,43.61,1.24,0,0,0
19.02,9,electronics,desktop_windows,149.87,europe,683.24,1,45.3,6.74,0,0,0
34.23,5,retail,mobile_android,189.46,europe,1071.27,4,57.35,5.51,0,0,0
43.33,3,online,mobile_ios,484.99,north_america,1520.57,4,66.62,9.19,0,0,0
15.38,20,entertainment,mobile_android,440.18,north_america,205.39,2,43.42,6.56,0,0,0
8.5,7,retail,mobile_ios,794.63,europe,206.03,2,41.51,11.84,0,0,0
21.69,8,electronics,mobile_android,725.88,europe,554.23,4,51.01,27.09,0,0,0
48.64,9,retail,mobile_ios,416.55,asia_pacific,583.48,0,65.05,2.53,0,0,0
1.38,20,food,mobile_ios,513.19,europe,1286.06,3,71.1,3.03,0,0,0
11.91,11,electronics,mobile_ios,152.75,north_america,1441.05,0,39.04,7.73,0,0,0
47.08,18,utilities,mobile_android,567.85,asia_pacific,857.42,6,67.27,9.95,0,0,0
29.39,16,online,mobile_android,89.7,europe,1689.75,4,53.5,1.87,0,0,0
63.28,5,entertainment,mobile_android,840.5,asia_pacific,880.65,3,37.11,8.11,0,0,0
119.74,11,travel,unknown,95.76,asia_pacific,1175.72,3,18.04,2.71,0,0,0
102.11,13,online,desktop_mac,406.13,asia_pacific,461.74,5,43.12,17.69,0,0,0
9.3,11,food,mobile_android,440.74,latin_america,802.86,1,39.61,4.0,0,0,0
2.49,2,entertainment,desktop_mac,336.8,north_america,113.6,3,24.76,9.41,0,0,0
53.23,17,luxury,mobile_ios,890.94,europe,969.04,2,47.79,29.44,0,0,0
12.16,19,entertainment,mobile_android,930.1,north_america,63.63,3,73.44,2.84,0,0,0
36.36,19,travel,mobile_ios,550.76,europe,1879.36,1,55.56,11.92,0,0,0
127.53,11,retail,mobile_android,705.61,europe,1216.69,5,62.65,4.88,0,0,0
55.42,16,retail,tablet,159.96,north_america,398.25,2,50.43,5.86,0,0,0
6.95,13,food,mobile_ios,45.36,europe,591.9,2,31.86,13.79,0,0,0
11.51,14,retail,mobile_android,608.3,north_america,1211.6,2,48.28,5.24,0,0,0
18.81,13,retail,mobile_ios,520.01,north_america,1916.36,3,46.17,14.58,0,0,0
53.88,10,electronics,mobile_android,310.9,north_america,1616.0,2,43.94,5.47,0,0,0
22.15,22,food,mobile_android,774.83,north_america,1667.36,3,63.94,4.41,1,0,0
26.45,7,food,mobile_android,852.97,europe,482.39,3,23.76,15.49,0,0,0
126.83,12,retail,mobile_android,97.77,north_america,1984.81,5,58.88,41.46,0,2,0
72.5,18,online,mobile_ios,139.13,middle_east,1907.7,4,45.48,5.29,0,0,0
66.38,13,electronics,mobile_ios,226.98,europe,482.53,3,29.46,24.83,0,1,0
40.92,13,retail,mobile_ios,306.31,middle_east,1141.59,4,51.9,0.6,0,0,0
31.27,16,utilities,mobile_android,762.42,middle_east,711.99,2,52.07,1.81,0,0,0
7.42,19,utilities,mobile_android,218.17,north_america,516.53,5,74.52,3.14,0,0,0
17.27,11,food,mobile_android,704.81,europe,1473.94,1,41.2,12.33,0,1,0
45.16,8,electronics,mobile_android,625.76,north_america,768.89,1,70.41,5.12,0,0,0
8.49,8,retail,mobile_android,503.24,europe,1494.47,2,30.61,5.34,0,0,0
10.5,8,retail,mobile_android,849.37,asia_pacific,393.62,4,64.12,11.0,0,0,0
9.85,21,online,desktop_mac,797.27,middle_east,1209.76,5,45.06,22.59,0,0,0
120.86,20,retail,desktop_mac,790.66,europe,1404.24,4,53.55,23.04,0,0,0
12.8,10,food,desktop_windows,732.69,north_america,857.42,4,33.49,14.19,0,0,0
8.39,9,retail,desktop_mac,428.63,europe,394.96,1,37.92,2.2,0,0,0
60.95,20,online,desktop_windows,111.38,north_america,1095.42,3,37.5,14.67,0,0,0
123.37,12,travel,mobile_android,390.32,north_america,1213.28,6,59.3,3.6,0,0,0
44.75,8,electronics,mobile_ios,962.91,north_america,1310.75,3,62.28,4.34,0,0,0
137.25,15,retail,mobile_android,662.13,latin_america,155.16,6,85.02,12.97,0,0,0
57.55,13,retail,mobile_android,216.02,north_america,281.64,2,87.63,4.77,0,0,0
14.09,18,food,mobile_ios,505.74,europe,489.89,3,56.46,9.65,0,0,0
25.71,12,food,mobile_android,908.67,north_america,1028.47,1,46.7,4.87,0,0,0
105.47,6,entertainment,mobile_android,762.23,europe,1779.41,2,33.47,11.18,0,2,0
45.75,14,electronics,desktop_mac,429.07,europe,1639.13,2,42.31,23.57,0,0,0
9.53,16,retail,mobile_android,102.5,north_america,500.63,3,52.67,7.12,0,0,0
31.47,16,utilities,mobile_ios,513.04,latin_america,1655.5,2,44.34,0.81,0,0,0
71.99,6,utilities,mobile_ios,588.28,latin_america,1965.59,1,57.4,4.2,0,0,0
70.26,13,electronics,mobile_android,969.03,north_america,1567.05,3,49.25,6.57,0,0,0
93.76,9,online,desktop_mac,983.21,asia_pacific,953.69,1,49.33,6.61,0,0,0
3.78,13,retail,tablet,938.04,europe,636.34,3,38.93,2.95,0,0,0
20.88,14,travel,tablet,378.76,asia_pacific,114.83,4,46.56,17.36,0,0,0
174.23,12,online,mobile_ios,42.37,europe,1112.84,5,27.55,19.81,0,0,0
67.17,6,online,mobile_android,404.28,latin_america,623.86,4,49.47,6.15,0,1,0
81.25,20,electronics,mobile_android,274.66,north_america,1898.96,3,51.85,4.06,0,0,0
97.59,13,online,mobile_ios,485.56,asia_pacific,62.75,4,62.79,12.01,0,0,0
298.41,10,online,tablet,319.71,europe,1939.11,4,48.39,33.25,0,0,0
51.22,13,retail,mobile_ios,286.92,north_america,150.47,1,47.38,5.82,0,0,0
110.25,23,electronics,mobile_android,825.68,north_america,1690.25,2,32.97,1.62,0,0,0
30.75,16,retail,mobile_ios,562.61,asia_pacific,146.03,3,76.35,3.57,0,0,0
54.04,9,retail,desktop_windows,484.59,asia_pacific,475.09,0,77.88,18.13,0,0,0
44.06,12,travel,mobile_android,647.59,middle_east,210.32,0,57.93,26.45,0,2,0
122.18,13,retail,mobile_ios,600.06,africa,1786.8,2,45.89,27.6,0,0,0
70.17,5,retail,mobile_ios,657.81,asia_pacific,317.21,5,78.74,14.75,0,0,0
32.85,8,luxury,desktop_windows,430.8,north_america,700.8,2,66.09,10.11,0,0,0
8.64,11,retail,desktop_mac,827.15,asia_pacific,618.6,3,73.2,3.18,0,0,0
19.87,7,retail,mobile_ios,551.4,europe,1896.92,3,38.05,1.54,0,0,0
89.29,12,food,mobile_ios,59.12,middle_east,520.07,5,54.93,4.77,0,0,0
11.19,19,electronics,mobile_android,849.87,asia_pacific,477.74,4,79.93,1.31,0,0,0
52.86,14,retail,mobile_android,45.17,europe,1079.72,2,70.88,10.34,0,0,0
289.29,5,travel,mobile_android,151.89,europe,1382.69,1,61.25,3.47,0,0,0
44.13,9,food,mobile_android,677.57,north_america,1083.38,5,50.39,5.67,0,0,0
84.83,18,food,desktop_mac,529.48,latin_america,1029.66,3,45.74,7.35,0,0,0
140.22,17,electronics,mobile_android,99.36,north_america,1755.21,3,45.02,15.61,0,0,0
61.67,14,travel,mobile_ios,432.29,latin_america,669.77,3,45.17,31.35,0,0,0
258.03,11,retail,desktop_windows,791.52,asia_pacific,1657.5,5,20.79,2.28,0,0,0
39.57,6,electronics,mobile_ios,69.12,europe,1500.9,3,71.82,0.09,0,0,0
22.48,16,online,mobile_ios,997.08,latin_america,1775.87,2,66.16,19.84,0,0,0
54.85,11,retail,mobile_ios,377.11,asia_pacific,893.92,7,24.97,12.25,0,0,0
69.46,18,retail,mobile_ios,251.5,middle_east,128.21,4,34.49,10.4,0,0,0
74.61,14,food,mobile_android,699.27,middle_east,332.12,0,64.02,27.48,0,0,0
14.82,10,entertainment,unknown,573.43,europe,358.27,3,35.29,4.26,0,0,0
1.66,5,food,desktop_mac,487.6,europe,1761.43,2,57.9,11.53,0,0,0
54.63,11,retail,desktop_windows,68.52,north_america,523.11,2,52.11,1.98,0,0,0
66.4,20,retail,mobile_ios,507.75,latin_america,678.47,2,68.32,4.7,0,0,0
209.19,5,travel,mobile_android,850.74,europe,1792.69,1,61.5,13.63,0,0,0
9.02,14,retail,mobile_ios,711.1,asia_pacific,411.24,3,58.95,2.98,0,0,0
24.52,22,online,mobile_android,213.26,north_america,1261.26,3,51.91,1.13,0,0,0
59.71,18,food,mobile_ios,273.89,middle_east,1190.77,1,73.5,3.92,1,0,0
59.08,21,retail,mobile_ios,630.86,north_america,1570.39,2,72.02,5.37,0,0,0
148.49,21,retail,desktop_windows,725.13,europe,1127.83,1,56.04,0.99,0,0,0
13.38,6,electronics,desktop_mac,896.73,north_america,1271.56,3,49.32,18.05,0,0,0
16.68,12,travel,mobile_ios,681.37,north_america,1595.65,4,74.31,8.96,0,0,0
9.28,11,retail,mobile_ios,986.28,middle_east,1592.5,1,62.08,4.07,0,0,0
8.46,16,electronics,mobile_android,851.93,north_america,683.42,5,67.92,1.64,0,0,0
28.07,9,retail,desktop_windows,568.95,north_america,1171.87,2,58.66,0.69,0,0,0
14.03,7,electronics,mobile_ios,838.27,europe,1956.61,4,63.07,33.45,0,0,0
66.65,0,travel,mobile_ios,308.26,middle_east,711.67,1,53.19,1.35,0,0,0
103.08,2,entertainment,tablet,25.77,europe,32.75,9,45.76,386.6,1,1,1
66.6,13,entertainment,mobile_ios,887.48,middle_east,508.41,3,53.8,20.85,0,0,0
11.36,15,food,mobile_ios,190.41,north_america,811.88,3,68.71,15.46,0,0,0
92.5,13,luxury,desktop_windows,370.82,north_america,584.71,1,87.19,7.73,0,0,0
259.89,3,utilities,mobile_ios,816.4,north_america,1038.1,1,74.1,0.81,0,0,0
47.05,16,retail,mobile_ios,911.99,europe,419.22,2,59.4,14.27,0,0,0
12.3,7,food,mobile_android,949.3,north_america,1460.98,1,70.16,7.99,0,0,0
352.09,11,luxury,mobile_ios,531.23,north_america,520.99,6,50.95,5.83,0,0,0
81.27,10,retail,desktop_mac,637.98,middle_east,439.66,4,51.15,4.66,0,0,0
16.59,7,online,mobile_android,933.96,north_america,1279.77,1,45.91,4.81,0,0,0
51.26,23,retail,mobile_ios,590.73,north_america,1100.67,3,49.03,2.58,0,0,0
141.7,0,online,mobile_ios,524.43,europe,1829.41,4,32.57,4.13,0,0,0
43.49,6,retail,mobile_ios,590.88,europe,1067.74,3,37.63,0.87,0,0,0
61.31,8,retail,mobile_android,275.85,asia_pacific,1336.42,1,70.73,1.01,0,0,0
77.87,14,retail,mobile_ios,200.81,asia_pacific,825.53,3,59.86,0.21,0,0,0
139.17,8,retail,mobile_ios,740.27,latin_america,1606.68,3,44.16,2.18,0,0,0
123.46,14,utilities,mobile_android,331.64,middle_east,993.74,3,42.42,7.68,0,0,0
35.64,15,electronics,mobile_ios,935.84,north_america,237.03,2,56.08,4.44,0,0,0
35.53,15,travel,mobile_android,940.59,latin_america,1611.9,3,54.63,3.0,0,0,0
71.78,17,food,mobile_ios,622.62,europe,1278.48,2,62.4,0.66,0,0,0
97.54,13,online,desktop_mac,869.76,north_america,730.07,2,30.66,7.19,0,0,0
122.52,11,retail,mobile_android,103.6,africa,624.55,1,29.48,9.36,0,0,0
5.17,9,retail,mobile_android,445.18,middle_east,583.81,8,56.53,40.62,0,0,0
27.67,21,electronics,mobile_ios,865.23,europe,203.89,4,33.45,0.1,0,0,0
202.19,5,food,mobile_ios,605.89,europe,786.21,4,49.94,15.04,0,0,0
8.07,12,food,mobile_ios,778.18,middle_east,1291.95,3,74.73,8.69,0,0,0
126.92,1,retail,desktop_mac,807.14,north_america,912.62,1,78.99,9.96,0,0,0
79.34,10,travel,mobile_android,267.46,north_america,254.13,2,18.37,4.06,0,0,0
22.88,17,utilities,mobile_ios,444.86,north_america,1921.87,4,52.49,13.95,0,2,0
101.53,14,retail,mobile_ios,600.16,north_america,192.6,2,50.88,16.44,0,0,0
161.21,7,retail,mobile_android,561.58,latin_america,631.26,3,52.54,32.67,0,0,0
71.45,6,retail,mobile_android,489.02,europe,1596.91,6,54.42,3.31,0,0,0
24.03,9,electronics,mobile_ios,63.15,latin_america,1410.75,2,44.53,6.43,0,0,0
131.61,3,retail,mobile_android,357.12,latin_america,789.21,2,72.13,1.6,0,1,0
12.01,9,electronics,mobile_ios,704.62,north_america,1210.63,2,46.25,1.41,0,0,0
11.71,18,online,mobile_ios,120.24,asia_pacific,1908.91,1,53.05,1.29,0,0,0
39.54,20,travel,desktop_windows,269.34,asia_pacific,470.45,3,60.66,12.32,0,0,0
19.99,13,online,mobile_ios,244.51,europe,1334.04,1,75.06,26.32,0,0,0
12.0,14,travel,unknown,671.14,asia_pacific,592.67,1,72.85,59.85,0,0,0
62.97,7,retail,mobile_ios,674.2,north_america,184.54,3,55.38,6.51,0,0,0
36.73,5,food,desktop_windows,815.38,asia_pacific,998.34,3,37.57,7.0,0,0,0
22.19,20,utilities,desktop_windows,194.61,europe,1248.94,5,55.93,25.06,0,0,0
73.63,6,travel,mobile_ios,196.56,north_america,1141.0,4,52.96,7.12,0,0,0
22.8,20,entertainment,tablet,664.16,latin_america,496.58,4,41.07,12.55,0,0,0
385.32,21,luxury,unknown,7.84,north_america,89.2,9,63.22,131.01,0,0,1
56.85,11,online,tablet,302.22,middle_east,351.87,3,84.92,23.08,0,0,0
80.83,21,online,desktop_windows,286.61,north_america,296.78,2,47.98,0.06,0,0,0
122.56,15,food,mobile_ios,850.93,north_america,1038.88,2,94.57,21.81,0,0,0
4.17,13,electronics,mobile_ios,376.52,asia_pacific,1201.97,3,69.39,7.83,0,0,0
12.04,16,online,mobile_android,680.85,north_america,663.82,3,59.66,10.15,0,0,0
35.7,16,retail,mobile_android,364.17,europe,1545.07,3,44.88,12.65,0,0,0
137.51,8,food,mobile_ios,652.94,north_america,315.25,1,68.43,13.31,0,0,0
10.06,8,electronics,mobile_android,507.12,north_america,536.9,2,68.88,36.97,0,0,0
1.69,10,electronics,mobile_ios,629.16,europe,1012.81,8,60.15,36.04,0,0,0
243.32,14,food,mobile_android,274.64,north_america,1912.49,3,56.85,58.78,0,0,0
10.87,18,electronics,desktop_mac,435.81,north_america,165.81,4,21.72,0.9,0,0,0
13.29,11,retail,mobile_ios,544.83,north_america,944.41,1,51.29,21.64,0,0,0
16.42,5,food,mobile_android,260.39,latin_america,750.96,4,59.01,0.74,0,0,0
14.51,12,luxury,desktop_windows,464.72,latin_america,498.96,5,77.07,2.64,0,0,0
181.48,14,travel,tablet,40.35,north_america,136.13,2,62.66,2.72,0,0,0
91.73,6,food,desktop_mac,407.59,north_america,968.05,2,52.23,39.45,0,0,0
152.44,9,retail,desktop_mac,572.08,europe,571.33,2,67.41,8.38,0,0,0
158.04,14,food,mobile_ios,132.78,asia_pacific,74.07,4,50.74,5.47,0,0,0
4.78,21,travel,mobile_ios,653.55,europe,184.01,5,47.89,47.26,1,0,0
61.21,18,retail,mobile_ios,896.96,europe,1661.68,4,56.73,10.78,0,0,0
24.91,16,entertainment,mobile_ios,981.6,north_america,1234.73,5,40.5,0.83,0,0,0
22.88,10,utilities,mobile_android,364.82,latin_america,378.24,2,77.94,35.92,0,0,0
39.78,10,food,mobile_ios,149.22,europe,653.75,4,58.41,32.77,0,0,0
8.71,11,online,mobile_ios,204.27,middle_east,1240.86,3,74.26,2.07,0,0,0
30.81,12,food,mobile_ios,221.48,north_america,939.08,5,47.72,45.49,0,0,0
39.34,6,retail,desktop_mac,193.77,north_america,1948.64,3,24.91,6.35,0,0,0
42.85,11,online,tablet,246.26,africa,1740.49,6,66.61,0.75,0,0,0
158.07,11,online,mobile_ios,696.16,middle_east,1716.79,5,23.48,13.91,1,0,0
54.94,18,travel,mobile_ios,991.92,europe,1784.11,0,34.3,11.74,1,0,0
25.47,10,retail,mobile_android,910.03,europe,1061.7,4,43.34,66.75,0,0,0
220.9,12,electronics,tablet,478.74,north_america,1095.01,3,42.0,2.35,0,0,0
17.63,8,online,mobile_android,614.72,north_america,1102.43,4,53.75,11.64,0,0,0
25.65,6,food,mobile_ios,825.85,asia_pacific,67.96,3,60.77,4.47,0,0,0
211.21,17,retail,mobile_android,707.05,asia_pacific,274.09,3,41.28,9.41,0,0,0
118.29,19,online,mobile_ios,711.66,asia_pacific,86.5,3,61.97,0.25,0,0,0
52.8,17,retail,mobile_ios,304.8,north_america,1469.3,2,72.01,10.7,0,0,0
17.37,20,online,mobile_ios,648.86,north_america,1543.25,5,33.52,8.07,0,0,0
53.36,9,luxury,mobile_android,718.9,europe,1707.88,4,40.82,3.6,1,0,0
33.29,20,food,mobile_android,945.48,europe,294.77,4,72.41,24.4,0,0,0
24.47,8,electronics,mobile_android,912.27,north_america,1761.11,6,51.43,11.78,0,0,0
1.73,15,food,mobile_ios,746.82,asia_pacific,1510.29,2,68.7,1.69,0,0,0
47.88,9,online,mobile_android,513.89,north_america,1704.97,2,47.5,5.58,0,1,0
13.42,11,electronics,mobile_android,646.1,north_america,658.29,1,62.33,24.44,1,0,0
84.17,14,travel,mobile_ios,668.54,asia_pacific,127.87,0,58.75,8.38,0,0,0
79.16,18,retail,desktop_windows,131.35,north_america,1693.96,2,74.99,6.9,0,0,0
14.76,12,entertainment,mobile_ios,982.62,asia_pacific,513.14,4,35.54,4.93,0,0,0
7.04,7,electronics,unknown,98.75,europe,1503.1,3,54.0,1.6,0,0,0
72.45,9,online,desktop_windows,215.32,asia_pacific,1683.22,2,57.08,17.05,0,0,0
3.49,0,food,desktop_mac,309.51,north_america,421.83,1,52.92,3.58,0,0,0
50.95,14,retail,mobile_ios,726.91,north_america,1395.27,4,64.72,8.98,0,0,0
23.73,18,online,mobile_android,237.87,europe,903.87,7,69.51,3.09,0,0,0
2.6,18,electronics,mobile_ios,337.74,europe,818.06,4,43.69,5.5,0,0,0
264.64,10,luxury,desktop_windows,955.3,latin_america,1940.89,4,52.32,6.55,0,0,0
156.62,2,electronics,desktop_windows,150.61,europe,873.62,3,30.74,37.66,0,0,0
26.12,9,food,mobile_android,651.04,latin_america,1255.23,3,48.02,7.31,0,0,0
2.16,15,online,desktop_windows,205.24,europe,1130.4,2,82.88,1.89,0,0,0
23.41,16,retail,desktop_mac,722.73,middle_east,1693.89,3,52.69,14.19,0,0,0
9.44,17,retail,mobile_ios,417.07,north_america,1962.25,1,56.44,26.98,0,0,0
24.46,12,travel,mobile_android,279.13,north_america,446.96,6,35.24,1.27,0,0,0
32.34,13,utilities,mobile_android,739.82,north_america,1449.22,1,47.17,21.53,0,0,0
673.67,17,luxury,mobile_android,4.44,asia_pacific,73.04,7,59.26,26.03,0,4,1
29.77,18,online,desktop_windows,158.63,north_america,1980.34,1,49.72,3.88,0,0,0
21.73,11,retail,mobile_ios,38.92,europe,1446.82,2,58.96,32.43,0,0,0
2.61,9,travel,mobile_android,686.98,north_america,977.69,5,87.24,10.52,0,0,0
260.03,20,retail,mobile_android,986.41,north_america,921.64,4,36.95,6.18,0,0,0
48.59,15,online,mobile_android,160.74,north_america,411.26,2,65.1,21.82,0,0,0
62.46,11,retail,mobile_ios,940.94,europe,1831.02,2,44.14,0.83,0,0,0
41.59,16,retail,desktop_mac,36.58,north_america,849.32,2,52.54,1.91,0,0,0
87.01,7,food,mobile_android,134.72,north_america,512.79,3,58.64,3.32,0,0,0
134.06,9,retail,mobile_android,616.95,north_america,471.52,5,76.58,7.9,0,0,0
83.34,14,electronics,desktop_windows,257.45,north_america,1839.02,1,66.72,22.02,0,0,0
19.72,20,online,mobile_ios,220.59,north_america,242.9,3,59.15,9.92,0,0,0
20.23,10,entertainment,mobile_ios,519.88,europe,71.89,3,15.7,0.38,0,0,0
20.23,9,online,mobile_android,733.8,asia_pacific,128.97,4,54.92,2.4,0,0,0
264.73,7,electronics,desktop_windows,486.19,asia_pacific,1245.93,3,43.12,15.23,0,0,0
35.15,10,food,mobile_ios,49.41,north_america,1605.37,3,80.66,8.27,0,0,0
50.43,20,retail,desktop_windows,357.09,asia_pacific,1529.86,3,38.04,9.01,0,0,0
18.23,20,online,mobile_ios,455.86,asia_pacific,640.18,4,52.05,13.68,0,0,0
22.08,8,utilities,desktop_mac,740.32,north_america,743.8,2,25.25,19.93,0,0,0
57.15,9,food,mobile_ios,196.18,asia_pacific,1761.09,3,72.57,3.33,0,0,0
36.72,4,online,mobile_android,245.0,north_america,1946.18,2,52.86,3.15,0,0,0
25.88,13,retail,mobile_android,426.92,north_america,1834.51,5,44.78,2.36,0,0,0
21.43,17,online,desktop_windows,162.16,europe,499.08,2,33.6,3.96,0,0,0
208.44,11,utilities,desktop_mac,242.72,europe,389.24,1,49.22,6.87,0,0,0
150.56,15,electronics,mobile_ios,517.98,north_america,784.23,5,69.2,0.45,0,0,0
41.34,18,food,mobile_ios,335.4,north_america,1844.03,1,47.38,1.19,0,0,0
26.86,20,luxury,mobile_ios,333.97,north_america,481.92,8,59.03,4.69,0,0,0
247.92,16,retail,unknown,706.18,asia_pacific,892.2,2,67.83,7.98,0,0,0
123.88,0,electronics,mobile_android,32.44,north_america,112.56,6,70.73,234.83,1,3,1
177.57,14,food,mobile_ios,696.15,north_america,1730.59,4,56.6,9.14,0,0,0
37.88,14,food,mobile_ios,584.67,asia_pacific,1339.88,2,31.23,1.61,0,0,0
9.66,14,food,mobile_ios,669.38,north_america,1568.92,2,32.19,20.26,0,0,0
11.72,7,retail,mobile_android,69.56,middle_east,1641.12,6,53.37,15.93,0,0,0
14.4,7,food,mobile_android,565.66,north_america,1198.3,0,47.75,0.07,0,0,0
115.4,9,retail,mobile_ios,479.77,north_america,1606.01,5,69.75,16.92,0,0,0
19.8,12,electronics,desktop_windows,589.11,asia_pacific,1189.32,1,64.74,5.88,0,0,0
20.79,8,retail,mobile_ios,906.0,north_america,262.74,4,33.43,0.61,0,0,0
59.1,15,food,mobile_android,958.13,europe,1941.91,2,26.34,9.83,1,0,0
26.65,15,entertainment,desktop_mac,659.23,europe,586.68,1,60.75,2.76,0,0,0
9.32,20,entertainment,mobile_android,857.58,north_america,458.2,3,43.0,5.36,0,0,0
10.93,0,retail,mobile_ios,442.25,north_america,542.49,3,70.5,8.1,0,0,0
162.94,19,travel,desktop_mac,856.87,middle_east,1864.21,5,66.72,6.87,0,0,0
46.57,12,entertainment,desktop_mac,195.97,europe,1750.27,5,73.91,7.09,0,0,0
1.19,15,retail,mobile_ios,172.49,latin_america,1708.06,1,75.55,45.46,0,0,0
58.1,11,retail,mobile_android,876.04,north_america,1132.71,2,78.47,6.24,0,0,0
40.65,13,food,mobile_ios,880.3,middle_east,1289.55,2,54.56,11.12,0,0,0
74.93,14,food,mobile_android,274.62,north_america,1132.33,3,55.37,2.98,0,0,0
10.99,10,travel,mobile_ios,683.99,asia_pacific,1003.67,4,52.95,42.45,0,0,0
98.68,8,utilities,mobile_android,679.27,north_america,1618.06,1,59.67,2.53,0,0,0
38.27,12,food,mobile_ios,291.87,north_america,1625.03,4,80.6,10.84,0,0,0
12.53,16,retail,mobile_ios,105.93,middle_east,1581.95,4,62.63,0.99,0,0,0
6.62,21,travel,mobile_ios,67.06,north_america,1168.98,8,78.91,34.51,0,0,0
16.26,15,electronics,mobile_ios,948.76,europe,1770.05,7,55.37,8.38,0,0,0
47.51,16,food,mobile_ios,67.43,north_america,1721.22,8,91.48,7.86,0,2,0
21.03,10,travel,mobile_android,994.46,north_america,277.69,4,62.6,26.93,0,0,0
28.53,14,retail,desktop_windows,327.59,africa,612.72,5,64.64,7.41,0,0,0
36.59,16,food,mobile_ios,713.76,north_america,758.63,4,67.5,5.49,0,0,0
5.31,5,online,mobile_ios,182.93,europe,959.21,4,50.57,20.06,0,0,0
27.73,9,food,mobile_android,750.04,europe,928.91,1,79.65,19.61,0,0,0
9.19,6,electronics,mobile_ios,978.65,europe,256.18,3,73.13,5.26,0,0,0
20.07,18,retail,mobile_ios,152.58,north_america,1253.24,7,43.1,11.61,0,0,0
25.34,22,retail,mobile_ios,64.54,europe,1527.79,4,71.92,1.61,0,0,0
11.12,15,luxury,mobile_android,751.73,north_america,756.0,3,51.38,19.99,0,0,0
23.41,11,electronics,desktop_mac,233.75,asia_pacific,1468.38,7,72.06,36.63,0,0,0
41.67,8,retail,desktop_windows,420.3,europe,859.2,6,63.57,2.96,0,1,0
58.99,2,food,mobile_android,486.14,north_america,515.8,7,47.29,0.0,0,1,0
72.19,14,food,mobile_ios,428.38,north_america,325.91,1,37.4,0.04,0,0,0
76.52,23,retail,desktop_mac,539.67,latin_america,1460.5,2,45.42,3.94,0,0,0
31.38,20,food,mobile_ios,132.91,north_america,668.01,0,48.91,4.44,0,0,0
20.15,14,entertainment,desktop_windows,225.14,middle_east,1472.04,4,47.41,6.42,0,0,0
241.09,16,luxury,desktop_windows,37.13,north_america,13.46,5,36.06,93.96,1,1,1
11.18,13,utilities,mobile_android,826.11,europe,897.53,2,49.88,1.24,0,0,0
80.06,21,entertainment,mobile_android,880.0,middle_east,1249.77,6,68.53,15.5,0,0,0
7.39,8,electronics,desktop_windows,548.01,north_america,241.83,3,48.82,17.61,0,0,0
44.83,9,electronics,desktop_windows,75.99,north_america,1950.03,8,38.58,8.51,0,0,0
37.06,11,entertainment,mobile_ios,523.15,latin_america,1924.18,6,70.17,2.84,0,0,0
235.63,8,retail,mobile_ios,471.66,latin_america,515.96,3,35.17,39.87,0,0,0
28.78,9,food,mobile_ios,349.5,north_america,1539.61,7,65.13,8.36,0,0,0
124.79,10,food,mobile_ios,264.67,north_america,874.55,5,66.81,31.91,0,0,0
69.3,22,electronics,mobile_android,834.31,europe,837.16,2,42.1,19.05,0,0,0
28.0,13,online,mobile_android,718.64,asia_pacific,910.55,0,49.31,9.24,0,0,0
10.76,18,retail,desktop_mac,183.49,europe,733.23,5,53.1,22.71,0,0,0
78.7,13,food,mobile_ios,952.41,asia_pacific,1865.29,3,54.73,6.03,0,1,0
9.46,15,online,mobile_ios,103.8,europe,103.35,2,61.72,5.93,0,0,0
32.76,10,food,mobile_ios,476.75,latin_america,990.49,5,64.34,5.18,0,0,0
198.24,14,entertainment,desktop_windows,944.73,europe,1918.17,8,80.07,10.51,0,0,0
20.6,22,online,mobile_ios,843.46,north_america,81.39,0,42.16,24.9,0,0,0
115.06,13,entertainment,mobile_ios,823.45,north_america,1585.44,4,81.01,7.41,0,0,0
96.03,7,retail,mobile_ios,335.56,north_america,686.99,3,65.55,50.55,0,0,0
119.99,15,online,desktop_windows,159.51,africa,724.64,2,42.37,22.85,0,0,0
210.57,3,utilities,mobile_ios,175.98,europe,1933.04,0,21.5,16.02,0,0,0
103.62,21,retail,mobile_ios,258.35,north_america,421.92,3,52.44,9.25,0,0,0
10.03,7,food,mobile_ios,921.47,europe,823.26,3,52.27,0.07,0,0,0
12.64,9,food,desktop_mac,237.75,north_america,885.98,3,22.67,15.61,0,1,0
44.39,15,food,mobile_ios,913.47,middle_east,68.31,8,54.58,2.88,0,0,0
53.06,18,electronics,mobile_android,343.0,north_america,903.92,3,50.13,1.81,0,0,0
108.08,14,online,mobile_android,322.12,north_america,914.64,3,71.86,8.64,0,0,0
1.73,13,retail,mobile_ios,492.45,north_america,1252.97,4,54.16,29.39,0,0,0
166.72,14,retail,desktop_windows,419.89,europe,694.77,2,41.66,8.87,0,0,0
83.09,15,online,mobile_ios,940.42,latin_america,1945.76,2,77.77,9.39,0,0,0
85.28,7,food,mobile_ios,178.08,north_america,358.71,4,45.44,12.47,0,0,0
33.5,21,food,mobile_android,77.8,north_america,210.68,1,28.54,7.05,0,0,0
48.81,9,food,mobile_android,963.9,north_america,1186.97,6,46.08,2.31,0,0,0
21.65,17,travel,mobile_android,220.79,north_america,1375.44,2,75.98,5.86,0,0,0
160.02,4,online,mobile_ios,551.29,north_america,295.01,1,37.69,17.44,0,0,0
100.14,14,luxury,mobile_ios,557.29,north_america,1751.74,5,61.74,22.08,0,0,0
13.01,20,electronics,mobile_android,448.89,north_america,1357.67,4,46.62,1.08,0,0,0
18.64,15,utilities,mobile_android,730.64,europe,1678.46,0,65.11,5.65,0,0,0
26.57,8,retail,mobile_android,202.16,europe,1544.22,1,66.38,10.25,0,0,0
113.45,13,online,desktop_mac,851.15,north_america,319.1,3,80.69,0.18,0,0,0
1.65,12,utilities,mobile_android,603.15,north_america,1521.23,3,60.2,10.59,0,0,0
122.71,10,utilities,mobile_ios,49.02,europe,1473.92,3,44.35,2.72,0,0,0
18.05,18,retail,desktop_windows,250.03,north_america,1222.4,4,45.8,3.81,0,0,0
135.6,17,food,mobile_ios,534.9,north_america,885.1,7,24.77,1.47,0,0,0
83.16,6,retail,desktop_windows,287.41,north_america,974.2,5,42.73,5.13,0,0,0
88.73,14,food,mobile_android,787.11,north_america,340.63,2,42.9,1.37,0,0,0
9.36,9,electronics,mobile_android,235.37,europe,1996.5,2,31.94,13.47,0,0,0
159.13,19,electronics,desktop_mac,670.91,europe,1860.26,1,59.55,1.9,0,0,0
3.41,16,electronics,mobile_ios,264.93,north_america,1529.52,4,80.94,15.95,0,0,0
32.5,1,food,mobile_ios,744.19,north_america,663.04,4,51.14,9.65,0,0,0
13.02,13,travel,desktop_windows,49.79,europe,558.08,2,37.42,24.59,0,0,0
89.0,9,online,mobile_ios,170.18,asia_pacific,378.58,1,58.89,27.68,0,0,0
133.58,10,food,desktop_mac,480.65,north_america,1941.95,1,83.32,3.86,1,0,0
255.64,14,food,mobile_android,143.3,north_america,1834.97,1,35.2,9.11,0,0,0
56.45,15,travel,mobile_ios,280.52,north_america,224.27,1,51.34,0.65,0,0,0
138.0,7,online,mobile_ios,41.71,europe,600.69,6,78.81,3.0,0,0,0
136.12,0,travel,mobile_android,512.24,north_america,1733.02,1,57.47,17.12,0,0,0
28.62,13,online,desktop_mac,275.08,asia_pacific,458.92,5,67.79,13.56,0,1,0
49.82,10,entertainment,mobile_ios,51.83,asia_pacific,71.81,2,36.25,10.2,1,0,0
17.22,11,electronics,mobile_ios,315.18,north_america,717.72,2,65.43,5.61,0,0,0
26.69,23,food,mobile_android,398.56,europe,437.58,5,51.21,7.79,0,0,0
24.75,14,electronics,mobile_ios,64.96,north_america,1798.27,1,29.52,12.7,0,0,0
45.64,11,retail,mobile_ios,254.41,europe,1118.39,9,47.28,8.86,0,0,0
119.28,14,food,mobile_ios,61.82,africa,637.88,1,36.65,0.87,0,0,0
26.47,10,electronics,desktop_windows,736.62,europe,811.2,2,51.03,13.3,0,0,0
42.46,12,electronics,mobile_android,866.29,asia_pacific,1665.7,3,57.42,7.77,0,0,0
110.33,21,travel,desktop_windows,19.4,europe,109.5,14,25.3,183.57,1,0,1
47.81,11,retail,mobile_android,153.37,europe,395.47,4,74.83,39.09,0,0,0
25.41,9,retail,mobile_ios,111.36,middle_east,1352.87,4,49.78,13.22,0,0,0
135.06,3,travel,mobile_android,32.31,europe,150.71,10,6.66,32.33,1,3,1
6.86,10,food,desktop_windows,372.87,europe,1987.14,4,87.08,6.96,0,0,0
54.85,11,electronics,mobile_android,352.83,north_america,81.27,2,17.78,18.13,0,0,0
20.06,15,food,mobile_android,728.8,asia_pacific,396.02,3,56.41,2.53,0,0,0
163.29,10,electronics,mobile_android,585.95,europe,470.35,3,43.91,11.15,0,0,0
49.42,12,food,desktop_mac,510.46,north_america,210.67,2,36.95,26.04,0,0,0
14.87,8,online,tablet,578.12,north_america,1671.33,7,56.24,29.16,0,0,0
26.03,17,food,mobile_android,512.93,north_america,236.23,1,71.02,12.55,0,0,0
46.47,13,food,mobile_ios,712.42,europe,1598.41,6,43.33,9.72,0,0,0
53.57,11,travel,mobile_android,942.74,latin_america,670.22,4,50.57,1.44,0,0,0
10.21,15,food,mobile_android,837.8,europe,1407.66,4,62.57,21.02,0,0,0
64.02,11,retail,mobile_ios,955.81,north_america,918.39,5,69.23,27.74,0,0,0
18.0,13,utilities,mobile_ios,228.35,asia_pacific,1307.04,2,58.47,4.39,0,0,0
675.29,17,online,desktop_windows,21.83,europe,142.08,10,57.45,117.07,1,0,1
100.82,16,online,mobile_ios,544.93,north_america,1226.85,3,55.8,0.36,0,0,0
99.12,0,luxury,desktop_windows,4.52,europe,147.53,7,63.27,84.14,1,2,1
21.32,14,online,mobile_ios,986.82,north_america,274.85,6,39.13,4.41,0,0,0
5.6,10,electronics,mobile_android,870.93,europe,1557.31,4,41.83,0.12,0,0,0
87.03,13,electronics,desktop_windows,471.67,asia_pacific,1995.7,2,36.8,13.31,0,0,0
112.78,17,travel,desktop_windows,762.29,asia_pacific,775.23,4,34.43,12.72,0,0,0
124.13,14,food,mobile_ios,727.97,north_america,1430.99,1,68.9,3.12,0,0,0
22.77,9,travel,desktop_windows,428.21,europe,307.2,3,40.12,11.25,0,0,0
8.8,8,retail,mobile_android,269.29,europe,486.67,5,55.93,0.63,0,0,0
3.58,15,electronics,mobile_android,876.29,europe,784.21,3,45.74,44.5,0,1,0
223.12,10,luxury,desktop_windows,39.15,africa,147.54,13,84.0,65.83,1,2,1
8.23,17,retail,desktop_windows,976.26,europe,1039.93,1,63.82,1.8,0,0,0
45.69,15,utilities,mobile_android,319.04,north_america,240.12,2,58.92,40.15,0,0,0
63.29,17,utilities,mobile_android,195.04,north_america,1575.09,3,51.52,10.74,0,0,0
71.27,10,retail,desktop_windows,956.0,north_america,658.7,5,49.01,12.87,0,0,0
3.07,21,online,mobile_android,633.37,north_america,993.83,6,56.77,0.59,0,0,0
152.09,8,online,mobile_android,570.14,europe,1682.56,1,42.1,6.01,0,0,0
29.7,8,travel,mobile_android,86.55,north_america,1187.5,2,63.41,8.76,0,0,0
81.37,9,online,tablet,492.32,asia_pacific,173.36,6,37.43,5.11,0,0,0
124.97,3,retail,mobile_ios,478.46,north_america,982.76,4,49.09,7.47,0,0,0
6.92,23,utilities,mobile_ios,665.29,europe,939.4,2,46.44,7.55,0,0,0
50.96,18,utilities,mobile_ios,473.31,europe,1296.54,2,89.41,0.69,0,0,0
14.46,11,retail,mobile_android,928.01,north_america,1238.27,3,72.27,5.59,0,0,0
17.78,20,food,mobile_ios,44.41,north_america,1203.19,4,44.5,0.19,0,0,0
14.36,15,food,mobile_android,217.91,europe,1748.0,0,55.72,8.78,0,0,0
37.91,7,retail,mobile_ios,708.72,north_america,1835.59,1,55.78,1.23,0,0,0
104.51,2,food,mobile_android,439.77,north_america,373.54,4,51.22,6.32,0,0,0
24.87,13,online,mobile_android,517.07,north_america,1955.66,1,75.83,22.99,0,0,0
211.04,9,entertainment,mobile_android,402.43,north_america,1448.75,3,57.02,14.06,0,0,0
60.84,14,online,desktop_windows,583.54,europe,1896.77,7,65.83,7.54,0,0,0
7.17,5,travel,mobile_android,405.44,north_america,984.98,2,52.93,10.12,1,0,0
59.73,9,food,mobile_android,680.62,north_america,1736.08,3,56.54,1.02,0,0,0
58.41,17,retail,mobile_ios,699.01,latin_america,1660.4,5,52.67,19.72,1,0,0
58.61,17,retail,desktop_mac,511.33,europe,1834.86,4,65.14,1.41,0,0,0
199.17,18,retail,mobile_android,523.28,europe,586.26,6,66.3,5.06,0,1,0
31.52,17,online,mobile_ios,382.24,north_america,1793.08,8,62.65,17.45,0,0,0
298.84,18,travel,mobile_ios,40.94,africa,6.68,7,48.55,258.65,1,4,1
20.71,12,retail,mobile_android,787.92,middle_east,1996.72,2,83.43,3.89,0,0,0
57.95,22,retail,mobile_android,825.27,asia_pacific,1013.73,1,58.16,36.44,0,0,0
29.42,7,utilities,mobile_ios,957.53,north_america,507.02,2,77.85,15.79,0,0,0
92.06,15,retail,mobile_android,741.36,latin_america,546.06,2,61.72,1.98,0,0,0
64.77,17,food,mobile_ios,243.51,north_america,386.71,5,72.75,18.7,0,0,0
124.27,9,travel,mobile_android,134.69,europe,168.57,2,57.54,1.75,0,0,0
166.5,16,entertainment,tablet,347.4,north_america,1484.38,5,42.93,5.5,0,0,0
23.03,5,food,tablet,811.41,north_america,844.76,3,70.58,7.1,0,0,0
166.84,6,retail,mobile_android,480.34,north_america,951.31,4,66.65,10.78,0,0,0
2.93,8,electronics,mobile_ios,422.76,north_america,1605.3,0,71.46,9.72,0,0,0
58.27,1,online,mobile_android,284.67,north_america,456.27,2,31.31,74.47,0,0,0
74.7,7,electronics,mobile_android,832.34,north_america,1570.49,2,47.7,4.33,0,0,0
27.31,11,travel,mobile_android,398.5,north_america,782.34,1,43.83,25.77,0,0,0
28.51,16,food,mobile_android,728.66,europe,1656.67,1,66.06,4.11,0,0,0
44.9,15,food,mobile_ios,162.86,north_america,200.28,4,66.85,0.12,0,0,0
70.86,18,electronics,mobile_ios,577.37,north_america,1084.15,6,58.32,32.83,0,0,0
1.28,17,retail,mobile_android,429.73,north_america,1835.25,2,33.42,26.2,0,0,0
223.82,19,electronics,mobile_android,622.08,north_america,1510.63,8,105.65,6.06,0,0,0
65.54,4,online,mobile_android,700.76,europe,1632.69,2,61.82,9.25,0,0,0
32.6,11,retail,mobile_ios,198.36,asia_pacific,160.22,5,59.28,5.9,0,2,0
10.39,8,food,desktop_mac,295.79,north_america,454.12,5,82.45,2.9,0,0,0
103.15,10,electronics,mobile_ios,212.4,north_america,412.09,2,36.6,1.14,0,0,0
70.91,14,travel,mobile_android,697.26,europe,787.21,5,54.18,57.44,0,0,0
78.62,12,online,mobile_android,657.22,north_america,291.35,1,40.83,10.18,0,0,0
5.75,14,food,desktop_windows,567.69,north_america,267.44,4,71.68,3.95,0,0,0
96.54,7,travel,mobile_ios,449.98,north_america,1157.15,6,63.4,14.28,0,2,0
104.72,11,food,mobile_android,681.59,europe,1524.57,5,63.89,17.05,0,2,0
43.63,11,online,mobile_ios,189.0,europe,1880.62,5,43.99,12.75,0,0,0
12.7,16,utilities,mobile_ios,740.33,asia_pacific,1837.95,5,58.88,3.94,0,0,0
36.19,10,food,mobile_android,115.48,north_america,1660.38,1,47.65,1.95,0,0,0
5.73,6,online,mobile_android,143.37,north_america,362.48,1,61.9,12.77,0,0,0
29.29,7,retail,mobile_ios,229.21,north_america,1122.61,6,54.1,28.84,0,0,0
51.05,11,electronics,desktop_mac,566.82,north_america,1704.71,3,53.97,20.37,0,0,0
136.13,7,online,tablet,458.29,europe,373.64,2,54.57,1.35,0,0,0
17.43,8,food,mobile_ios,251.57,europe,1230.42,0,49.56,9.07,0,0,0
106.08,12,travel,mobile_android,429.4,north_america,508.48,3,93.86,2.56,0,0,0
93.2,19,retail,mobile_android,704.77,north_america,1498.82,0,46.69,13.56,0,0,0
66.35,7,entertainment,mobile_ios,60.24,europe,254.06,2,66.8,22.33,0,0,0
49.59,14,retail,mobile_ios,753.87,north_america,1205.87,3,54.28,9.56,0,0,0
119.89,8,retail,desktop_mac,467.02,north_america,1132.77,1,73.56,39.71,0,0,0
7.27,11,retail,mobile_android,164.23,north_america,932.0,4,61.9,13.76,0,0,0
56.14,10,food,desktop_mac,144.91,africa,79.85,2,71.31,46.13,0,0,0
74.36,10,travel,mobile_android,497.38,asia_pacific,967.61,1,57.19,3.12,0,0,0
191.31,11,food,mobile_ios,798.68,middle_east,920.96,1,41.69,5.24,0,0,0
125.13,9,utilities,desktop_mac,384.13,middle_east,344.89,8,62.34,12.04,0,0,0
34.12,12,retail,mobile_android,98.79,north_america,1983.7,1,69.06,7.25,0,0,0
23.87,21,food,mobile_ios,976.8,north_america,1704.37,5,68.97,72.13,0,1,0
94.55,16,luxury,mobile_android,197.03,north_america,1939.59,5,55.92,3.2,0,0,0
21.82,8,entertainment,mobile_android,409.36,middle_east,1487.81,2,81.1,12.17,0,1,0
34.32,8,electronics,mobile_ios,79.79,north_america,924.14,2,67.23,4.21,0,0,0
16.77,10,retail,mobile_ios,333.85,europe,843.82,3,48.12,34.09,0,0,0
52.82,13,online,mobile_android,317.46,north_america,1465.78,6,33.07,43.41,0,1,0
78.78,15,food,mobile_ios,210.58,north_america,1068.3,2,44.99,1.74,0,0,0
40.76,11,electronics,mobile_ios,809.44,north_america,1009.75,2,48.21,15.81,1,0,0
58.4,10,travel,mobile_android,174.79,asia_pacific,1704.28,4,45.01,12.13,0,0,0
23.42,5,online,mobile_ios,367.53,europe,760.52,6,29.53,6.96,0,1,0
10.06,6,food,mobile_ios,407.19,europe,1718.54,0,49.38,3.87,0,0,0
158.18,12,online,mobile_android,920.65,asia_pacific,166.61,1,43.51,5.98,0,0,0
11.43,8,travel,mobile_ios,648.79,north_america,389.14,2,82.92,6.64,0,0,0
14.53,9,luxury,mobile_android,53.0,europe,729.7,1,48.43,18.25,0,0,0
144.33,7,electronics,mobile_android,665.13,europe,1857.52,2,61.88,0.01,0,0,0
3.65,22,food,mobile_ios,58.3,middle_east,275.95,4,43.94,0.7,0,0,0
2.22,13,online,mobile_ios,32.93,europe,1502.85,5,50.3,7.63,0,0,0
535.65,21,electronics,mobile_android,1.76,asia_pacific,177.17,5,66.27,37.41,1,1,1
61.68,11,electronics,mobile_ios,722.66,europe,1311.49,1,55.62,20.71,0,0,0
45.06,5,entertainment,mobile_android,617.83,europe,1252.09,4,48.43,16.72,0,0,0
111.28,13,electronics,mobile_android,214.74,asia_pacific,650.11,2,28.56,1.7,0,0,0
61.22,17,online,mobile_ios,416.6,north_america,1384.55,6,58.0,44.86,0,0,0
181.24,5,electronics,mobile_android,868.3,europe,466.27,5,70.69,2.11,0,0,0
87.73,19,electronics,desktop_windows,187.04,north_america,117.77,5,68.34,0.71,1,0,0
239.39,17,retail,mobile_android,385.95,middle_east,1645.91,2,41.67,10.0,0,0,0
57.43,17,retail,desktop_windows,790.43,north_america,1573.13,1,50.84,19.45,0,0,0
35.74,12,retail,mobile_android,354.11,europe,1336.09,1,69.17,6.02,0,0,0
62.69,13,electronics,mobile_ios,986.45,north_america,624.46,4,44.78,0.26,0,0,0
43.22,9,food,desktop_mac,53.69,north_america,1121.64,2,22.84,0.51,0,0,0
33.56,8,electronics,desktop_windows,454.16,north_america,296.85,1,53.31,10.48,0,0,0
43.6,7,utilities,desktop_windows,293.7,europe,932.4,3,25.44,11.36,0,0,0
51.75,9,food,mobile_android,336.62,europe,771.33,1,32.77,5.59,0,0,0
116.61,7,retail,mobile_ios,92.39,middle_east,1250.11,2,63.99,0.76,0,0,0
53.53,11,food,desktop_mac,238.41,middle_east,1001.39,2,73.46,2.35,0,0,0
3.46,11,electronics,mobile_android,819.78,latin_america,396.86,3,36.28,39.22,0,0,0
102.97,11,utilities,mobile_android,831.43,north_america,708.11,2,63.32,12.15,0,0,0
65.46,0,electronics,tablet,944.33,latin_america,1637.45,2,18.1,9.88,0,0,0
33.66,12,travel,mobile_ios,519.25,europe,727.28,1,64.17,24.37,0,0,0
43.0,16,food,mobile_android,143.95,europe,606.21,2,62.57,5.06,0,0,0
22.48,14,electronics,mobile_ios,243.13,europe,869.86,3,61.27,9.61,1,0,0
169.64,12,luxury,mobile_ios,39.25,north_america,1979.76,6,61.75,26.77,0,0,0
33.02,14,online,mobile_android,103.29,north_america,688.27,1,64.38,3.83,0,0,0
89.42,13,travel,desktop_windows,993.02,europe,1190.48,2,70.96,1.44,0,0,0
137.45,10,travel,mobile_android,859.46,middle_east,1910.79,4,67.61,2.28,0,0,0
96.22,13,food,mobile_ios,230.78,europe,1784.64,3,52.14,2.22,0,0,0
7.6,20,retail,mobile_ios,406.88,asia_pacific,1984.34,2,65.71,2.9,0,0,0
96.32,8,food,desktop_mac,543.94,middle_east,461.27,6,66.77,2.07,0,0,0
27.8,17,retail,desktop_mac,392.4,asia_pacific,1528.57,1,28.78,6.95,0,0,0
90.4,17,utilities,mobile_ios,68.08,north_america,1547.42,2,72.28,8.75,0,0,0
7.53,1,food,desktop_mac,718.87,europe,791.03,2,63.67,4.16,0,0,0
23.96,11,travel,desktop_windows,155.11,europe,389.26,3,55.08,16.63,0,0,0
36.42,6,retail,mobile_android,584.18,latin_america,1477.3,2,82.74,7.53,0,0,0
11.58,10,food,mobile_ios,69.75,north_america,660.93,7,72.58,46.04,1,0,0
7.76,16,electronics,mobile_android,851.14,europe,1580.8,1,72.66,7.71,0,0,0
33.57,13,luxury,mobile_android,345.74,middle_east,121.03,4,52.29,22.58,0,0,0
34.54,9,retail,mobile_android,952.09,north_america,891.78,3,63.1,27.83,0,0,0
68.15,13,travel,desktop_windows,107.4,north_america,420.65,4,53.08,15.4,0,0,0
17.56,13,electronics,tablet,414.98,europe,1477.25,3,82.49,20.79,0,0,0
1.31,13,travel,mobile_ios,61.99,europe,544.38,4,51.09,3.56,0,0,0
15.6,7,electronics,mobile_android,62.43,north_america,1696.27,3,52.36,7.28,0,0,0
71.06,12,electronics,mobile_android,776.99,north_america,1054.71,6,57.61,1.13,0,0,0
69.39,6,retail,mobile_android,492.27,north_america,286.1,9,51.2,11.48,0,0,0
44.5,8,electronics,mobile_ios,743.94,north_america,487.05,3,32.79,22.87,0,0,0
1.3,9,retail,desktop_mac,317.55,asia_pacific,517.15,3,59.31,75.38,0,0,0
80.7,20,online,desktop_mac,369.4,europe,979.14,3,38.92,11.95,0,0,0
7.97,11,online,mobile_ios,264.65,north_america,559.24,2,94.72,2.04,0,1,0
14.78,13,electronics,mobile_ios,533.37,north_america,1824.16,2,68.48,3.37,0,0,0
76.87,13,travel,mobile_ios,833.81,north_america,1033.3,5,49.85,0.99,0,0,0
114.52,12,food,desktop_windows,565.27,north_america,593.58,2,24.95,0.55,0,0,0
24.32,5,electronics,mobile_ios,270.49,asia_pacific,1084.43,3,46.86,14.8,0,0,0
181.61,11,travel,mobile_android,456.32,north_america,276.89,5,45.66,17.19,0,0,0
160.3,8,retail,mobile_android,614.92,north_america,703.9,6,70.99,7.34,0,0,0
11.06,8,electronics,mobile_ios,486.64,north_america,884.24,2,54.96,27.81,0,0,0
77.82,11,food,mobile_ios,291.41,north_america,1143.52,3,58.89,11.52,0,0,0
66.62,0,retail,mobile_ios,86.05,europe,385.17,3,42.63,12.03,0,0,0
92.4,19,online,mobile_android,126.73,north_america,417.21,3,46.07,8.26,0,0,0
31.58,8,retail,mobile_ios,979.49,europe,1124.52,2,67.22,2.77,0,0,0
38.14,14,retail,mobile_android,967.19,europe,1248.94,2,73.83,4.8,0,0,0
14.83,8,electronics,mobile_android,71.06,north_america,1092.31,1,20.71,4.62,0,0,0
122.62,14,food,desktop_mac,328.43,north_america,1404.05,2,59.84,4.6,0,0,0
20.1,18,travel,desktop_mac,877.42,asia_pacific,62.59,5,37.3,12.78,0,0,0
9.54,7,retail,desktop_windows,753.75,asia_pacific,850.23,3,50.88,43.08,0,0,0
12.48,7,retail,mobile_ios,602.14,north_america,1909.31,0,27.69,25.81,0,2,0
259.93,6,food,mobile_android,976.74,north_america,1597.45,4,59.48,2.59,0,0,0
4.73,7,travel,mobile_ios,534.48,europe,1556.81,2,62.08,8.01,0,0,0
115.31,21,travel,mobile_ios,348.88,latin_america,1017.97,2,50.87,6.29,0,0,0
317.32,9,retail,unknown,831.93,europe,111.93,6,29.34,10.4,0,0,0
14.43,7,entertainment,desktop_windows,310.27,europe,1703.27,2,60.33,12.73,0,0,0
48.25,10,retail,mobile_ios,806.05,asia_pacific,1228.18,3,58.35,8.62,0,0,0
26.62,8,electronics,unknown,699.2,europe,700.89,5,42.94,0.2,0,0,0
5.24,8,online,mobile_ios,457.63,europe,1675.72,1,66.31,43.05,0,0,0
18.16,10,utilities,mobile_ios,127.51,north_america,301.53,4,65.6,3.49,0,0,0
17.25,19,online,mobile_ios,973.06,latin_america,963.98,4,44.89,10.96,0,0,0
65.11,14,electronics,tablet,592.57,north_america,857.15,8,54.26,53.7,0,0,0
41.59,0,retail,mobile_android,113.66,middle_east,1107.73,1,51.56,0.41,0,0,0
187.51,12,food,desktop_mac,131.24,north_america,647.35,5,43.34,5.6,0,0,0
203.57,12,retail,mobile_android,211.13,north_america,1952.55,1,54.23,17.44,0,0,0
12.42,12,online,desktop_mac,403.41,europe,1122.87,1,58.48,5.56,0,0,0
94.4,15,retail,mobile_ios,254.64,europe,1943.88,6,44.88,32.73,0,0,0
10.03,19,food,mobile_ios,727.89,north_america,1143.84,1,57.14,4.55,0,0,0
35.32,19,luxury,desktop_windows,733.63,asia_pacific,1926.82,1,40.48,7.04,0,0,0
69.65,9,food,desktop_mac,122.82,north_america,1234.48,8,76.17,10.34,0,0,0
210.23,14,online,mobile_android,546.15,asia_pacific,801.15,1,42.63,13.79,0,0,0
50.21,12,food,mobile_android,667.72,north_america,1909.93,3,52.97,3.94,0,1,0
80.13,6,food,desktop_windows,850.37,north_america,1279.28,4,29.77,25.87,0,0,0
83.57,14,food,desktop_windows,534.58,asia_pacific,935.59,3,71.64,11.92,0,0,0
44.01,12,retail,desktop_mac,460.29,europe,1347.11,5,53.85,6.96,0,0,0
76.12,11,food,mobile_android,374.48,asia_pacific,1243.36,1,57.65,18.56,1,0,0
11.97,16,electronics,mobile_android,354.69,north_america,1103.04,4,46.15,26.78,0,0,0
53.82,8,travel,desktop_windows,223.4,north_america,1149.57,4,68.13,0.93,0,0,0
153.18,11,retail,mobile_ios,249.1,north_america,372.22,6,49.52,12.42,0,0,0
55.71,0,food,mobile_ios,44.51,asia_pacific,1583.54,4,46.36,1.72,0,0,0
70.42,8,travel,mobile_android,527.82,africa,1920.47,3,57.78,29.59,0,0,0
58.97,12,electronics,mobile_android,643.7,europe,243.97,5,60.97,7.89,0,0,0
12.98,15,retail,desktop_windows,943.73,asia_pacific,414.0,5,43.98,23.58,0,0,0
47.48,11,retail,mobile_android,593.93,north_america,514.75,4,62.76,2.04,0,0,0
42.23,18,online,tablet,931.15,north_america,1398.58,3,64.22,14.84,0,0,0
41.01,8,travel,mobile_ios,842.1,asia_pacific,1188.68,3,65.58,0.59,0,0,0
6.86,20,retail,mobile_ios,238.12,north_america,407.95,3,65.85,14.24,0,0,0
49.48,17,online,mobile_android,39.06,north_america,1559.24,2,59.03,2.41,0,2,0
59.62,9,electronics,mobile_android,810.19,north_america,972.64,6,30.99,15.87,0,0,0
131.78,5,electronics,desktop_windows,401.61,north_america,503.13,4,47.91,2.73,0,0,0
124.4,9,electronics,desktop_windows,814.71,asia_pacific,1090.15,2,28.54,2.4,0,0,0
133.72,12,entertainment,unknown,772.79,asia_pacific,199.12,3,46.46,13.3,0,0,0
174.01,16,utilities,desktop_windows,58.13,north_america,406.35,0,60.89,20.85,0,0,0
16.26,13,electronics,tablet,349.05,north_america,1882.09,3,46.96,6.51,0,0,0
9.63,1,travel,mobile_android,602.04,asia_pacific,874.13,1,54.89,19.09,0,0,0
18.9,6,online,mobile_ios,441.66,europe,1251.96,3,60.02,14.48,0,0,0
157.7,7,retail,mobile_android,583.56,europe,1030.96,5,35.78,9.09,0,0,0
11.03,14,retail,mobile_ios,589.65,north_america,1350.5,1,38.69,3.65,0,0,0
30.9,9,food,desktop_mac,170.37,north_america,137.64,0,88.64,27.87,0,0,0
22.68,16,electronics,mobile_android,699.98,north_america,1256.42,4,43.77,2.51,0,0,0
162.32,12,electronics,desktop_mac,326.41,north_america,1526.02,4,36.84,18.2,0,0,0
110.33,11,travel,mobile_ios,531.61,north_america,626.14,3,36.01,13.94,0,0,0
60.25,16,retail,mobile_ios,945.06,europe,1054.61,5,57.82,3.49,0,1,0
185.81,17,travel,tablet,529.48,north_america,1891.79,0,66.03,1.39,0,0,0
3.81,11,electronics,mobile_android,470.64,latin_america,876.27,5,54.7,2.87,0,0,0
12.44,9,food,mobile_android,543.55,north_america,1719.51,5,47.13,13.53,0,0,0
143.17,1,food,mobile_android,527.68,north_america,450.81,0,80.49,15.53,0,0,0
102.55,11,online,mobile_ios,455.5,europe,1783.87,4,50.85,6.35,0,0,0
37.39,10,online,tablet,330.47,asia_pacific,1684.87,3,75.02,13.3,0,0,0
53.67,11,utilities,mobile_android,93.05,north_america,235.74,4,84.0,7.54,0,0,0
41.15,6,retail,mobile_android,362.82,asia_pacific,1860.01,4,38.16,12.08,0,0,0
41.85,14,electronics,tablet,148.23,north_america,292.81,2,33.85,5.33,0,0,0
72.72,11,electronics,mobile_ios,520.57,europe,1379.32,1,50.8,6.25,0,1,0
1.88,10,food,mobile_ios,552.23,latin_america,1199.49,4,53.97,5.79,0,0,0
1.7,7,online,desktop_windows,161.36,north_america,1124.94,3,61.91,31.51,0,0,0
83.61,7,travel,mobile_android,888.46,asia_pacific,422.41,1,61.67,6.15,0,0,0
35.87,8,electronics,desktop_windows,260.14,north_america,451.31,2,102.23,26.2,0,0,0
6.37,6,retail,desktop_windows,30.88,north_america,1752.92,0,82.73,9.77,0,1,0
4.6,13,retail,mobile_ios,655.92,asia_pacific,974.23,2,68.95,19.49,0,0,0
24.55,22,electronics,mobile_android,206.87,latin_america,1467.97,2,65.65,28.08,0,0,0
117.15,9,luxury,desktop_windows,751.03,north_america,408.9,3,69.19,0.9,0,0,0
62.63,10,entertainment,mobile_android,286.47,europe,661.43,2,44.74,8.22,0,0,0
5.06,9,retail,mobile_android,392.36,europe,1367.61,5,66.77,44.91,0,0,0
7.42,14,food,desktop_mac,716.3,north_america,1762.85,3,38.44,9.17,0,0,0
28.91,13,retail,mobile_ios,803.04,north_america,327.77,4,78.26,19.04,0,0,0
2.1,19,food,mobile_ios,310.52,latin_america,1249.46,3,75.81,31.39,0,1,0
29.04,12,retail,mobile_ios,811.79,latin_america,1010.83,2,49.0,7.03,0,0,0
34.62,5,retail,mobile_ios,798.92,asia_pacific,210.64,2,69.82,0.13,0,0,0
87.24,5,retail,desktop_windows,696.84,latin_america,84.56,5,59.9,7.43,0,0,0
34.95,20,entertainment,desktop_windows,53.26,asia_pacific,444.9,4,42.97,1.14,0,0,0
90.93,12,retail,mobile_ios,485.75,europe,93.32,7,48.04,5.46,0,0,0
24.06,15,online,desktop_windows,659.61,latin_america,942.52,4,66.99,7.51,0,0,0
44.07,9,travel,desktop_windows,132.55,north_america,1633.9,4,56.07,26.35,0,0,0
15.25,15,luxury,desktop_mac,929.96,latin_america,857.78,2,77.07,6.46,0,0,0
31.8,7,utilities,mobile_android,755.72,europe,528.84,2,52.5,5.85,0,0,0
60.32,10,retail,mobile_android,703.98,north_america,777.81,4,59.23,24.54,0,0,0
7.19,20,entertainment,mobile_android,195.82,latin_america,310.62,1,57.69,26.6,0,0,0
6.19,10,retail,desktop_windows,770.71,north_america,1146.92,6,36.53,11.85,0,0,0
54.0,9,retail,mobile_android,182.66,middle_east,414.43,1,55.1,59.48,0,0,0
111.64,1,online,mobile_ios,555.77,asia_pacific,470.37,2,38.55,9.92,0,0,0
67.27,14,electronics,mobile_android,443.61,north_america,510.02,3,68.75,12.87,0,0,0
2.54,14,electronics,mobile_android,378.56,asia_pacific,1596.9,4,15.29,39.19,0,0,0
34.11,7,retail,mobile_android,550.11,north_america,808.32,6,53.49,44.17,0,0,0
15.54,15,electronics,mobile_android,154.01,asia_pacific,1894.73,2,31.49,12.3,0,0,0
5.97,12,online,mobile_ios,252.93,europe,1994.92,6,58.37,27.06,0,0,0
30.58,7,retail,desktop_windows,239.65,asia_pacific,1730.06,6,63.16,7.84,0,0,0
23.22,13,food,mobile_ios,204.4,north_america,1540.98,1,29.23,2.32,0,0,0
16.96,11,food,mobile_android,783.64,europe,396.66,3,63.57,10.82,0,0,0
88.45,15,retail,mobile_ios,342.42,asia_pacific,1596.97,4,17.24,12.21,0,0,0
18.9,17,retail,mobile_ios,195.05,europe,888.77,2,49.43,14.74,0,0,0
62.49,6,utilities,mobile_ios,186.27,asia_pacific,233.14,3,65.22,3.72,0,0,0
62.64,14,electronics,mobile_android,980.34,north_america,1937.56,7,32.32,2.06,0,0,0
172.79,9,online,mobile_android,530.76,north_america,713.71,4,56.63,9.79,0,0,0
46.17,9,entertainment,mobile_ios,836.83,north_america,1209.42,5,40.9,8.96,0,0,0
8.81,9,food,mobile_ios,82.43,latin_america,403.64,2,47.35,1.15,0,1,0
51.35,1,food,mobile_ios,92.56,asia_pacific,1853.39,5,42.34,4.85,0,0,0
96.03,9,retail,tablet,452.52,north_america,254.85,3,74.84,9.08,0,0,0
2.1,14,retail,mobile_android,225.61,middle_east,1226.54,5,54.26,2.29,0,0,0
76.6,8,retail,mobile_android,938.26,europe,426.49,0,62.95,7.31,1,0,0
102.07,7,travel,desktop_mac,316.26,europe,259.01,4,63.39,23.17,0,0,0
21.26,13,retail,mobile_ios,871.33,asia_pacific,1628.41,3,47.57,0.37,0,0,0
67.98,11,electronics,mobile_android,625.3,europe,1000.47,4,38.34,3.79,0,0,0
199.0,13,food,desktop_windows,62.78,north_america,1981.7,4,53.99,7.98,0,0,0
32.92,19,entertainment,desktop_windows,468.31,north_america,1005.63,8,59.92,4.17,0,0,0
13.04,16,retail,mobile_android,92.12,europe,550.2,3,67.38,11.3,0,0,0
27.0,9,retail,mobile_android,436.67,north_america,1264.98,4,44.87,20.27,0,0,0
25.49,5,online,mobile_android,733.16,europe,887.2,2,68.94,2.47,0,0,0
58.02,11,online,desktop_mac,605.8,north_america,1889.74,1,78.62,5.94,0,0,0
67.2,7,electronics,mobile_ios,234.93,north_america,575.55,4,41.84,23.0,0,0,0
69.2,9,retail,desktop_mac,528.46,europe,481.48,0,74.45,8.51,0,0,0
72.73,15,travel,mobile_android,360.17,north_america,1992.52,1,23.28,2.08,0,0,0
144.84,12,retail,desktop_windows,696.34,north_america,1155.81,7,63.81,8.94,0,0,0
55.1,9,luxury,mobile_android,818.31,europe,1006.36,3,62.84,11.21,0,0,0
12.72,16,food,mobile_android,724.17,europe,1699.51,2,45.86,3.13,0,0,0
20.79,11,online,tablet,72.82,europe,1646.75,0,81.78,2.22,0,0,0
9.22,12,food,mobile_ios,949.61,europe,1136.72,3,84.52,0.83,0,0,0
13.04,9,electronics,mobile_android,510.78,middle_east,1974.39,2,96.5,18.71,0,0,0
198.8,10,travel,desktop_windows,294.38,europe,608.29,4,47.11,33.6,0,0,0
33.82,5,food,mobile_android,618.52,north_america,1870.52,4,66.04,16.92,0,0,0
20.49,12,food,desktop_windows,808.98,north_america,1565.71,0,49.43,22.3,0,2,0
20.87,11,food,mobile_ios,741.4,asia_pacific,1713.34,1,60.38,7.51,0,0,0
49.61,10,retail,mobile_ios,250.8,north_america,588.55,5,64.7,18.83,0,0,0
82.74,11,electronics,desktop_windows,180.04,north_america,843.8,1,37.17,11.54,0,0,0
24.62,9,online,mobile_ios,356.22,north_america,928.23,1,31.51,10.4,0,0,0
53.95,14,travel,desktop_mac,244.85,europe,320.85,2,51.62,5.3,0,0,0
30.1,11,retail,mobile_android,528.66,north_america,1842.57,2,61.27,8.26,0,0,0
2.65,16,retail,unknown,886.85,north_america,859.08,2,57.35,14.38,0,0,0
73.97,3,travel,mobile_ios,738.6,europe,1753.69,1,63.4,10.92,0,0,0
134.58,11,food,mobile_ios,906.31,north_america,823.73,3,36.15,1.21,0,0,0
79.75,12,online,mobile_android,833.37,asia_pacific,231.33,3,41.17,1.13,0,0,0
86.7,9,retail,desktop_windows,374.95,europe,705.35,4,39.93,5.09,0,0,0
45.32,13,online,mobile_android,91.63,north_america,1049.16,1,52.3,1.27,0,0,0
4.86,13,electronics,mobile_android,360.07,asia_pacific,1983.52,2,52.61,9.07,0,0,0
12.95,17,entertainment,desktop_mac,237.84,latin_america,405.85,4,46.23,0.31,0,0,0
7.65,8,online,desktop_mac,491.39,europe,1367.45,2,54.49,5.15,0,0,0
46.98,1,luxury,mobile_android,524.91,north_america,1020.21,5,77.43,0.14,0,0,0
28.39,14,entertainment,mobile_ios,944.03,north_america,1368.02,5,53.86,0.36,1,0,0
41.71,21,travel,mobile_android,846.2,north_america,919.17,1,53.93,8.8,0,0,0
1390.67,2,electronics,desktop_windows,2.09,asia_pacific,45.35,7,72.54,24.77,1,0,1
44.89,11,retail,mobile_android,465.44,europe,729.08,4,44.5,5.66,0,0,0
1.56,21,electronics,mobile_ios,826.4,north_america,1455.24,5,48.84,5.91,0,0,0
21.85,9,online,desktop_windows,777.3,latin_america,659.98,4,47.33,15.75,0,0,0
6.76,14,entertainment,mobile_android,70.62,north_america,1683.8,0,62.11,2.0,0,0,0
6.27,13,food,tablet,290.23,north_america,1703.49,2,48.79,2.48,0,0,0
61.03,12,retail,mobile_ios,696.66,europe,508.02,2,46.42,5.79,0,0,0
48.47,5,food,mobile_ios,531.94,north_america,751.72,3,54.42,4.83,0,0,0
11.72,11,retail,mobile_ios,296.18,north_america,1598.23,1,45.96,1.67,0,0,0
140.71,11,entertainment,mobile_android,687.02,north_america,1278.67,5,30.4,8.18,0,0,0
25.62,8,retail,mobile_android,810.13,asia_pacific,1980.81,3,55.61,3.35,0,0,0
44.92,9,retail,mobile_android,683.78,north_america,1508.73,6,55.14,25.7,0,0,0
17.52,21,online,mobile_ios,467.07,north_america,347.03,1,46.92,16.87,0,0,0
6.32,8,electronics,mobile_android,222.95,asia_pacific,835.3,1,55.69,0.67,0,0,0
19.05,9,food,mobile_ios,94.75,latin_america,1580.23,4,32.91,7.66,0,0,0
54.48,9,online,mobile_android,233.01,north_america,1592.74,2,62.63,9.39,0,0,0
4.53,14,electronics,mobile_android,325.03,north_america,1692.88,3,66.64,3.99,0,0,0
22.17,8,travel,mobile_ios,822.59,north_america,1800.73,1,46.62,11.71,0,0,0
39.57,21,entertainment,mobile_ios,704.37,europe,1610.08,3,58.45,7.59,0,0,0
8.12,13,electronics,mobile_ios,644.53,asia_pacific,902.42,1,61.68,4.8,0,0,0
80.25,6,retail,mobile_ios,616.47,north_america,1945.77,6,41.79,3.43,0,0,0
9.8,7,retail,mobile_ios,783.87,europe,906.4,3,54.31,11.52,0,0,0
317.8,14,entertainment,desktop_mac,324.35,europe,1071.56,2,84.96,19.47,0,0,0
1.55,21,food,mobile_android,127.73,latin_america,938.85,3,62.61,10.73,0,0,0
203.24,15,retail,mobile_android,549.46,north_america,972.28,4,28.17,14.32,0,0,0
10.75,16,luxury,mobile_android,951.87,latin_america,1185.54,2,52.55,9.82,0,0,0
180.5,11,retail,mobile_ios,483.82,latin_america,1244.65,1,52.77,46.4,0,0,0
58.72,7,electronics,desktop_windows,562.38,asia_pacific,390.25,4,44.74,15.59,0,0,0
96.91,19,electronics,mobile_ios,659.08,asia_pacific,1951.7,7,78.81,8.57,0,0,0
218.86,6,electronics,mobile_ios,27.97,africa,80.39,6,44.12,75.09,1,2,1
17.16,8,electronics,mobile_ios,491.66,europe,569.86,5,64.37,10.61,0,0,0
75.95,12,electronics,mobile_ios,776.17,north_america,1785.25,6,66.77,5.87,0,0,0
60.91,13,entertainment,mobile_android,492.05,asia_pacific,1130.55,5,67.48,38.08,0,0,0
137.0,3,online,mobile_android,107.58,europe,75.22,5,62.11,9.21,0,0,0
26.9,16,retail,mobile_android,470.85,north_america,449.89,3,59.29,19.85,0,0,0
17.27,14,online,desktop_mac,595.53,north_america,452.81,5,77.13,2.78,0,0,0
16.62,23,food,mobile_ios,959.58,middle_east,1343.82,9,60.28,3.29,0,0,0
185.65,7,retail,mobile_ios,167.59,north_america,215.26,2,80.73,3.8,0,0,0
15.32,12,retail,mobile_ios,316.88,asia_pacific,489.17,10,48.93,27.06,0,0,0
72.44,13,electronics,mobile_ios,205.81,north_america,1758.14,1,66.44,12.36,0,0,0
12.1,16,luxury,mobile_android,291.96,north_america,1563.17,3,82.43,2.32,0,0,0
12.72,10,food,mobile_ios,152.03,latin_america,88.93,2,45.14,5.44,0,0,0
7.63,8,online,desktop_mac,343.21,asia_pacific,123.01,2,76.81,16.95,0,0,0
24.21,14,retail,mobile_ios,763.84,asia_pacific,68.01,3,56.48,12.95,0,0,0
1.79,16,travel,desktop_mac,38.96,europe,598.11,1,78.33,2.52,0,0,0
57.78,8,online,mobile_android,83.67,europe,634.4,2,88.37,7.59,0,0,0
55.02,4,electronics,mobile_ios,118.74,north_america,144.51,7,68.86,23.92,0,0,0
35.73,17,entertainment,mobile_ios,333.63,north_america,976.57,1,69.65,5.25,0,0,0
57.18,17,food,mobile_ios,661.66,asia_pacific,1920.05,5,64.44,1.31,0,0,0
58.84,8,utilities,mobile_android,317.18,latin_america,1708.11,4,70.13,24.54,0,0,0
98.48,3,food,mobile_ios,797.61,asia_pacific,625.54,5,54.23,3.61,0,0,0
37.14,22,travel,mobile_ios,161.85,asia_pacific,1299.08,3,50.97,4.89,0,0,0
40.23,10,electronics,mobile_ios,816.89,north_america,449.65,4,51.59,27.88,0,0,0
71.74,16,retail,desktop_mac,828.2,north_america,1808.31,2,59.96,5.15,0,0,0
92.89,17,travel,mobile_android,648.69,north_america,196.84,0,42.35,10.2,0,0,0
9.8,9,food,mobile_android,595.83,middle_east,332.23,4,52.89,0.21,0,0,0
15.95,9,retail,mobile_android,531.88,latin_america,353.6,4,67.85,9.43,0,0,0
51.86,20,online,mobile_android,460.79,north_america,1045.25,3,51.24,26.79,0,0,0
3.89,17,food,mobile_android,521.57,asia_pacific,1502.91,3,63.04,11.96,0,0,0
17.61,17,food,mobile_ios,811.91,asia_pacific,1460.4,4,39.08,17.65,0,0,0
65.97,13,retail,mobile_android,788.92,north_america,499.93,3,56.42,16.26,0,0,0
19.25,7,retail,mobile_ios,718.03,north_america,968.04,2,76.18,4.0,0,0,0
40.37,14,luxury,mobile_android,881.77,north_america,620.44,6,61.17,8.78,0,0,0
120.41,14,electronics,mobile_ios,477.14,north_america,421.64,2,74.18,1.17,0,0,0
7.7,11,online,mobile_android,134.14,asia_pacific,1187.38,1,63.16,29.52,0,0,0
58.02,8,food,mobile_ios,835.13,middle_east,1852.63,4,68.52,35.72,0,0,0
33.43,7,luxury,tablet,626.76,north_america,942.72,4,55.62,8.34,0,0,0
46.01,21,entertainment,desktop_windows,413.87,latin_america,977.8,2,69.75,2.52,0,0,0
265.31,18,electronics,mobile_ios,950.61,north_america,1156.96,1,78.04,1.96,0,0,0
3.23,12,retail,desktop_windows,963.98,north_america,218.51,1,53.41,0.53,0,0,0
48.06,9,online,mobile_android,769.92,latin_america,1915.7,5,54.56,19.21,0,0,0
115.28,1,travel,mobile_android,598.29,latin_america,1778.69,2,45.59,34.9,0,0,0
10.01,16,entertainment,mobile_android,222.19,asia_pacific,1149.54,2,56.35,12.11,0,0,0
69.41,6,food,mobile_android,804.0,latin_america,165.77,3,59.7,7.22,0,0,0
8.59,10,food,mobile_ios,833.67,north_america,697.0,4,61.71,9.1,0,1,0
7.49,9,electronics,mobile_ios,532.11,north_america,574.76,6,65.78,14.99,0,0,0
97.06,18,retail,mobile_android,739.17,north_america,522.23,4,44.79,2.88,0,0,0
29.99,14,food,mobile_ios,421.44,europe,278.63,3,65.23,29.65,0,0,0
15.97,8,electronics,mobile_android,952.08,latin_america,1434.72,2,43.62,12.42,0,0,0
98.62,14,retail,mobile_android,564.78,europe,1318.09,5,67.27,2.26,0,0,0
81.01,20,retail,mobile_ios,465.67,north_america,1571.46,5,38.17,11.19,0,0,0
74.18,17,utilities,mobile_android,554.95,latin_america,1045.83,6,82.16,29.11,0,0,0
1.46,16,online,mobile_ios,794.48,asia_pacific,675.12,4,76.5,7.55,0,0,0
35.13,9,electronics,mobile_ios,995.93,north_america,1606.64,3,36.43,3.02,0,0,0
104.31,12,utilities,desktop_windows,881.16,europe,426.69,1,31.45,1.43,0,0,0
16.56,10,food,mobile_ios,60.93,north_america,389.49,2,61.93,32.75,0,0,0
119.84,7,food,desktop_windows,476.86,north_america,1783.32,2,61.63,14.73,0,0,0
33.42,16,entertainment,desktop_mac,983.17,asia_pacific,1368.87,2,53.92,0.77,0,0,0
41.06,11,entertainment,mobile_ios,121.63,north_america,1177.89,0,37.85,22.32,0,1,0
19.94,14,utilities,mobile_android,310.81,north_america,115.98,5,86.8,4.12,0,0,0
100.49,13,food,desktop_mac,41.3,north_america,1007.81,3,64.89,5.21,0,0,0
34.82,14,electronics,mobile_ios,48.31,asia_pacific,408.28,2,46.51,9.66,0,0,0
61.89,15,travel,mobile_ios,867.59,asia_pacific,1639.29,4,49.75,7.29,0,0,0
48.18,8,utilities,mobile_android,627.74,middle_east,347.67,2,60.18,48.26,0,0,0
27.4,13,electronics,mobile_android,821.55,africa,589.68,3,61.38,5.39,0,0,0
207.88,6,travel,mobile_android,730.93,latin_america,770.93,3,63.5,4.8,0,0,0
21.19,7,utilities,mobile_ios,203.27,europe,710.82,1,41.2,6.69,0,0,0
136.85,5,electronics,mobile_ios,335.49,latin_america,480.37,1,66.9,6.81,1,0,0
294.44,10,electronics,desktop_mac,301.54,latin_america,148.95,5,69.16,8.26,0,0,0
131.28,13,travel,mobile_android,816.12,north_america,1645.14,2,43.97,5.11,0,0,0
71.69,14,food,mobile_ios,397.79,europe,1575.01,4,42.38,5.12,0,0,0
12.65,21,retail,mobile_android,654.25,north_america,463.3,2,56.52,3.15,0,0,0
78.12,11,retail,mobile_ios,142.95,latin_america,1340.25,5,46.25,3.93,1,0,0
97.74,10,electronics,mobile_ios,783.31,europe,142.0,3,62.45,14.78,0,0,0
90.64,19,retail,mobile_ios,930.06,europe,1486.7,4,63.49,0.83,0,0,0
65.53,1,retail,mobile_android,125.54,north_america,759.13,0,76.24,7.81,0,0,0
6.46,11,travel,mobile_android,604.16,asia_pacific,718.76,4,44.47,8.53,0,0,0
515.72,10,food,mobile_android,787.31,latin_america,996.93,1,46.15,9.71,0,0,0
555.14,15,p2p_gambling,mobile_ios,231.06,metaverse_virtual,1650.92,2,40.71,1.22,0,0,0
360.43,12,retail,mobile_android,103.82,europe,266.23,4,76.77,8.72,0,0,0
502.46,13,retail,mobile_ios,519.6,europe,732.36,3,86.76,8.63,0,0,0
542.89,14,crypto_exchange,mobile_android,952.07,offshore_island,1065.53,3,32.79,5.63,0,0,0
245.74,5,crypto_exchange,mobile_android,477.2,offshore_island,251.8,5,56.71,0.49,0,0,0
278.91,11,p2p_gambling,mobile_ios,779.69,offshore_island,1875.66,6,42.29,26.49,0,0,0
329.29,12,food,mobile_ios,129.32,north_america,384.8,2,48.5,7.34,0,0,0
213.69,9,entertainment,mobile_ios,992.33,north_america,623.53,1,42.16,23.4,0,0,0
863.91,18,entertainment,desktop_mac,387.51,europe,1421.61,5,50.82,1.12,0,0,0
337.63,10,electronics,mobile_ios,714.88,north_america,1165.23,9,34.9,9.45,0,0,0
281.72,13,electronics,mobile_android,535.19,north_america,1997.76,2,43.56,3.18,0,0,0
469.73,7,online,desktop_windows,620.92,europe,1120.24,2,56.04,6.98,0,0,0
427.42,6,crypto_exchange,mobile_ios,156.43,offshore_island,965.98,1,56.09,8.84,0,0,0
175.39,7,crypto_exchange,mobile_android,398.08,metaverse_virtual,281.26,2,34.24,0.49,0,1,0
343.71,13,crypto_exchange,mobile_android,302.05,offshore_island,1114.48,5,66.87,15.5,1,0,0
583.39,7,retail,mobile_android,877.37,middle_east,1350.89,2,59.99,0.42,0,0,0
984.87,17,luxury,mobile_ios,437.73,asia_pacific,1147.14,6,50.31,10.53,0,0,0
825.3,17,food,mobile_android,35.46,latin_america,1319.15,3,66.7,19.78,0,0,0
401.13,8,p2p_gambling,mobile_ios,411.55,metaverse_virtual,692.58,3,34.6,18.25,0,0,0
364.48,15,p2p_gambling,mobile_android,339.74,metaverse_virtual,549.07,3,69.95,0.65,0,0,0
488.95,9,travel,mobile_ios,396.63,europe,1747.33,2,47.03,1.92,0,0,0
1448.2,21,p2p_gambling,mobile_android,23.36,offshore_island,161.52,6,99.25,298.53,0,1,1
256.09,11,electronics,mobile_ios,833.2,europe,350.3,3,81.75,12.1,0,0,0
361.73,20,retail,mobile_ios,971.73,europe,1696.72,3,66.35,5.73,0,1,0
293.34,12,retail,mobile_android,491.1,north_america,1530.77,3,49.55,5.84,0,1,0
431.14,5,crypto_exchange,mobile_ios,669.17,offshore_island,613.48,1,43.98,3.03,1,0,0
350.97,10,p2p_gambling,mobile_android,696.05,metaverse_virtual,1414.57,3,86.51,4.4,0,0,0
542.77,9,electronics,mobile_android,63.76,north_america,621.45,4,49.0,38.19,0,0,0
215.81,15,retail,mobile_ios,38.2,europe,1304.65,2,47.81,7.08,0,0,0
657.51,9,food,mobile_ios,316.08,north_america,1919.52,2,45.91,10.9,0,0,0
379.88,12,electronics,desktop_windows,579.45,europe,333.32,9,57.08,28.06,0,0,0
424.23,9,food,mobile_android,369.76,europe,1771.85,1,45.22,0.5,0,0,0
237.79,15,retail,desktop_windows,130.72,europe,1531.39,2,40.67,0.88,0,0,0
264.37,8,electronics,desktop_windows,541.26,north_america,1716.76,2,54.95,6.64,0,0,0
385.3,14,p2p_gambling,mobile_android,970.36,offshore_island,1256.76,3,75.23,25.33,0,0,0
271.41,18,electronics,mobile_ios,339.14,north_america,984.38,3,74.42,5.36,0,0,0
425.87,12,entertainment,mobile_ios,267.28,middle_east,1859.62,2,38.74,5.56,0,1,0
308.19,5,online,mobile_android,460.47,north_america,433.15,1,32.57,3.63,0,0,0
1060.32,15,crypto_exchange,mobile_android,546.34,offshore_island,468.72,3,55.7,44.89,0,0,0
265.35,12,travel,mobile_android,610.36,europe,1453.38,4,53.83,2.14,0,0,0
420.57,14,online,mobile_android,768.06,asia_pacific,1968.66,5,30.52,5.79,0,0,0
322.19,16,utilities,mobile_android,460.02,europe,698.53,2,15.28,19.5,0,2,0
440.72,12,electronics,mobile_android,329.99,north_america,1635.34,1,61.38,42.76,0,0,0
529.55,21,food,mobile_ios,222.86,north_america,692.8,3,65.47,2.63,0,0,0
1449.75,17,retail,mobile_ios,567.54,middle_east,479.99,3,70.81,9.93,0,0,0
652.65,3,p2p_gambling,mobile_ios,61.84,offshore_island,764.7,1,61.0,10.52,0,0,0
588.79,10,luxury,mobile_ios,305.58,north_america,1839.07,4,39.19,8.98,0,0,0
831.61,8,crypto_exchange,desktop_windows,884.23,metaverse_virtual,940.87,8,58.06,23.69,0,0,0
416.02,16,travel,desktop_windows,343.5,europe,1636.06,1,25.15,11.09,0,0,0
411.49,18,retail,mobile_ios,78.56,latin_america,1125.59,4,53.03,6.62,0,0,0
641.79,17,retail,mobile_ios,737.79,north_america,1747.44,4,53.91,19.66,0,0,0
319.83,11,electronics,mobile_android,526.66,europe,1369.78,2,92.75,3.62,0,0,0
572.68,8,food,mobile_ios,961.46,latin_america,811.08,1,50.89,0.49,0,1,0
711.5,10,food,mobile_android,128.0,north_america,259.86,2,50.12,16.24,0,0,0
321.02,14,retail,mobile_ios,561.18,north_america,1333.44,2,66.98,0.16,1,0,0
1005.87,14,retail,mobile_ios,349.47,north_america,79.58,1,55.48,6.52,0,0,0
365.42,10,luxury,mobile_ios,645.22,north_america,97.31,2,54.24,4.25,0,0,0
772.41,13,food,mobile_ios,500.44,latin_america,95.6,2,45.27,7.09,0,1,0
326.78,15,online,mobile_ios,425.18,europe,940.48,3,95.83,8.04,0,0,0
399.1,11,food,mobile_android,386.81,north_america,107.85,3,70.63,18.84,0,0,0
781.08,20,p2p_gambling,mobile_android,473.6,metaverse_virtual,412.11,4,32.21,9.35,0,0,0
392.63,17,food,mobile_ios,49.09,north_america,371.79,5,74.92,25.52,0,0,0
399.52,9,travel,mobile_ios,980.65,north_america,1062.31,1,26.74,2.21,0,0,0
372.44,3,p2p_gambling,mobile_android,33.4,metaverse_virtual,149.57,8,31.16,126.18,1,3,1
366.84,10,retail,mobile_ios,319.1,north_america,1386.44,5,67.45,0.75,0,0,0
540.68,12,retail,mobile_ios,349.14,north_america,1515.03,0,53.06,1.54,0,0,0
316.19,13,food,mobile_android,880.13,europe,394.56,5,49.81,14.55,0,0,0
442.7,12,electronics,mobile_android,91.36,latin_america,832.2,2,49.77,28.74,0,0,0
762.07,15,crypto_exchange,mobile_ios,231.78,offshore_island,389.37,1,59.94,1.06,0,0,0
175.58,10,online,mobile_android,578.12,latin_america,1857.41,3,43.37,30.38,0,2,0
408.57,10,food,mobile_android,900.86,north_america,399.84,2,53.14,6.88,0,0,0
578.08,6,travel,mobile_android,386.16,north_america,180.9,4,39.19,17.1,0,0,0
379.85,13,electronics,mobile_android,39.41,north_america,64.9,4,51.33,4.91,0,0,0
703.67,9,entertainment,mobile_ios,556.56,europe,899.33,1,54.02,8.03,0,0,0
315.97,7,travel,mobile_ios,395.02,north_america,204.2,6,48.55,20.19,0,2,0
314.54,17,p2p_gambling,mobile_ios,502.41,metaverse_virtual,896.85,3,38.8,21.18,0,0,0
480.59,7,crypto_exchange,mobile_android,866.46,offshore_island,1378.95,2,44.2,1.53,0,0,0
356.07,14,electronics,mobile_android,326.25,europe,1360.31,2,38.15,5.26,0,0,0
633.36,18,travel,mobile_android,822.74,north_america,1363.97,1,63.34,3.99,0,0,0
694.98,14,luxury,mobile_ios,507.45,north_america,141.77,2,55.62,4.32,0,0,0
266.12,1,crypto_exchange,mobile_android,601.79,offshore_island,322.63,3,68.41,28.23,0,0,0
341.03,23,retail,desktop_windows,445.86,north_america,1421.95,2,55.8,20.11,0,0,0
379.46,20,travel,mobile_ios,37.86,north_america,260.4,5,93.9,6.48,0,0,0
218.67,10,crypto_exchange,mobile_ios,935.41,offshore_island,1216.56,4,59.91,8.67,0,0,0
476.25,15,online,desktop_windows,568.61,north_america,1370.13,1,51.28,7.51,0,0,0
391.42,11,retail,mobile_ios,454.64,north_america,236.34,5,87.96,10.5,0,0,0
615.05,12,crypto_exchange,mobile_ios,862.03,offshore_island,707.41,2,41.46,31.37,0,0,0
324.92,3,retail,mobile_android,640.04,europe,753.97,2,90.03,3.97,0,0,0
592.69,9,online,desktop_mac,210.73,north_america,1772.65,5,39.69,19.64,0,0,0
446.52,6,electronics,desktop_mac,38.97,north_america,443.44,3,47.41,4.91,0,0,0
1733.39,1,p2p_gambling,mobile_ios,829.98,offshore_island,908.94,6,61.87,13.01,0,0,0
341.9,14,p2p_gambling,mobile_ios,153.49,metaverse_virtual,244.27,4,52.32,2.85,0,0,0
479.45,11,travel,mobile_ios,964.9,asia_pacific,907.93,7,50.36,19.19,0,0,0
527.15,7,electronics,mobile_ios,164.13,middle_east,1309.25,2,66.38,1.15,0,0,0
394.09,15,crypto_exchange,mobile_android,185.12,metaverse_virtual,1765.62,3,70.62,4.22,0,0,0
582.17,0,food,mobile_ios,160.99,middle_east,1767.41,5,56.89,11.71,0,0,0
359.03,10,p2p_gambling,desktop_windows,531.64,metaverse_virtual,273.94,3,53.51,12.66,0,0,0
326.12,14,crypto_exchange,mobile_ios,848.12,offshore_island,1356.38,1,54.31,24.98,0,0,0
609.94,12,utilities,mobile_android,358.64,north_america,137.22,1,56.21,15.38,0,0,0
189.04,12,electronics,desktop_windows,253.58,north_america,631.04,2,78.91,8.71,0,0,0
563.21,11,crypto_exchange,mobile_android,526.19,offshore_island,165.56,3,62.27,2.98,0,0,0
305.06,14,food,mobile_ios,705.15,north_america,901.54,3,42.98,5.98,0,0,0
472.0,13,electronics,mobile_ios,911.65,asia_pacific,1356.42,3,53.01,6.07,0,0,0
648.93,10,food,mobile_android,501.48,north_america,674.87,5,68.0,13.06,0,0,0
255.6,10,crypto_exchange,mobile_android,510.85,offshore_island,1508.05,4,63.58,11.95,0,0,0
584.76,7,retail,mobile_android,963.32,north_america,667.11,5,42.97,1.96,0,0,0
380.06,17,food,mobile_android,110.55,north_america,201.0,4,76.44,3.46,0,0,0
1240.75,19,crypto_exchange,mobile_android,141.56,offshore_island,829.42,6,64.83,15.02,0,0,0
355.58,8,p2p_gambling,mobile_android,280.2,metaverse_virtual,1826.2,4,76.88,12.53,0,0,0
841.06,11,electronics,mobile_android,913.69,asia_pacific,1327.35,1,68.76,0.28,0,0,0
522.85,14,retail,mobile_android,155.82,north_america,972.85,7,60.59,2.84,1,0,0
589.35,16,retail,mobile_android,459.63,europe,172.61,3,47.49,13.55,0,0,0
332.68,18,entertainment,mobile_ios,403.91,europe,257.05,3,69.96,48.63,0,0,0
313.41,2,food,desktop_mac,665.72,middle_east,1231.9,3,75.2,1.63,0,0,0
698.71,6,online,mobile_ios,124.69,north_america,1360.16,2,66.72,3.45,0,0,0
477.65,13,online,mobile_ios,931.38,europe,837.36,4,82.32,13.41,0,0,0
321.9,12,retail,mobile_android,365.88,north_america,394.95,3,65.88,30.44,0,0,0
541.53,12,retail,mobile_ios,354.96,north_america,578.97,2,35.2,1.61,0,0,0
368.33,15,retail,mobile_ios,73.23,europe,1265.0,2,43.78,5.55,0,0,0
521.48,6,food,mobile_android,752.27,north_america,101.49,2,45.19,18.52,0,0,0
383.24,7,electronics,desktop_windows,122.04,europe,1658.17,5,46.61,10.16,0,0,0
366.93,21,retail,mobile_android,932.88,north_america,406.69,3,42.58,9.0,0,0,0
608.07,13,travel,desktop_mac,792.23,europe,1607.13,3,50.16,1.27,0,0,0
383.89,18,luxury,mobile_ios,602.71,latin_america,1366.38,4,34.05,6.17,0,0,0
212.31,21,online,mobile_ios,915.11,middle_east,1109.6,3,72.32,16.88,0,0,0
201.71,9,p2p_gambling,mobile_ios,69.12,metaverse_virtual,1582.46,0,62.26,0.41,0,0,0
630.26,16,retail,mobile_android,421.7,europe,381.3,5,44.66,21.84,0,0,0
353.6,11,online,mobile_ios,838.28,europe,627.12,2,65.89,13.59,0,0,0
290.15,17,luxury,mobile_ios,153.22,north_america,582.55,3,33.54,34.09,0,0,0
629.72,20,crypto_exchange,mobile_ios,789.45,offshore_island,1146.33,0,55.05,9.22,0,0,0
1030.31,10,p2p_gambling,mobile_ios,249.64,offshore_island,1342.39,1,63.48,3.6,0,0,0
396.27,16,p2p_gambling,desktop_mac,479.64,offshore_island,788.97,6,44.32,9.82,0,0,0
322.47,10,online,mobile_android,139.71,latin_america,82.18,1,76.7,22.66,1,0,0
1340.26,14,retail,mobile_android,297.18,europe,1375.67,2,51.27,5.75,0,0,0
707.18,9,crypto_exchange,desktop_mac,410.95,offshore_island,1846.52,1,80.23,19.31,0,0,0
217.37,16,retail,mobile_android,12.96,north_america,72.31,7,79.55,455.16,0,1,1
284.34,10,electronics,mobile_ios,697.32,europe,1760.12,2,71.41,46.34,0,0,0
373.21,19,retail,mobile_ios,605.36,africa,603.96,3,43.81,9.37,0,0,0
261.91,18,electronics,mobile_android,548.83,north_america,1254.64,5,58.91,9.22,0,0,0
281.8,12,travel,mobile_android,511.19,north_america,1115.82,2,64.88,1.19,0,0,0
506.94,13,electronics,mobile_android,324.61,north_america,702.9,6,15.34,13.45,0,2,0
285.02,0,travel,mobile_ios,115.87,north_america,732.2,5,77.51,9.55,0,0,0
442.58,14,food,desktop_windows,343.29,latin_america,1884.83,2,58.66,10.6,0,0,0
507.0,21,retail,mobile_android,255.31,north_america,1017.0,3,53.54,18.58,0,0,0
318.38,9,travel,mobile_android,181.64,asia_pacific,889.25,3,54.69,3.61,0,0,0
262.18,9,online,mobile_ios,210.26,asia_pacific,337.0,1,42.21,3.6,0,0,0
649.91,15,entertainment,mobile_android,396.85,asia_pacific,1955.73,4,58.2,20.4,0,0,0
530.63,13,crypto_exchange,mobile_android,695.3,offshore_island,133.3,2,51.71,12.35,0,0,0
538.35,2,luxury,desktop_windows,882.51,north_america,1011.78,0,55.59,1.93,1,0,0
389.81,12,retail,mobile_ios,781.24,north_america,277.67,0,60.3,3.44,0,0,0
374.89,9,online,mobile_ios,678.14,north_america,696.85,3,45.36,11.05,0,0,0
932.85,13,p2p_gambling,mobile_android,400.52,metaverse_virtual,1446.49,7,78.28,4.26,0,0,0
1027.89,12,travel,mobile_ios,67.71,europe,389.57,3,47.65,16.45,0,0,0
358.29,15,food,mobile_ios,923.44,europe,1955.85,3,60.62,14.95,0,2,0
688.75,16,retail,desktop_mac,179.14,north_america,633.88,3,37.35,5.09,0,0,0
1383.2,13,food,mobile_ios,794.51,north_america,1387.37,1,56.99,15.46,0,0,0
619.37,10,utilities,mobile_ios,707.27,north_america,1070.01,3,69.45,2.99,0,0,0
734.18,13,retail,mobile_ios,41.18,latin_america,1344.12,2,62.73,8.64,0,0,0
950.73,7,electronics,mobile_ios,138.87,north_america,1976.85,6,38.68,13.03,0,0,0
405.74,14,crypto_exchange,mobile_ios,209.96,metaverse_virtual,1972.79,3,40.38,4.31,0,0,0
243.77,11,p2p_gambling,mobile_ios,88.27,metaverse_virtual,206.12,5,66.38,6.0,0,0,0
304.31,10,electronics,mobile_android,300.51,north_america,1281.56,1,55.59,6.74,0,0,0
197.5,15,p2p_gambling,mobile_android,641.13,metaverse_virtual,891.41,2,63.73,3.61,0,0,0
290.13,16,travel,mobile_android,932.44,europe,224.26,3,47.42,6.37,1,1,0
260.09,17,food,mobile_android,755.59,asia_pacific,911.2,3,40.87,1.62,0,0,0
486.42,5,food,mobile_ios,511.29,europe,520.39,4,60.71,15.56,0,0,0
326.91,8,electronics,mobile_ios,350.87,latin_america,1898.44,4,58.56,5.76,0,0,0
228.81,5,retail,mobile_android,200.4,asia_pacific,682.28,2,58.47,12.27,0,0,0
468.76,6,entertainment,mobile_android,508.7,europe,607.16,4,68.73,6.54,0,0,0
664.77,15,online,mobile_ios,286.66,asia_pacific,1524.98,2,74.95,12.54,0,0,0
557.89,15,electronics,mobile_android,850.81,north_america,534.24,3,49.62,24.52,0,2,0
587.54,3,retail,mobile_ios,275.27,europe,861.2,2,53.51,5.25,0,0,0
383.68,8,travel,mobile_android,522.17,europe,161.24,5,26.18,5.27,0,0,0
229.32,17,retail,mobile_android,979.15,north_america,1766.07,2,74.04,23.74,0,0,0
581.82,11,online,mobile_android,961.21,north_america,500.75,2,32.28,23.55,0,0,0
299.99,8,food,mobile_ios,517.47,europe,1894.94,3,70.23,20.61,0,0,0
770.72,10,crypto_exchange,mobile_ios,729.27,offshore_island,1291.81,0,31.86,19.33,0,0,0
359.97,10,crypto_exchange,mobile_android,892.45,metaverse_virtual,1454.45,2,67.33,28.97,0,0,0
298.36,10,online,desktop_windows,368.02,north_america,132.12,3,64.51,6.48,0,0,0
225.5,13,electronics,desktop_windows,939.63,north_america,1290.81,6,47.69,0.31,0,0,0
268.4,16,crypto_exchange,mobile_android,616.35,offshore_island,255.72,5,47.28,2.24,0,0,0
292.35,14,retail,mobile_ios,652.43,latin_america,1939.21,3,38.56,20.35,0,0,0
686.65,17,online,mobile_ios,743.65,north_america,724.32,3,63.2,26.42,0,0,0
368.4,9,online,mobile_android,118.4,latin_america,175.48,3,36.91,1.11,0,0,0
342.84,15,online,mobile_android,658.76,north_america,627.13,5,69.42,4.17,0,0,0
553.24,0,travel,mobile_ios,3.15,europe,57.34,13,70.76,638.51,1,3,1
616.38,8,crypto_exchange,desktop_mac,238.29,offshore_island,1524.08,1,56.86,4.92,0,0,0
317.88,14,utilities,mobile_ios,367.78,europe,922.1,1,70.22,21.87,0,0,0
482.71,12,p2p_gambling,desktop_windows,480.4,metaverse_virtual,1821.78,7,71.63,14.22,0,0,0
683.14,5,entertainment,mobile_android,664.4,north_america,1288.23,5,63.55,14.76,0,0,0
559.51,15,online,desktop_windows,514.63,middle_east,1034.65,3,52.17,18.55,0,0,0
607.16,11,travel,mobile_android,902.47,europe,277.81,2,47.95,12.16,0,0,0
1164.95,19,crypto_exchange,desktop_mac,432.4,offshore_island,361.85,5,45.61,16.83,0,0,0
450.54,12,electronics,mobile_android,418.15,europe,264.35,2,75.85,47.98,0,0,0
420.07,15,food,mobile_android,717.42,europe,439.93,2,54.9,10.56,0,0,0
412.11,9,food,mobile_android,868.02,north_america,1571.24,4,47.94,0.61,0,0,0
633.83,16,online,mobile_ios,617.59,middle_east,1319.53,3,48.18,4.95,0,1,0
966.11,5,p2p_gambling,mobile_ios,793.73,metaverse_virtual,1644.71,1,77.0,23.41,0,0,0
725.69,5,electronics,mobile_android,998.66,north_america,951.6,2,50.28,5.97,0,0,0
464.12,17,utilities,mobile_android,280.02,north_america,338.54,3,12.55,1.76,0,0,0
996.66,12,retail,mobile_ios,463.91,north_america,1542.18,1,63.32,16.07,0,0,0
453.54,12,entertainment,mobile_ios,244.6,north_america,375.5,1,49.33,14.55,0,0,0
1483.4,9,entertainment,mobile_android,195.41,europe,1670.47,2,42.85,4.29,0,0,0
374.28,14,electronics,mobile_android,430.45,latin_america,1348.89,0,61.34,46.83,0,0,0
472.77,18,luxury,mobile_android,597.64,north_america,656.21,0,49.14,20.86,0,0,0
511.18,15,luxury,desktop_mac,717.07,europe,1665.24,4,50.05,1.9,0,0,0
405.96,5,crypto_exchange,mobile_android,223.88,offshore_island,1995.44,1,56.35,6.84,0,0,0
542.63,10,online,mobile_android,762.77,europe,1245.76,5,61.35,12.5,0,0,0
654.85,12,electronics,mobile_android,638.44,north_america,1472.52,2,62.81,10.87,0,0,0
552.41,5,food,mobile_android,819.41,north_america,1672.4,7,70.09,9.51,0,0,0
423.29,5,retail,desktop_mac,809.04,asia_pacific,1592.43,4,60.16,11.19,0,0,0
521.86,7,retail,mobile_android,256.6,north_america,370.29,4,42.15,1.61,0,1,0
1434.75,12,entertainment,mobile_android,538.7,north_america,1125.36,5,74.79,4.06,0,0,0
469.21,18,online,desktop_mac,683.97,north_america,1538.73,6,57.63,4.84,0,0,0
670.45,14,food,desktop_mac,533.87,north_america,1103.41,3,55.21,16.22,0,0,0
700.74,6,electronics,mobile_android,728.82,north_america,1755.56,7,61.88,0.46,0,0,0
556.86,23,food,mobile_android,396.46,asia_pacific,1991.48,3,75.55,19.52,1,0,0
474.59,9,p2p_gambling,desktop_windows,274.26,metaverse_virtual,133.72,4,51.85,3.03,0,0,0
597.17,17,utilities,mobile_android,164.09,asia_pacific,1396.97,1,71.21,36.25,0,0,0
524.26,10,utilities,mobile_android,277.08,north_america,1207.57,5,69.54,16.86,0,0,0
364.68,7,p2p_gambling,desktop_windows,293.24,offshore_island,1376.22,1,57.55,10.31,0,0,0
313.52,16,travel,desktop_mac,175.37,asia_pacific,351.3,5,63.15,8.3,0,0,0
642.8,8,travel,mobile_android,446.71,north_america,787.58,3,49.87,17.69,0,0,0
286.82,15,food,mobile_android,248.14,middle_east,1081.89,3,68.91,0.82,0,0,0
635.9,15,travel,mobile_android,800.02,north_america,1285.06,4,74.94,19.61,0,0,0
216.51,7,utilities,mobile_ios,601.27,europe,1202.26,4,47.86,4.32,0,0,0
432.85,5,travel,mobile_ios,382.61,north_america,1826.59,1,52.95,27.78,0,2,0
652.26,10,food,desktop_mac,657.66,africa,1839.57,1,41.04,1.92,0,0,0
406.4,15,crypto_exchange,mobile_ios,124.01,metaverse_virtual,1216.51,2,49.88,13.14,0,1,0
749.41,12,p2p_gambling,desktop_mac,417.14,metaverse_virtual,499.34,1,39.9,18.17,0,0,0
537.96,9,crypto_exchange,mobile_ios,642.82,offshore_island,335.15,9,70.21,15.01,0,0,0
584.56,12,travel,mobile_ios,213.35,north_america,1922.26,4,79.27,4.34,0,0,0
294.19,14,electronics,mobile_ios,976.73,north_america,732.9,4,24.04,7.25,0,0,0
392.71,0,entertainment,mobile_ios,404.85,europe,485.22,3,54.38,11.64,0,0,0
376.37,20,crypto_exchange,mobile_android,310.15,offshore_island,645.45,1,39.94,41.74,0,0,0
567.05,12,online,mobile_android,578.59,latin_america,1969.0,5,61.46,22.27,0,0,0
580.17,13,crypto_exchange,mobile_android,375.29,metaverse_virtual,1405.19,1,63.39,11.16,0,0,0
272.02,15,retail,desktop_windows,906.86,north_america,492.64,4,101.7,3.85,0,0,0
1063.68,11,retail,mobile_android,960.46,north_america,741.37,5,57.6,6.57,0,0,0
211.62,1,online,mobile_android,244.88,asia_pacific,1330.52,3,65.19,10.1,0,0,0
515.51,16,retail,mobile_android,321.64,north_america,474.09,4,50.36,3.87,0,0,0
201.57,22,travel,mobile_ios,588.24,north_america,245.6,0,43.46,10.8,0,0,0
439.49,12,food,mobile_ios,175.06,europe,1681.69,5,47.49,1.38,0,0,0
510.62,8,p2p_gambling,mobile_android,742.45,metaverse_virtual,528.44,2,73.23,30.26,0,0,0
314.48,18,crypto_exchange,mobile_ios,543.91,offshore_island,1877.34,4,81.75,2.1,0,0,0
310.18,23,online,mobile_android,816.41,europe,1450.66,3,55.24,13.05,0,0,0
490.69,17,crypto_exchange,mobile_android,995.3,metaverse_virtual,625.94,0,59.82,4.31,0,0,0
245.27,12,online,mobile_android,727.05,asia_pacific,1188.13,5,65.84,11.86,0,0,0
475.83,9,crypto_exchange,mobile_android,557.17,offshore_island,843.24,0,68.36,6.59,0,1,0
501.99,17,retail,mobile_ios,48.47,africa,1537.65,3,45.23,3.69,0,0,0
231.58,14,p2p_gambling,mobile_ios,51.54,metaverse_virtual,890.99,2,68.31,0.12,0,0,0
637.19,9,crypto_exchange,mobile_android,478.49,metaverse_virtual,708.44,0,54.01,13.98,0,0,0
338.34,7,retail,mobile_android,510.13,north_america,1984.55,4,59.6,5.82,0,0,0
365.33,9,retail,desktop_mac,644.28,latin_america,423.06,4,43.03,3.7,0,0,0
485.12,9,entertainment,mobile_android,498.41,north_america,1333.85,1,37.8,17.54,0,0,0
606.33,14,electronics,mobile_android,465.03,north_america,1249.18,4,61.51,6.22,0,0,0
447.22,10,p2p_gambling,mobile_android,958.11,metaverse_virtual,1082.96,5,65.59,0.09,0,0,0
261.51,12,food,mobile_android,47.81,latin_america,824.62,1,46.33,0.29,0,0,0
191.13,18,entertainment,mobile_ios,312.55,north_america,66.81,4,31.27,10.03,0,0,0
387.99,8,food,mobile_ios,140.35,asia_pacific,241.06,3,44.52,6.13,0,0,0
671.05,8,travel,mobile_ios,133.29,north_america,110.36,2,50.87,23.39,0,0,0
629.47,13,p2p_gambling,mobile_android,941.97,offshore_island,1984.47,3,43.22,61.54,0,0,0
415.51,18,electronics,mobile_ios,427.16,north_america,1470.85,2,54.53,23.22,0,0,0
246.73,10,food,mobile_ios,34.23,north_america,1913.5,2,67.53,13.52,1,0,0
496.67,9,travel,mobile_ios,573.1,asia_pacific,1168.54,2,56.19,26.99,0,1,0
171.68,18,utilities,mobile_android,413.14,north_america,1462.16,4,47.62,37.61,0,0,0
1459.95,11,online,mobile_android,924.9,europe,1960.08,8,50.69,12.47,0,1,0
226.48,17,crypto_exchange,mobile_android,713.91,offshore_island,440.66,3,62.47,15.16,0,0,0
504.75,10,online,mobile_ios,509.03,asia_pacific,167.65,8,73.2,7.75,0,0,0
917.91,16,travel,mobile_android,934.86,north_america,263.58,2,66.76,10.69,0,0,0
758.27,4,electronics,mobile_ios,34.79,north_america,14.63,13,84.77,123.37,0,0,1
278.8,7,travel,mobile_ios,478.58,middle_east,1215.87,1,36.8,11.76,0,0,0
286.27,11,food,mobile_android,818.79,asia_pacific,925.17,3,47.3,6.34,0,0,0
403.14,5,electronics,mobile_android,40.33,north_america,46.89,3,72.67,216.3,0,0,1
305.06,3,electronics,mobile_android,36.58,north_america,176.49,7,63.16,139.33,1,2,1
367.49,11,electronics,mobile_ios,683.31,asia_pacific,157.28,3,68.65,6.41,0,0,0
374.3,11,crypto_exchange,desktop_mac,97.56,metaverse_virtual,1886.04,1,56.79,14.69,0,0,0
651.08,14,electronics,mobile_android,772.81,north_america,916.24,5,55.62,8.34,0,0,0
300.33,14,food,mobile_android,496.23,north_america,967.67,5,36.7,5.74,0,0,0
229.63,15,retail,mobile_android,773.05,asia_pacific,1011.53,3,64.28,26.71,0,0,0
221.83,13,food,mobile_android,164.79,latin_america,514.11,4,33.17,7.47,0,0,0
518.67,17,entertainment,mobile_ios,243.53,north_america,1384.52,3,47.69,2.67,0,0,0
296.49,13,retail,mobile_ios,601.59,latin_america,606.74,6,44.79,10.48,0,0,0
420.1,12,travel,mobile_ios,222.42,latin_america,619.14,5,68.05,3.5,0,0,0
381.92,14,travel,mobile_ios,888.38,north_america,660.53,6,54.1,15.49,0,0,0
471.57,9,food,mobile_ios,552.81,north_america,300.33,4,63.14,5.44,0,0,0
526.78,8,online,mobile_ios,142.2,north_america,361.58,7,39.12,1.59,0,0,0
757.33,21,retail,mobile_android,77.82,north_america,1843.89,3,32.13,13.26,0,0,0
364.99,21,food,mobile_android,122.88,europe,250.97,1,56.93,5.17,0,0,0
385.89,10,crypto_exchange,mobile_android,346.11,metaverse_virtual,142.18,3,58.36,0.68,0,0,0
666.93,12,p2p_gambling,mobile_android,311.92,offshore_island,1309.83,1,52.21,1.22,0,0,0
326.88,10,food,mobile_android,399.67,europe,1163.51,6,53.17,1.45,0,0,0
266.49,17,crypto_exchange,mobile_android,171.98,offshore_island,94.08,4,68.32,4.97,0,0,0
344.86,7,travel,mobile_ios,600.07,europe,1718.56,2,58.45,14.08,0,0,0
631.86,15,retail,mobile_ios,720.65,north_america,427.35,4,50.84,13.95,0,0,0
337.45,15,p2p_gambling,mobile_android,827.97,offshore_island,282.69,3,19.25,0.67,1,0,0
399.06,10,retail,mobile_android,599.22,latin_america,1737.69,6,75.01,45.49,0,0,0
479.03,5,crypto_exchange,mobile_ios,707.13,metaverse_virtual,878.69,0,45.99,38.45,0,0,0
1128.97,13,food,mobile_android,384.14,asia_pacific,1251.24,1,65.43,8.42,0,0,0
277.35,16,food,mobile_android,276.03,asia_pacific,687.74,4,64.4,21.83,0,0,0
281.52,7,electronics,mobile_ios,690.17,north_america,1202.06,1,42.37,0.33,0,1,0
476.62,7,entertainment,desktop_mac,265.43,north_america,784.13,3,64.07,26.19,0,0,0
432.17,17,p2p_gambling,mobile_android,777.69,metaverse_virtual,485.57,3,53.42,7.05,0,0,0
751.33,10,retail,mobile_ios,996.13,north_america,212.65,2,69.84,5.8,0,0,0
423.26,8,food,mobile_ios,588.25,north_america,671.56,7,56.95,1.27,0,0,0
492.54,12,retail,mobile_ios,80.71,europe,716.65,5,50.64,0.58,0,0,0
459.71,16,electronics,mobile_ios,419.74,north_america,1892.31,4,71.38,23.39,0,0,0
627.53,9,crypto_exchange,desktop_windows,253.72,metaverse_virtual,1681.74,6,38.55,9.92,0,1,0
540.18,16,retail,mobile_android,844.03,north_america,1647.33,2,37.25,1.02,0,0,0
377.13,12,online,mobile_android,250.6,north_america,856.91,3,44.59,1.2,0,0,0
534.16,10,p2p_gambling,mobile_android,278.57,metaverse_virtual,1160.3,3,32.17,5.88,0,0,0
894.51,16,crypto_exchange,mobile_ios,157.86,offshore_island,107.83,2,58.02,6.06,0,0,0
359.13,15,electronics,mobile_ios,664.98,north_america,561.76,4,34.55,6.32,0,0,0
667.94,15,crypto_exchange,mobile_ios,182.78,offshore_island,932.47,4,76.73,11.74,0,1,0
224.66,12,retail,mobile_ios,221.39,asia_pacific,699.64,3,90.05,14.35,0,0,0
370.95,10,food,mobile_android,950.64,north_america,653.17,2,63.71,9.13,0,0,0
315.28,15,crypto_exchange,desktop_windows,548.76,offshore_island,634.23,8,87.56,0.62,0,0,0
679.99,12,online,mobile_ios,308.71,latin_america,341.75,3,35.99,5.1,0,2,0
318.19,9,electronics,mobile_ios,137.08,north_america,1734.27,1,46.35,3.81,0,0,0
587.87,9,crypto_exchange,mobile_android,131.52,metaverse_virtual,1989.94,6,63.68,9.09,0,1,0
376.18,12,luxury,mobile_android,894.1,north_america,811.91,7,70.9,4.67,0,0,0
427.78,18,p2p_gambling,mobile_ios,702.7,offshore_island,963.79,0,37.6,6.75,0,0,0
195.1,11,online,desktop_windows,392.72,north_america,1314.8,2,86.56,11.85,0,1,0
442.87,17,entertainment,mobile_ios,362.75,asia_pacific,114.87,3,38.9,23.58,0,0,0
515.18,19,travel,mobile_ios,712.98,north_america,478.15,2,46.84,11.98,0,0,0
402.07,18,luxury,mobile_ios,888.03,europe,1591.51,3,74.8,0.37,0,0,0
326.2,9,entertainment,mobile_android,862.91,europe,749.57,3,51.58,3.18,0,0,0
526.89,15,food,mobile_ios,673.25,asia_pacific,1290.84,3,48.8,27.33,0,0,0
336.26,21,p2p_gambling,desktop_windows,367.34,offshore_island,1973.53,4,68.88,11.7,0,0,0
474.23,14,food,mobile_android,416.14,asia_pacific,628.1,5,63.8,11.53,0,0,0
537.39,17,p2p_gambling,mobile_android,251.22,offshore_island,721.93,8,57.71,1.45,0,0,0
315.59,12,retail,desktop_mac,858.72,north_america,877.4,1,23.49,0.38,0,0,0
757.84,18,p2p_gambling,mobile_ios,796.17,offshore_island,627.34,3,39.0,5.02,0,0,0
702.72,12,p2p_gambling,desktop_mac,96.92,metaverse_virtual,1960.13,4,32.57,17.51,0,0,0
374.34,21,food,mobile_android,726.4,latin_america,1859.8,4,77.07,6.51,0,0,0
479.69,0,food,mobile_android,86.78,north_america,1978.8,2,56.58,19.7,1,0,0
883.14,17,food,mobile_ios,423.9,europe,1662.94,5,49.69,12.04,0,0,0
325.38,20,crypto_exchange,mobile_android,655.56,offshore_island,1269.12,1,61.68,11.71,1,0,0
303.51,23,p2p_gambling,desktop_mac,285.04,metaverse_virtual,149.93,7,52.46,18.09,0,0,0
285.04,18,food,mobile_ios,73.41,north_america,1707.33,4,65.46,11.07,0,0,0
327.66,16,electronics,desktop_mac,146.66,middle_east,1907.46,2,37.85,6.21,0,0,0
627.52,9,online,mobile_ios,693.5,north_america,1394.28,3,54.13,0.88,0,0,0
658.0,13,food,mobile_android,512.72,north_america,812.06,2,30.65,21.02,0,0,0
329.08,20,retail,mobile_ios,856.96,asia_pacific,1273.79,2,56.52,13.22,0,0,0
675.04,9,online,mobile_ios,196.05,north_america,559.38,5,44.13,2.32,0,0,0
314.39,12,food,mobile_ios,877.19,latin_america,275.44,3,42.55,23.98,0,0,0
480.25,14,luxury,mobile_android,200.36,north_america,1540.26,11,31.52,1.35,0,0,0
237.53,1,food,mobile_android,139.01,north_america,385.71,1,76.61,4.23,0,0,0
782.29,20,retail,mobile_android,589.74,asia_pacific,1850.96,4,45.3,35.09,0,0,0
738.05,18,p2p_gambling,mobile_android,779.07,metaverse_virtual,420.07,0,54.0,13.32,0,0,0
359.16,16,retail,desktop_mac,229.89,latin_america,1719.87,1,66.72,8.27,0,0,0
271.15,9,retail,mobile_android,271.08,europe,811.43,3,48.98,8.38,1,0,0
443.56,9,food,mobile_ios,465.09,north_america,1714.3,3,51.94,7.04,0,0,0
444.15,19,food,mobile_android,484.41,europe,60.31,1,59.13,7.37,0,0,0
382.69,12,retail,mobile_android,431.51,europe,959.83,6,44.0,5.77,0,0,0
302.18,9,food,mobile_ios,307.6,latin_america,1617.68,0,91.88,28.05,0,0,0
677.29,18,p2p_gambling,desktop_mac,810.08,metaverse_virtual,1864.17,4,48.16,0.48,0,0,0
540.55,13,travel,mobile_ios,851.16,europe,1777.75,5,79.36,11.17,0,0,0
215.21,10,retail,mobile_ios,400.5,north_america,661.44,3,77.2,11.22,0,0,0
169.36,9,p2p_gambling,mobile_ios,830.55,metaverse_virtual,280.05,0,42.63,21.72,0,0,0
891.91,9,crypto_exchange,mobile_ios,808.48,offshore_island,534.34,1,60.91,23.55,1,0,0
239.32,17,online,desktop_windows,304.96,asia_pacific,1307.29,3,68.34,2.11,0,0,0
411.41,6,p2p_gambling,mobile_ios,800.55,metaverse_virtual,1674.52,1,59.77,2.37,1,0,0
835.26,12,food,desktop_mac,660.59,europe,363.15,0,65.33,3.48,0,0,0
358.39,17,food,mobile_ios,292.55,north_america,1955.74,6,76.9,2.01,0,0,0
264.95,7,retail,mobile_android,648.37,north_america,707.65,4,61.31,2.38,0,0,0
1021.63,11,p2p_gambling,mobile_android,438.01,metaverse_virtual,160.34,3,87.15,6.98,0,0,0
434.89,20,travel,mobile_ios,134.23,latin_america,1948.13,4,42.12,4.37,0,0,0
647.1,9,retail,desktop_windows,222.59,europe,1513.28,2,75.91,3.72,0,0,0
567.23,3,electronics,desktop_windows,394.66,latin_america,1680.6,1,54.41,14.23,0,0,0
377.2,9,retail,mobile_ios,158.2,asia_pacific,1138.86,3,50.78,5.04,0,0,0
499.74,22,travel,mobile_ios,802.19,north_america,1875.75,2,46.3,17.9,0,0,0
270.08,14,crypto_exchange,mobile_ios,750.54,metaverse_virtual,243.25,6,77.28,51.96,0,0,0
290.15,13,luxury,mobile_ios,710.11,europe,1743.59,5,60.43,9.84,0,0,0
251.84,6,online,mobile_android,321.89,north_america,927.92,5,59.67,2.77,0,0,0
342.69,12,crypto_exchange,mobile_ios,157.0,offshore_island,259.5,2,60.18,1.17,0,0,0
1251.36,10,food,mobile_ios,512.82,latin_america,965.96,5,56.2,2.87,0,0,0
410.96,7,online,mobile_android,507.1,europe,234.57,2,56.45,18.96,0,0,0
547.34,5,food,mobile_ios,435.43,north_america,69.31,2,54.71,9.14,0,1,0
465.64,16,retail,mobile_ios,287.17,north_america,888.19,5,83.4,0.23,0,0,0
451.69,9,p2p_gambling,mobile_ios,238.3,offshore_island,455.9,1,59.01,38.55,0,0,0
269.58,19,online,mobile_android,765.65,middle_east,1126.98,3,61.56,27.57,0,0,0
419.78,6,electronics,mobile_android,635.06,asia_pacific,819.19,4,63.58,16.78,0,0,0
972.6,4,retail,mobile_ios,244.86,latin_america,1719.35,4,69.04,11.21,0,0,0
998.6,10,online,mobile_ios,468.0,north_america,91.37,0,61.36,25.37,0,0,0
320.62,16,retail,mobile_ios,183.78,north_america,814.98,3,67.52,8.58,0,0,0
423.95,18,utilities,mobile_android,536.23,europe,765.82,1,57.15,12.37,0,0,0
653.74,11,electronics,mobile_ios,458.3,north_america,612.51,1,64.77,2.42,0,0,0
959.22,6,p2p_gambling,desktop_windows,787.36,offshore_island,1093.08,3,64.66,4.07,0,0,0
1372.29,15,food,mobile_ios,407.97,latin_america,162.19,4,67.95,7.9,0,0,0
695.13,16,entertainment,mobile_android,957.34,latin_america,1765.25,4,36.24,25.54,0,0,0
854.85,2,crypto_exchange,mobile_ios,213.68,metaverse_virtual,1967.44,5,51.95,7.3,0,0,0
446.23,12,p2p_gambling,mobile_ios,411.38,offshore_island,1620.53,0,48.96,4.93,0,0,0
763.63,12,luxury,mobile_ios,593.32,north_america,557.45,1,39.48,22.83,0,0,0
348.8,19,entertainment,mobile_android,846.12,europe,1856.81,3,54.5,8.41,0,0,0
960.7,15,utilities,mobile_android,411.16,asia_pacific,886.44,4,58.11,3.55,0,0,0
387.84,9,food,mobile_android,244.49,asia_pacific,1435.37,2,78.22,9.1,0,0,0
360.04,12,crypto_exchange,desktop_windows,988.61,metaverse_virtual,1179.23,4,82.53,18.95,0,0,0
277.81,12,retail,desktop_windows,406.49,asia_pacific,1788.99,4,60.55,18.08,0,0,0
1222.75,15,crypto_exchange,mobile_ios,69.29,metaverse_virtual,1165.23,4,50.63,21.32,0,0,0
545.04,21,food,mobile_ios,334.37,latin_america,1329.35,3,64.18,1.31,0,0,0
365.3,8,food,desktop_mac,884.01,north_america,256.09,5,52.03,21.75,0,0,0
627.87,10,travel,mobile_ios,570.34,north_america,89.91,2,60.02,5.23,1,0,0
991.57,17,travel,mobile_android,113.03,europe,599.17,3,67.38,6.98,0,0,0
281.72,15,retail,desktop_mac,606.5,europe,600.27,4,62.74,1.71,0,0,0
655.95,2,electronics,mobile_ios,24.3,europe,144.54,9,75.19,436.95,0,0,1
321.9,20,food,mobile_android,277.43,north_america,1850.9,3,38.85,21.97,0,0,0
428.04,15,p2p_gambling,mobile_android,865.18,offshore_island,324.18,1,53.13,25.7,0,0,0
429.93,12,food,mobile_android,357.83,europe,1950.18,4,50.26,39.26,0,0,0
811.13,11,food,mobile_ios,329.37,latin_america,184.62,1,58.66,3.31,0,0,0
247.92,14,online,mobile_ios,687.28,north_america,1331.85,2,65.06,10.76,0,1,0
590.42,17,travel,mobile_android,779.32,north_america,532.14,0,42.89,56.83,0,0,0
835.83,16,online,mobile_ios,862.15,asia_pacific,562.24,4,58.25,7.31,0,0,0
463.18,13,p2p_gambling,mobile_ios,430.52,offshore_island,1614.35,2,61.46,8.05,0,0,0
231.3,9,crypto_exchange,mobile_android,466.76,metaverse_virtual,425.88,5,30.61,18.17,0,0,0
324.34,7,electronics,mobile_ios,597.21,north_america,197.38,5,67.85,19.7,0,0,0
944.18,5,p2p_gambling,mobile_android,518.46,offshore_island,1885.28,4,53.7,7.67,0,0,0
316.01,11,p2p_gambling,mobile_android,366.08,offshore_island,1051.35,3,72.42,0.82,0,0,0
385.93,11,food,mobile_ios,76.16,asia_pacific,1727.16,9,65.42,6.86,0,0,0
591.37,17,food,mobile_ios,815.99,asia_pacific,1330.56,0,64.59,57.61,0,0,0
382.12,8,electronics,desktop_mac,501.8,europe,325.9,1,65.58,33.52,1,0,0
251.65,16,electronics,mobile_android,583.44,europe,459.67,0,60.93,11.22,0,0,0
1542.28,20,p2p_gambling,mobile_android,866.56,offshore_island,694.75,6,84.47,0.5,0,0,0
1138.65,11,crypto_exchange,desktop_windows,148.91,metaverse_virtual,147.75,1,94.62,2.03,0,0,0
346.19,7,retail,mobile_android,499.09,north_america,183.92,3,49.22,5.0,0,0,0
410.38,17,food,mobile_android,194.03,europe,1904.07,4,48.63,9.93,0,0,0
217.29,13,food,mobile_ios,829.37,europe,1771.06,1,62.27,14.71,0,0,0
572.16,15,travel,mobile_android,935.12,north_america,1277.6,1,52.93,13.21,0,1,0
387.17,10,online,mobile_android,858.33,asia_pacific,725.29,0,51.09,0.02,0,0,0
404.76,10,online,desktop_windows,667.41,asia_pacific,1423.53,1,69.24,0.51,0,0,0
387.53,6,online,mobile_android,503.68,asia_pacific,1781.92,4,73.69,1.15,0,0,0
299.24,7,online,mobile_ios,290.5,north_america,1183.69,3,60.86,20.45,0,0,0
554.5,10,crypto_exchange,mobile_android,223.11,offshore_island,1332.93,1,53.81,16.95,0,0,0
1151.58,10,p2p_gambling,mobile_android,655.99,metaverse_virtual,1586.89,5,41.38,21.03,0,0,0
266.11,2,p2p_gambling,mobile_android,29.78,metaverse_virtual,149.15,9,63.91,58.62,0,2,1
346.8,10,retail,mobile_android,296.73,north_america,384.69,3,35.29,2.91,0,0,0
201.75,6,retail,mobile_ios,322.78,north_america,542.16,4,40.42,5.37,0,0,0
330.93,12,travel,mobile_android,640.24,north_america,819.89,5,52.61,17.65,0,0,0
605.01,16,retail,mobile_ios,367.31,europe,694.03,2,67.44,44.7,0,0,0
331.2,7,retail,mobile_ios,524.44,asia_pacific,1623.03,1,42.13,21.61,0,0,0
413.69,15,retail,mobile_android,268.26,europe,155.63,0,65.71,7.3,0,0,0
363.72,23,travel,mobile_ios,356.08,europe,1708.95,3,58.96,1.14,0,2,0
735.26,8,food,mobile_android,946.64,middle_east,1828.8,5,65.51,13.92,0,0,0
386.54,10,retail,mobile_ios,724.98,asia_pacific,629.35,4,38.93,33.73,0,0,0
393.72,15,travel,mobile_android,782.15,north_america,425.39,7,27.22,2.35,0,0,0
638.05,12,utilities,mobile_android,660.79,north_america,237.14,2,32.68,25.19,0,0,0
818.93,18,electronics,mobile_ios,673.79,north_america,201.01,4,77.43,27.96,0,0,0
622.06,7,electronics,mobile_android,808.95,europe,482.27,1,75.14,12.07,0,0,0
929.97,15,food,mobile_ios,938.47,north_america,863.7,2,40.02,6.41,0,0,0
291.96,12,retail,mobile_android,234.68,north_america,1951.25,1,43.06,4.37,0,0,0
565.04,0,p2p_gambling,mobile_ios,961.12,metaverse_virtual,1112.34,5,70.44,6.84,0,0,0
374.77,17,p2p_gambling,mobile_android,95.22,offshore_island,1156.66,5,60.87,4.84,0,0,0
199.57,9,retail,mobile_android,857.09,north_america,1052.28,2,25.81,0.69,0,0,0
428.43,8,p2p_gambling,mobile_android,568.26,metaverse_virtual,1996.71,2,63.67,0.33,0,0,0
296.47,10,luxury,mobile_android,743.57,middle_east,1482.42,5,40.64,0.43,0,0,0
417.38,10,travel,mobile_android,121.93,europe,1339.23,1,49.95,0.42,0,1,0
374.76,13,food,mobile_ios,745.11,asia_pacific,221.44,5,50.88,3.2,0,0,0
686.36,18,electronics,mobile_android,704.46,north_america,1944.16,5,56.68,5.61,0,0,0
487.47,17,electronics,mobile_ios,457.99,asia_pacific,1858.89,6,41.04,2.46,0,0,0
503.59,11,food,mobile_android,616.25,europe,177.27,5,64.07,34.4,1,0,0
831.49,11,retail,mobile_android,575.95,asia_pacific,1539.94,0,23.35,40.42,0,0,0
365.36,21,food,mobile_android,775.37,europe,92.09,2,12.51,1.69,0,0,0
570.29,15,crypto_exchange,mobile_android,699.13,metaverse_virtual,789.73,2,63.4,15.66,0,0,0
901.3,14,retail,mobile_android,55.65,north_america,1378.25,1,61.62,27.63,0,1,0
371.41,4,luxury,mobile_android,326.06,asia_pacific,717.04,3,52.01,11.16,0,0,0
309.19,11,electronics,mobile_ios,253.18,latin_america,1853.75,5,58.19,7.06,0,0,0
219.03,3,p2p_gambling,mobile_android,358.8,metaverse_virtual,325.71,7,59.38,5.27,0,0,0
418.52,15,p2p_gambling,mobile_android,692.58,metaverse_virtual,1085.65,1,75.64,6.94,0,0,0
314.22,14,electronics,mobile_ios,285.35,latin_america,1484.08,2,66.0,9.94,0,0,0
524.08,13,food,mobile_ios,851.88,middle_east,84.43,4,74.61,8.19,0,0,0
514.22,12,food,desktop_mac,466.59,europe,1633.64,1,73.23,39.85,0,0,0
202.59,7,electronics,mobile_android,227.43,latin_america,1110.78,3,90.4,3.51,0,0,0
716.06,9,p2p_gambling,mobile_android,553.83,metaverse_virtual,875.84,0,55.62,1.77,0,0,0
914.03,19,electronics,mobile_android,485.35,europe,710.0,1,48.38,3.89,0,0,0
637.45,9,entertainment,mobile_ios,152.16,north_america,124.36,5,52.84,24.73,0,0,0
960.96,9,crypto_exchange,mobile_android,468.75,metaverse_virtual,1675.73,0,55.44,17.77,0,0,0
358.09,9,crypto_exchange,mobile_ios,864.06,metaverse_virtual,1381.41,4,21.52,49.05,0,0,0
646.01,17,crypto_exchange,mobile_ios,673.46,offshore_island,1115.15,2,31.49,2.52,0,0,0
320.38,23,food,desktop_mac,369.37,north_america,898.75,0,33.9,2.57,0,0,0
800.45,22,food,mobile_android,789.17,north_america,520.04,3,67.39,2.56,0,0,0
340.95,16,p2p_gambling,mobile_android,950.24,offshore_island,122.5,7,43.43,10.55,0,0,0
959.92,15,p2p_gambling,mobile_ios,866.79,metaverse_virtual,1922.08,1,48.13,20.52,0,0,0
406.61,11,p2p_gambling,mobile_android,634.06,offshore_island,1976.69,6,60.67,5.29,0,0,0
280.22,15,p2p_gambling,mobile_android,929.55,offshore_island,1469.88,6,52.18,8.32,1,0,0
1319.63,13,entertainment,mobile_android,424.95,europe,1147.32,0,74.62,16.22,0,0,0
804.71,9,utilities,mobile_android,689.17,europe,737.93,4,54.07,2.94,1,0,0
524.45,6,crypto_exchange,mobile_android,548.19,offshore_island,959.73,0,64.88,9.05,0,1,0
376.81,12,entertainment,mobile_ios,798.2,north_america,1300.86,3,62.99,12.18,1,1,0
624.13,6,crypto_exchange,mobile_android,216.8,metaverse_virtual,1924.06,4,28.9,0.29,0,0,0
288.89,7,crypto_exchange,mobile_ios,424.96,offshore_island,158.12,1,72.4,4.48,0,0,0
783.31,13,p2p_gambling,mobile_ios,43.53,offshore_island,1445.4,5,52.01,1.18,0,0,0
403.55,11,food,mobile_android,496.29,north_america,1343.2,5,43.9,7.26,0,0,0
433.39,16,online,mobile_android,414.98,north_america,1977.48,4,68.81,4.52,0,1,0
564.24,10,online,mobile_android,420.8,europe,365.92,2,65.41,17.59,0,0,0
2308.95,9,electronics,mobile_android,425.78,asia_pacific,1207.84,10,59.73,16.18,0,0,0
796.81,12,retail,mobile_ios,746.61,middle_east,701.96,5,45.62,19.98,0,0,0
264.6,10,retail,mobile_android,915.81,north_america,1133.6,1,68.28,24.83,0,1,0
753.85,18,p2p_gambling,mobile_android,863.65,metaverse_virtual,948.34,3,39.3,29.07,0,0,0
335.82,16,retail,mobile_ios,555.1,europe,643.02,1,36.73,0.33,0,0,0
334.25,20,utilities,mobile_ios,79.33,europe,779.36,2,40.35,4.03,0,0,0
893.27,17,entertainment,desktop_mac,607.19,europe,394.45,1,68.6,86.78,0,0,0
442.05,12,p2p_gambling,mobile_android,974.48,metaverse_virtual,352.54,3,66.66,9.25,0,0,0
353.03,9,entertainment,mobile_android,744.71,europe,1538.22,6,56.97,12.77,0,0,0
521.82,14,retail,mobile_ios,724.58,europe,1701.2,4,66.04,20.35,0,0,0
853.73,17,food,mobile_android,626.94,north_america,310.52,4,84.09,8.94,0,1,0
1234.47,12,p2p_gambling,mobile_ios,888.13,metaverse_virtual,254.64,5,41.37,9.39,0,0,0
279.45,15,food,mobile_ios,807.31,north_america,524.84,6,54.21,13.23,0,0,0
519.73,11,crypto_exchange,mobile_ios,384.29,metaverse_virtual,1895.24,7,55.46,37.64,0,0,0
1257.12,9,retail,mobile_android,916.17,north_america,1749.53,2,74.42,30.28,0,1,0
521.42,7,online,mobile_ios,844.23,north_america,1398.29,3,52.35,6.35,0,0,0
405.17,14,food,desktop_windows,971.78,north_america,1321.71,2,42.08,19.52,0,0,0
380.48,7,travel,mobile_android,933.59,latin_america,1940.54,2,55.2,5.82,1,0,0
200.96,9,food,mobile_ios,879.45,north_america,668.14,4,68.61,16.79,0,0,0
318.68,20,crypto_exchange,mobile_ios,238.63,metaverse_virtual,1518.54,3,56.36,26.56,0,0,0
283.08,7,retail,mobile_android,72.1,europe,477.08,2,63.62,8.54,0,0,0
375.38,15,electronics,mobile_android,212.42,europe,1787.42,4,34.93,11.12,0,0,0
596.83,19,p2p_gambling,mobile_ios,974.53,offshore_island,1528.6,2,52.21,3.36,0,0,0
553.59,5,electronics,mobile_android,562.67,latin_america,1054.68,3,39.47,19.47,0,0,0
699.12,7,p2p_gambling,mobile_android,926.91,offshore_island,862.47,3,49.34,15.57,0,0,0
281.4,17,food,mobile_ios,159.92,europe,168.6,6,40.41,5.86,0,0,0
499.15,5,retail,mobile_ios,767.94,north_america,588.71,4,60.32,35.26,0,1,0
193.79,13,food,mobile_android,185.5,latin_america,697.47,2,69.49,14.33,0,0,0
571.53,17,p2p_gambling,mobile_android,900.5,metaverse_virtual,1715.04,2,35.19,0.71,0,0,0
363.44,11,online,desktop_mac,290.52,north_america,320.42,4,39.7,3.13,0,0,0
634.45,12,food,mobile_ios,124.78,latin_america,1459.0,2,63.04,9.77,0,0,0
782.51,7,utilities,desktop_mac,80.14,asia_pacific,1362.99,2,54.68,6.95,0,0,0
438.46,0,retail,mobile_ios,648.95,north_america,1255.97,4,53.67,23.93,0,0,0
740.48,21,utilities,mobile_android,597.92,north_america,935.26,6,47.72,12.17,0,0,0
1504.22,14,p2p_gambling,mobile_ios,98.89,offshore_island,1296.37,7,77.56,14.74,1,0,0
950.82,9,food,mobile_android,981.06,europe,637.71,2,57.12,0.13,1,1,0
426.0,8,retail,mobile_android,949.05,europe,1053.83,1,64.11,16.14,0,0,0
817.37,20,crypto_exchange,mobile_ios,438.49,metaverse_virtual,653.65,2,74.06,43.05,0,0,0
626.44,14,crypto_exchange,mobile_ios,392.44,offshore_island,325.19,2,82.71,1.31,0,0,0
452.56,18,electronics,mobile_android,611.38,north_america,576.48,4,64.88,3.9,0,0,0
633.69,3,luxury,mobile_android,18.24,latin_america,30.92,9,68.08,32.85,0,1,1
1621.29,10,food,desktop_windows,761.32,asia_pacific,1049.19,2,29.66,1.8,0,0,0
382.29,13,electronics,mobile_android,82.31,africa,1330.75,6,48.71,33.54,0,0,0
328.16,19,food,mobile_ios,225.1,north_america,1001.86,4,45.14,4.95,0,0,0
257.6,18,electronics,mobile_android,37.12,asia_pacific,68.03,8,57.98,167.19,1,1,1
267.24,15,online,mobile_android,973.85,north_america,1832.8,1,70.88,19.26,1,0,0
705.19,19,crypto_exchange,mobile_android,415.31,offshore_island,886.63,7,40.57,2.99,0,0,0
245.5,10,travel,mobile_android,165.84,europe,256.23,6,24.73,13.48,0,0,0
478.91,20,online,mobile_ios,608.58,north_america,1064.24,3,49.08,0.07,0,0,0
421.31,14,crypto_exchange,mobile_ios,153.67,metaverse_virtual,188.99,4,54.7,5.8,0,0,0
363.06,9,online,desktop_windows,922.59,asia_pacific,473.89,2,78.64,9.02,1,0,0
274.98,11,electronics,mobile_android,902.91,north_america,184.42,4,63.27,14.97,0,0,0
359.47,21,retail,mobile_android,268.88,north_america,844.27,4,69.88,12.06,0,0,0
401.73,6,p2p_gambling,mobile_android,934.8,offshore_island,1731.43,2,50.67,12.55,0,0,0
577.52,10,food,mobile_android,277.35,north_america,318.46,4,43.02,10.86,0,0,0
275.7,20,electronics,mobile_ios,264.26,north_america,278.46,5,69.26,7.62,0,0,0
481.62,9,food,mobile_ios,891.18,asia_pacific,1986.75,2,53.06,13.14,0,0,0
529.3,14,food,mobile_android,425.99,africa,1761.08,2,57.45,24.15,0,0,0
592.17,13,retail,mobile_android,115.37,north_america,1612.63,1,54.58,3.1,0,0,0
539.46,12,retail,desktop_mac,651.78,north_america,88.77,4,74.22,20.62,0,0,0
445.03,19,retail,mobile_android,759.13,north_america,1065.71,1,54.45,9.9,0,0,0
425.8,7,p2p_gambling,mobile_android,100.1,offshore_island,75.72,3,46.63,15.65,0,0,0
612.32,13,retail,mobile_ios,406.31,asia_pacific,1845.56,4,76.34,16.5,0,0,0
761.53,9,crypto_exchange,mobile_ios,737.0,metaverse_virtual,100.44,0,57.56,9.94,0,0,0
730.42,12,luxury,mobile_ios,875.13,north_america,1941.66,4,66.4,2.74,0,0,0
308.97,13,p2p_gambling,mobile_android,501.78,offshore_island,1148.55,3,68.63,3.53,0,0,0
406.56,15,travel,mobile_ios,25.63,asia_pacific,165.03,6,97.07,37.37,1,4,1
1515.55,15,retail,mobile_android,761.06,middle_east,1376.0,6,64.43,19.05,0,0,0
774.15,14,retail,mobile_ios,543.76,north_america,968.08,4,44.26,3.24,0,0,0
466.24,14,retail,mobile_android,350.08,europe,1807.68,3,61.07,8.7,0,0,0
622.76,1,electronics,mobile_android,788.08,europe,719.81,4,67.73,10.95,1,0,0
180.59,17,online,mobile_ios,480.9,asia_pacific,226.19,3,77.13,19.92,0,0,0
623.19,14,retail,mobile_ios,237.32,latin_america,312.57,0,42.34,7.26,0,0,0
543.52,9,p2p_gambling,mobile_ios,353.02,offshore_island,993.24,0,35.54,28.88,0,0,0
441.25,11,online,desktop_windows,551.37,north_america,1557.04,1,81.17,2.15,0,0,0
675.62,14,online,mobile_android,898.21,europe,1688.87,3,52.86,2.94,0,0,0
396.56,13,online,mobile_ios,541.94,latin_america,758.53,3,37.47,32.62,0,0,0
571.66,21,luxury,desktop_mac,295.7,europe,1819.08,3,67.09,7.4,0,2,0
1438.77,8,online,mobile_ios,945.13,latin_america,1688.88,3,38.07,4.46,0,0,0
791.07,12,food,desktop_windows,705.33,north_america,162.77,5,55.15,4.33,0,0,0
292.87,14,online,mobile_android,567.12,europe,788.46,3,55.77,34.92,0,0,0
591.41,10,retail,mobile_android,816.83,latin_america,136.42,0,58.52,1.54,0,0,0
377.43,18,online,mobile_android,770.39,north_america,1743.18,4,40.15,2.61,0,0,0
466.43,10,travel,mobile_android,238.55,africa,638.5,8,53.45,13.62,0,0,0
393.76,1,travel,mobile_android,34.38,latin_america,40.44,5,75.73,239.59,0,3,1
857.47,8,retail,mobile_ios,810.87,north_america,519.64,5,57.55,14.61,0,0,0
578.73,11,electronics,mobile_ios,32.55,europe,1024.66,6,53.7,2.05,1,0,0
512.89,13,online,desktop_windows,905.18,middle_east,957.32,0,43.57,18.14,0,1,0
265.78,10,p2p_gambling,mobile_ios,829.09,offshore_island,865.25,3,48.7,5.88,0,0,0
933.34,17,p2p_gambling,desktop_mac,496.36,metaverse_virtual,1813.27,3,86.73,16.78,0,0,0
998.99,4,utilities,mobile_android,679.33,north_america,1251.22,1,48.79,21.55,0,0,0
330.34,5,electronics,mobile_ios,292.78,asia_pacific,433.6,1,42.64,14.16,0,1,0
263.82,21,utilities,mobile_ios,382.42,latin_america,1690.3,3,24.14,8.98,0,0,0
1050.31,12,retail,mobile_android,274.69,north_america,686.7,4,75.83,5.02,0,0,0
359.95,18,retail,mobile_android,496.69,latin_america,594.83,2,83.71,14.24,0,0,0
946.85,17,retail,mobile_ios,751.2,africa,883.89,2,50.79,6.3,0,0,0
468.49,14,retail,mobile_ios,917.15,north_america,1428.68,3,55.27,16.28,0,0,0
470.96,9,travel,mobile_ios,939.75,africa,1028.84,2,60.01,8.55,0,0,0
415.97,7,entertainment,mobile_ios,288.39,europe,237.78,5,60.88,13.68,0,0,0
234.91,8,electronics,desktop_mac,350.39,europe,1376.37,0,56.92,9.3,0,0,0
709.8,9,food,mobile_ios,798.42,europe,893.97,4,56.47,11.91,0,0,0
319.32,17,retail,mobile_ios,396.69,asia_pacific,1030.18,3,61.2,1.94,0,0,0
257.22,15,luxury,mobile_ios,927.98,asia_pacific,1140.37,2,57.95,14.92,0,0,0
742.78,20,electronics,mobile_android,809.99,north_america,1847.51,2,84.62,5.2,0,0,0
286.12,0,retail,mobile_android,329.6,north_america,1523.78,4,47.09,2.8,0,0,0
250.89,6,retail,mobile_ios,169.38,north_america,1409.22,4,69.4,30.35,0,0,0
399.74,17,crypto_exchange,mobile_android,76.52,metaverse_virtual,264.82,3,69.65,38.4,0,0,0
427.75,11,crypto_exchange,mobile_android,466.42,metaverse_virtual,425.06,2,91.48,7.15,0,0,0
398.48,12,electronics,mobile_android,748.56,middle_east,1884.05,7,62.85,14.34,0,0,0
342.08,12,utilities,mobile_ios,947.26,north_america,1330.37,1,65.12,14.52,0,1,0
281.25,5,travel,mobile_android,30.05,north_america,1823.54,6,15.55,12.61,0,0,0
309.06,9,retail,mobile_android,539.6,europe,474.12,2,64.04,10.31,0,0,0
2067.56,23,food,mobile_ios,729.87,north_america,1137.71,2,46.68,7.16,0,0,0
422.88,5,p2p_gambling,mobile_android,153.13,metaverse_virtual,828.29,2,68.2,6.17,0,1,0
326.77,11,p2p_gambling,mobile_ios,491.63,metaverse_virtual,677.46,7,46.47,13.46,0,0,0
471.73,11,retail,mobile_ios,591.23,north_america,1925.18,1,59.66,5.75,0,0,0
383.81,6,retail,mobile_android,651.49,europe,341.87,2,39.1,4.35,0,0,0
583.23,16,p2p_gambling,mobile_ios,569.55,offshore_island,1059.0,4,60.2,16.92,0,0,0
340.16,13,p2p_gambling,mobile_android,510.2,metaverse_virtual,1964.92,4,29.42,4.24,0,0,0
252.67,12,online,mobile_android,883.84,middle_east,993.27,6,61.35,24.09,0,0,0
987.79,12,crypto_exchange,mobile_ios,848.88,offshore_island,443.31,2,59.6,1.54,0,0,0
532.41,14,food,mobile_ios,597.57,latin_america,1143.92,3,49.19,2.57,0,0,0
817.66,9,electronics,mobile_android,889.99,north_america,1822.86,1,68.43,3.68,0,0,0
249.31,12,crypto_exchange,mobile_android,456.92,metaverse_virtual,1466.09,4,53.05,15.34,0,0,0
401.08,11,food,desktop_windows,531.05,north_america,924.95,3,42.81,4.47,1,0,0
1927.59,8,online,desktop_mac,413.62,asia_pacific,905.08,3,35.01,31.71,0,1,0
445.19,5,entertainment,mobile_ios,472.44,north_america,177.89,4,52.17,9.7,0,0,0
801.3,8,crypto_exchange,mobile_ios,272.37,offshore_island,62.34,1,49.77,49.89,0,0,0
493.34,19,p2p_gambling,mobile_ios,792.1,offshore_island,1691.32,5,57.57,3.95,0,0,0
1254.12,2,crypto_exchange,desktop_windows,14.57,offshore_island,67.7,12,68.38,33.21,1,1,1
222.09,7,crypto_exchange,desktop_mac,192.12,offshore_island,1338.71,5,55.82,6.46,0,0,0
227.81,3,retail,mobile_android,696.77,asia_pacific,276.51,4,74.77,1.38,0,0,0
376.61,10,travel,mobile_android,922.51,europe,1452.34,2,50.46,1.45,0,0,0
313.63,10,food,mobile_ios,448.85,europe,1098.04,2,55.03,15.13,0,0,0
460.81,11,utilities,mobile_android,911.71,asia_pacific,589.47,4,26.71,4.6,0,0,0
232.3,8,electronics,mobile_android,264.92,north_america,1711.12,2,41.29,11.46,1,1,0
414.85,11,electronics,mobile_ios,306.96,north_america,793.62,3,43.8,17.0,0,0,0
385.63,11,retail,mobile_android,589.88,latin_america,1590.56,3,77.63,12.69,0,0,0
584.05,15,electronics,mobile_android,296.31,north_america,1442.67,2,70.3,10.41,0,0,0
219.5,11,food,mobile_android,621.24,latin_america,1754.92,4,87.68,35.22,0,0,0
350.62,18,utilities,mobile_android,116.94,europe,1378.57,4,55.21,13.02,0,0,0
461.09,12,online,mobile_android,467.38,asia_pacific,138.45,3,63.14,11.86,0,0,0
343.8,10,p2p_gambling,mobile_ios,271.82,metaverse_virtual,1871.04,2,46.67,32.0,0,0,0
408.09,14,electronics,mobile_ios,874.09,asia_pacific,560.02,3,60.57,15.68,0,0,0
659.19,9,travel,mobile_ios,420.53,north_america,1892.0,3,57.97,8.79,0,0,0
779.62,8,online,mobile_ios,696.32,asia_pacific,1382.18,4,18.62,2.12,0,0,0
242.39,2,crypto_exchange,mobile_ios,279.96,metaverse_virtual,1527.85,2,54.73,24.9,0,0,0
630.61,16,p2p_gambling,mobile_android,303.48,offshore_island,1884.99,5,27.38,3.76,0,0,0
853.45,8,online,mobile_android,29.08,asia_pacific,74.07,7,47.16,23.52,0,2,1
489.27,11,retail,mobile_android,814.76,north_america,125.1,2,50.9,1.88,0,1,0
2610.0,17,food,mobile_android,946.6,north_america,670.5,6,74.14,35.66,0,0,0
502.32,9,retail,desktop_mac,395.93,north_america,1949.44,4,78.8,7.93,0,0,0
438.13,8,crypto_exchange,mobile_android,760.4,metaverse_virtual,780.55,4,58.87,1.23,0,0,0
425.46,13,crypto_exchange,mobile_ios,360.36,offshore_island,755.23,3,62.34,1.31,0,0,0
391.46,18,food,mobile_ios,533.92,europe,1619.28,4,69.08,7.62,0,0,0
351.41,8,retail,mobile_ios,379.34,europe,397.17,1,55.17,0.27,0,0,0
621.57,14,food,mobile_android,863.36,europe,181.15,4,54.91,23.21,1,0,0
1062.39,9,crypto_exchange,mobile_android,227.61,offshore_island,1937.24,4,72.8,16.23,0,0,0
664.57,15,food,desktop_windows,570.11,asia_pacific,281.04,3,38.59,16.18,0,0,0
546.44,7,retail,mobile_android,318.57,asia_pacific,99.46,3,50.65,19.25,0,1,0
259.77,22,food,mobile_ios,175.8,north_america,1291.73,3,60.21,0.62,0,0,0
885.85,13,online,mobile_ios,623.79,north_america,411.62,3,59.44,0.72,0,0,0
347.69,0,online,mobile_android,38.25,north_america,65.11,4,90.12,486.94,1,2,1
314.38,20,retail,mobile_android,256.39,middle_east,475.01,6,53.53,6.69,1,0,0
279.87,15,entertainment,desktop_mac,561.95,north_america,1431.85,3,72.16,8.32,0,0,0
284.32,13,online,mobile_android,720.71,europe,1211.69,2,49.2,5.96,0,0,0
484.51,11,retail,mobile_ios,858.98,north_america,1521.21,5,39.36,23.24,1,0,0
381.51,15,online,mobile_ios,587.06,north_america,1538.9,1,80.97,3.61,0,1,0
594.71,15,retail,mobile_android,875.14,europe,1226.65,3,36.3,12.97,0,0,0
388.43,18,online,mobile_ios,369.73,europe,756.91,2,44.57,18.45,0,0,0
356.94,13,travel,mobile_android,989.21,asia_pacific,1672.99,3,47.82,9.18,0,0,0
305.88,18,crypto_exchange,mobile_android,942.19,metaverse_virtual,1965.16,8,46.4,4.62,0,0,0
872.25,4,food,mobile_android,728.71,asia_pacific,1570.38,1,42.64,7.65,0,1,0
392.46,8,utilities,mobile_android,218.95,europe,1125.55,3,54.19,3.56,0,0,0
374.29,8,food,mobile_android,837.2,asia_pacific,558.55,4,60.31,4.93,0,2,0
478.83,16,online,mobile_android,486.21,north_america,1966.02,4,49.76,1.52,0,0,0
269.97,17,online,mobile_ios,735.17,europe,1294.51,2,35.22,11.37,0,0,0
807.41,16,food,mobile_ios,959.1,middle_east,713.64,1,52.3,28.43,0,0,0
482.96,9,crypto_exchange,mobile_ios,443.79,metaverse_virtual,1103.57,7,37.56,7.07,0,0,0
790.9,7,electronics,mobile_android,702.41,north_america,1047.46,5,24.04,27.03,0,0,0
322.42,9,p2p_gambling,mobile_android,752.04,metaverse_virtual,1355.65,1,85.12,10.84,0,0,0
234.71,10,p2p_gambling,mobile_ios,233.37,offshore_island,515.76,3,39.39,6.62,0,1,0
423.43,17,crypto_exchange,mobile_android,935.61,metaverse_virtual,1967.49,3,44.72,3.58,0,0,0
321.99,9,food,mobile_android,115.14,europe,946.54,3,71.9,27.74,0,0,0
343.07,20,luxury,mobile_ios,11.8,asia_pacific,75.28,10,48.67,114.3,1,4,1
400.15,7,retail,desktop_windows,798.15,europe,1424.48,4,24.68,3.32,0,0,0
373.97,15,travel,mobile_android,394.76,north_america,1174.4,3,78.55,13.1,0,0,0
1022.7,9,food,mobile_android,528.22,north_america,534.93,6,67.17,8.02,0,0,0
204.62,19,crypto_exchange,mobile_android,632.21,metaverse_virtual,1090.53,7,43.74,11.27,0,0,0
733.94,12,p2p_gambling,mobile_android,365.57,offshore_island,414.11,3,53.29,6.0,0,0,0
440.94,7,crypto_exchange,mobile_ios,526.8,metaverse_virtual,1276.22,3,43.61,3.52,0,0,0
364.07,11,p2p_gambling,mobile_android,723.78,offshore_island,636.85,3,62.19,32.97,0,0,0
397.43,8,utilities,mobile_android,880.02,latin_america,738.33,2,31.13,8.28,0,0,0
188.67,14,crypto_exchange,desktop_windows,917.44,metaverse_virtual,159.46,0,50.84,16.12,0,0,0
762.25,13,utilities,mobile_ios,516.31,north_america,295.82,1,82.81,14.29,0,0,0
500.4,10,crypto_exchange,mobile_android,694.97,metaverse_virtual,1158.4,2,66.18,29.65,0,0,0
694.36,11,online,mobile_ios,877.35,europe,313.08,1,85.48,15.86,0,0,0
192.23,20,p2p_gambling,desktop_windows,256.06,offshore_island,349.9,3,78.84,8.4,0,0,0
454.14,10,crypto_exchange,mobile_android,189.26,offshore_island,1775.1,6,76.92,14.73,0,1,0
768.83,7,food,mobile_ios,924.82,asia_pacific,416.45,4,48.21,10.71,0,2,0
399.75,14,online,desktop_windows,820.72,europe,402.63,2,43.35,20.74,0,2,0
214.02,15,retail,mobile_ios,629.2,asia_pacific,867.18,5,68.91,4.54,0,0,0
524.81,17,food,mobile_android,776.09,north_america,998.94,0,47.08,19.58,0,0,0
290.53,13,entertainment,mobile_android,416.11,asia_pacific,634.12,5,63.63,1.35,0,0,0
497.69,5,electronics,mobile_android,857.75,latin_america,1811.82,2,52.55,12.45,0,0,0
1277.94,11,online,desktop_mac,743.86,north_america,1141.5,4,53.87,2.59,0,0,0
563.96,9,retail,mobile_android,234.82,north_america,539.02,3,62.06,4.75,0,1,0
563.52,3,p2p_gambling,mobile_android,655.09,metaverse_virtual,1384.01,2,60.4,12.58,0,0,0
230.84,7,utilities,mobile_android,715.05,north_america,78.54,3,52.86,5.86,0,0,0
380.45,12,crypto_exchange,mobile_android,505.9,metaverse_virtual,526.64,1,60.34,9.86,0,0,0
549.95,7,electronics,mobile_ios,555.26,north_america,691.41,0,43.82,13.34,0,0,0
410.69,9,retail,mobile_ios,934.17,middle_east,581.47,2,46.35,26.46,0,0,0
432.63,16,retail,mobile_android,925.6,north_america,703.48,1,81.43,0.29,0,0,0
474.91,8,retail,mobile_android,279.4,north_america,67.27,1,73.9,31.86,0,0,0
359.51,18,crypto_exchange,mobile_ios,85.42,offshore_island,1271.38,1,42.04,52.81,0,0,0
563.9,9,retail,mobile_android,153.37,latin_america,1006.62,3,86.73,1.86,0,0,0
1037.31,17,food,desktop_windows,59.58,asia_pacific,960.42,1,56.04,24.0,0,0,0
1092.16,16,electronics,mobile_android,77.68,north_america,691.26,2,65.53,22.3,1,0,0
158.15,15,crypto_exchange,mobile_android,686.76,metaverse_virtual,812.82,2,52.82,0.74,0,0,0
334.27,8,crypto_exchange,mobile_android,204.6,metaverse_virtual,886.73,3,68.55,3.75,0,0,0
244.71,5,crypto_exchange,mobile_ios,156.41,metaverse_virtual,436.46,5,53.72,1.65,0,0,0
518.39,8,electronics,mobile_android,51.89,europe,1158.8,4,47.16,2.09,0,0,0
234.51,18,retail,mobile_android,162.28,north_america,1724.44,3,47.18,8.78,0,0,0
316.88,11,online,mobile_ios,51.33,north_america,862.03,5,48.31,4.81,0,0,0
904.75,10,retail,desktop_windows,685.86,asia_pacific,1562.07,3,63.12,12.51,0,0,0
256.41,12,travel,desktop_mac,30.24,europe,245.34,4,69.51,0.58,0,0,0
649.98,10,travel,mobile_android,419.6,europe,1378.05,2,34.07,12.67,0,0,0
394.69,15,online,mobile_ios,623.15,north_america,1049.91,3,57.4,0.74,0,0,0
861.42,7,online,mobile_android,860.6,north_america,1732.81,2,54.91,20.27,0,0,0
186.95,10,retail,mobile_ios,669.71,asia_pacific,1688.38,2,27.16,8.95,0,0,0
528.75,10,crypto_exchange,mobile_ios,309.3,metaverse_virtual,1313.08,7,55.09,9.4,0,0,0
591.65,7,crypto_exchange,mobile_android,61.03,offshore_island,70.97,3,65.35,5.69,0,0,0
496.82,7,food,mobile_ios,168.79,north_america,1007.19,3,63.68,2.8,0,0,0
388.7,1,p2p_gambling,desktop_mac,666.46,offshore_island,486.32,1,88.66,5.57,0,0,0
328.43,19,retail,mobile_android,945.26,north_america,1333.91,2,37.23,35.94,0,1,0
393.05,8,food,mobile_android,807.33,europe,366.78,5,81.83,15.0,0,0,0
345.07,11,crypto_exchange,mobile_ios,596.34,metaverse_virtual,296.2,4,67.34,3.11,0,0,0
584.95,21,electronics,mobile_ios,80.7,europe,1277.23,3,53.5,6.11,0,0,0
731.04,14,retail,mobile_ios,514.07,latin_america,897.5,4,49.08,3.7,0,0,0
723.63,9,food,mobile_android,35.16,north_america,780.08,2,65.13,0.4,0,0,0
308.48,11,luxury,mobile_android,598.28,north_america,394.1,1,54.95,9.67,0,0,0
349.43,14,food,mobile_android,541.8,north_america,821.94,2,44.62,11.97,0,0,0
254.78,11,utilities,desktop_windows,442.79,europe,225.62,4,54.41,5.74,1,0,0
379.39,13,entertainment,desktop_mac,178.35,europe,568.23,2,42.8,2.49,0,0,0
695.43,15,crypto_exchange,desktop_mac,44.81,metaverse_virtual,565.97,1,63.07,13.15,0,0,0
469.9,19,crypto_exchange,mobile_ios,469.66,metaverse_virtual,987.08,2,57.29,43.2,0,0,0
790.57,14,food,mobile_ios,557.85,europe,1368.42,5,55.27,6.57,0,1,0
399.41,19,retail,mobile_android,215.55,europe,737.05,0,47.48,3.27,0,0,0
1267.27,7,p2p_gambling,mobile_android,107.2,metaverse_virtual,1361.09,4,57.27,17.34,0,0,0
512.88,5,crypto_exchange,mobile_android,337.1,metaverse_virtual,118.57,1,47.74,1.94,0,0,0
807.82,9,retail,mobile_android,435.9,north_america,1127.57,4,47.88,20.25,0,0,0
783.74,7,food,mobile_android,294.96,north_america,1979.02,1,71.81,16.48,0,0,0
252.85,5,crypto_exchange,mobile_android,993.37,offshore_island,164.17,2,48.16,9.58,0,0,0
402.77,10,crypto_exchange,mobile_android,228.37,metaverse_virtual,143.83,4,43.92,6.89,0,0,0
431.13,11,electronics,mobile_android,170.93,europe,66.8,4,54.95,21.11,0,0,0
277.96,14,travel,mobile_ios,707.68,europe,1114.37,3,56.97,19.15,0,0,0
418.83,9,retail,mobile_ios,976.79,europe,1658.25,5,77.05,0.86,0,0,0
1367.45,20,electronics,desktop_mac,481.08,north_america,183.82,4,48.58,35.43,0,0,0
482.35,23,retail,mobile_android,826.93,latin_america,1964.55,3,36.2,11.5,0,0,0
440.57,10,retail,mobile_android,664.09,asia_pacific,1143.06,6,32.44,9.28,0,0,0
777.38,17,crypto_exchange,mobile_ios,897.27,metaverse_virtual,999.63,3,40.14,17.94,0,0,0
393.41,1,online,mobile_ios,707.17,latin_america,687.91,1,65.25,8.19,0,0,0
468.69,9,retail,mobile_android,394.23,europe,1126.36,3,49.1,8.32,0,0,0
845.24,8,electronics,mobile_android,898.94,north_america,366.98,2,80.46,0.39,0,0,0
1225.38,17,food,mobile_android,934.67,latin_america,1644.92,5,43.78,18.51,0,1,0
409.45,12,travel,mobile_android,361.46,europe,1542.27,1,74.82,2.94,0,0,0
615.93,13,electronics,mobile_android,629.8,europe,217.9,8,5.0,90.08,0,0,0
280.41,6,food,mobile_ios,263.77,asia_pacific,1532.33,2,61.9,14.15,0,0,0
340.59,8,electronics,mobile_ios,893.59,europe,1244.85,6,55.96,12.12,1,0,0
666.92,19,crypto_exchange,mobile_android,39.94,offshore_island,162.82,7,32.34,34.97,0,0,1
298.16,12,travel,mobile_android,294.29,europe,617.47,2,64.69,2.97,0,1,0
150.87,1,crypto_exchange,mobile_ios,1.77,offshore_island,45.41,6,38.13,157.77,0,0,1
288.88,6,retail,mobile_android,944.63,latin_america,1047.68,5,20.27,25.8,0,0,0
642.12,15,p2p_gambling,mobile_android,230.63,offshore_island,714.42,4,44.3,15.4,0,2,0
513.66,11,utilities,desktop_windows,483.81,north_america,1303.77,0,59.38,16.97,0,0,0
370.8,4,p2p_gambling,mobile_android,132.35,metaverse_virtual,1560.94,5,49.04,1.77,0,0,0
313.94,14,retail,mobile_android,254.9,north_america,378.38,3,54.88,14.15,0,0,0
209.26,14,crypto_exchange,mobile_ios,639.86,metaverse_virtual,105.59,3,60.1,34.96,1,0,0
683.24,10,electronics,mobile_ios,126.93,north_america,1869.04,5,64.77,18.75,0,0,0
975.62,12,p2p_gambling,mobile_ios,130.05,metaverse_virtual,349.25,4,78.7,14.47,0,0,0
386.18,10,food,mobile_android,749.93,europe,932.38,2,59.84,9.76,0,0,0
569.64,11,entertainment,mobile_android,332.42,latin_america,451.49,4,68.05,6.78,0,0,0
440.89,19,travel,desktop_windows,292.83,north_america,1408.24,3,43.19,1.13,0,0,0
607.76,8,crypto_exchange,mobile_android,341.31,metaverse_virtual,1735.08,3,49.59,11.89,0,0,0
379.75,10,crypto_exchange,mobile_ios,362.2,offshore_island,1210.95,3,59.09,27.25,0,0,0
660.75,16,entertainment,mobile_ios,441.76,europe,1957.12,3,59.25,5.87,0,0,0
400.69,9,crypto_exchange,mobile_android,198.79,metaverse_virtual,1249.98,3,26.43,30.75,0,0,0
693.54,8,retail,mobile_ios,33.61,asia_pacific,1580.38,6,58.88,0.12,0,0,0
477.07,4,entertainment,mobile_ios,362.0,north_america,1511.29,2,38.15,9.88,0,0,0
295.64,12,travel,mobile_ios,846.55,europe,310.14,2,66.27,11.36,0,0,0
539.51,16,crypto_exchange,mobile_ios,611.31,metaverse_virtual,188.85,2,57.28,2.46,0,1,0
334.57,18,crypto_exchange,mobile_android,904.44,offshore_island,1173.87,2,28.18,0.55,0,0,0
265.32,11,electronics,mobile_ios,181.08,north_america,812.42,1,69.23,0.61,0,0,0
403.44,15,food,mobile_android,382.98,asia_pacific,1254.74,1,41.86,4.1,0,0,0
391.59,15,p2p_gambling,desktop_windows,166.43,offshore_island,1344.07,4,59.84,36.29,0,0,0
744.27,11,entertainment,mobile_ios,521.72,north_america,149.1,4,29.4,0.26,0,0,0
389.34,9,online,mobile_ios,523.06,africa,422.2,0,53.75,21.4,0,0,0
301.62,8,p2p_gambling,mobile_ios,537.46,metaverse_virtual,831.06,1,71.3,5.52,0,0,0
672.32,6,food,mobile_android,239.17,north_america,869.99,2,57.8,7.79,0,0,0
552.44,12,crypto_exchange,mobile_android,414.36,metaverse_virtual,1632.99,4,66.22,4.24,0,0,0
300.73,16,electronics,mobile_ios,432.4,europe,1634.22,4,57.4,5.68,0,0,0
979.52,2,crypto_exchange,mobile_android,281.26,metaverse_virtual,202.32,5,51.05,12.25,1,0,0
452.25,11,retail,mobile_android,962.79,asia_pacific,436.99,3,62.54,0.43,0,0,0
264.0,15,p2p_gambling,mobile_ios,130.66,offshore_island,1142.62,3,80.19,6.6,0,0,0
266.98,10,retail,mobile_android,333.97,north_america,1239.46,2,50.76,7.44,0,0,0
336.84,15,crypto_exchange,mobile_android,618.32,offshore_island,1769.77,2,74.0,35.53,0,0,0
444.32,13,p2p_gambling,mobile_android,867.67,offshore_island,1068.97,1,48.92,31.57,0,0,0
456.35,16,online,mobile_android,166.64,north_america,312.58,3,71.55,36.0,0,0,0
251.66,6,electronics,mobile_ios,296.65,north_america,533.05,0,60.61,5.5,0,0,0
177.96,9,food,mobile_ios,39.12,middle_east,69.7,8,31.3,244.48,0,2,1
331.97,22,travel,mobile_ios,547.71,asia_pacific,1131.3,4,54.98,2.9,0,0,0
697.38,7,food,mobile_ios,337.18,north_america,208.64,8,62.57,24.13,0,0,0
458.4,8,retail,mobile_ios,398.79,latin_america,1804.72,3,65.43,5.14,0,0,0
485.33,16,crypto_exchange,mobile_android,182.06,offshore_island,1831.7,3,36.27,1.8,0,0,0
334.98,16,online,desktop_windows,250.94,north_america,272.86,3,60.73,13.65,0,0,0
1797.95,8,crypto_exchange,mobile_ios,342.67,metaverse_virtual,793.65,0,76.43,1.83,0,0,0
284.17,10,retail,mobile_android,164.49,asia_pacific,1518.49,3,56.28,21.39,0,0,0
233.01,14,p2p_gambling,desktop_mac,457.97,metaverse_virtual,716.96,2,85.49,28.02,0,0,0
523.03,19,crypto_exchange,mobile_ios,224.33,offshore_island,186.19,4,84.03,8.45,0,0,0
383.57,13,travel,mobile_android,38.16,europe,152.32,9,93.56,273.44,1,2,1
340.87,16,luxury,mobile_android,35.6,africa,955.62,5,43.84,25.46,0,0,0
725.91,10,p2p_gambling,desktop_windows,47.97,metaverse_virtual,1532.43,2,38.97,16.49,0,0,0
250.51,8,travel,mobile_ios,483.77,latin_america,868.34,2,71.16,2.2,0,0,0
722.55,19,food,desktop_windows,875.4,europe,1366.44,3,34.04,8.0,0,1,0
328.19,12,crypto_exchange,mobile_android,470.47,metaverse_virtual,740.26,3,49.57,3.62,0,0,0
303.97,20,food,mobile_android,575.81,asia_pacific,1574.59,2,55.98,5.7,0,0,0
350.01,10,crypto_exchange,desktop_windows,118.31,metaverse_virtual,1379.61,4,33.24,3.21,0,0,0
403.68,14,entertainment,mobile_android,674.86,north_america,479.9,2,25.67,15.96,0,0,0
278.51,8,p2p_gambling,mobile_android,274.51,offshore_island,613.09,2,65.02,2.04,0,0,0
597.63,10,retail,mobile_ios,586.2,europe,1283.02,2,76.02,13.34,0,0,0
486.48,2,p2p_gambling,mobile_ios,324.12,offshore_island,76.2,1,44.99,0.24,0,0,0
316.96,3,travel,mobile_android,435.83,europe,876.12,2,72.37,0.28,0,0,0
702.4,12,electronics,mobile_android,301.73,middle_east,1874.21,4,54.39,1.28,0,0,0
273.3,13,p2p_gambling,mobile_ios,144.4,offshore_island,1698.15,1,35.51,1.21,0,0,0
1027.74,6,retail,mobile_ios,221.05,europe,1936.6,4,55.77,26.04,0,0,0
1394.35,23,crypto_exchange,desktop_windows,425.65,metaverse_virtual,644.76,8,40.95,0.92,0,0,0
198.69,19,food,mobile_ios,620.31,north_america,699.84,2,60.74,2.42,0,0,0
840.67,0,crypto_exchange,mobile_android,748.1,offshore_island,1598.12,5,58.02,3.52,0,1,0
418.16,6,retail,mobile_android,453.67,north_america,1526.08,2,77.91,9.27,0,0,0
569.07,11,crypto_exchange,desktop_windows,669.09,metaverse_virtual,1459.96,1,71.7,8.28,0,0,0
730.96,8,crypto_exchange,mobile_ios,833.53,metaverse_virtual,1727.71,6,58.79,0.67,0,0,0
353.05,10,p2p_gambling,desktop_mac,898.25,offshore_island,832.04,5,83.68,11.22,0,0,0
971.52,13,travel,mobile_android,102.02,north_america,1452.38,4,60.33,0.75,0,0,0
429.77,4,travel,mobile_android,496.51,asia_pacific,469.41,5,59.66,15.44,0,0,0
1354.73,8,retail,mobile_ios,411.91,latin_america,496.61,7,51.45,6.34,0,0,0
1149.84,21,retail,mobile_ios,618.03,middle_east,813.55,3,73.2,15.58,0,0,0
460.74,8,retail,mobile_ios,992.26,north_america,1819.81,2,54.26,0.05,0,0,0
387.06,8,retail,mobile_android,365.72,asia_pacific,940.63,1,54.65,29.08,0,0,0
256.81,17,electronics,mobile_ios,519.29,north_america,526.23,4,38.58,25.23,0,0,0
458.99,17,utilities,mobile_android,681.23,north_america,1510.69,2,58.98,19.81,0,0,0
453.44,11,electronics,desktop_windows,344.18,north_america,350.37,4,72.92,0.04,0,0,0
532.48,17,retail,mobile_ios,415.71,north_america,1729.57,5,31.2,0.3,0,0,0
565.47,19,electronics,mobile_ios,458.89,north_america,969.89,2,30.98,11.23,0,0,0
789.27,7,online,desktop_mac,798.24,north_america,1741.73,5,54.29,11.09,0,0,0
299.76,6,online,mobile_android,911.18,europe,534.69,2,60.81,8.07,0,0,0
941.15,5,retail,mobile_ios,102.84,asia_pacific,888.31,6,56.6,0.09,0,1,0
466.74,10,p2p_gambling,mobile_android,409.71,offshore_island,400.69,3,50.84,11.52,0,0,0
247.12,19,utilities,mobile_android,813.91,latin_america,983.23,2,50.26,0.6,0,0,0
307.52,7,travel,mobile_ios,877.06,latin_america,1665.31,3,49.98,17.87,1,0,0
950.33,7,electronics,mobile_android,303.47,europe,1497.17,2,46.6,23.93,0,0,0
914.45,3,travel,mobile_ios,171.64,north_america,1912.52,2,65.52,20.66,0,0,0
753.75,9,p2p_gambling,mobile_android,424.37,metaverse_virtual,1604.91,1,43.55,4.67,0,0,0
434.8,9,entertainment,mobile_android,51.47,europe,1560.86,4,60.95,10.62,0,0,0
564.76,8,electronics,desktop_mac,126.0,latin_america,1701.92,4,70.5,13.49,0,0,0
355.8,5,p2p_gambling,mobile_ios,749.35,offshore_island,1784.94,4,45.22,3.39,0,0,0
434.72,2,electronics,mobile_ios,731.87,north_america,1492.09,2,26.44,12.87,0,0,0
920.26,14,electronics,mobile_ios,923.81,middle_east,768.2,2,33.36,14.48,0,0,0
1242.14,11,p2p_gambling,mobile_ios,524.46,offshore_island,1092.03,2,29.55,15.14,0,0,0
1244.17,8,utilities,mobile_ios,586.29,north_america,352.43,2,69.34,35.68,0,0,0
459.61,15,food,desktop_windows,998.47,north_america,1919.87,1,23.86,1.17,0,0,0
233.7,11,crypto_exchange,mobile_android,233.23,metaverse_virtual,1755.67,5,43.84,6.38,0,0,0
462.52,16,retail,desktop_windows,799.73,north_america,265.21,3,47.68,6.08,0,0,0
243.39,12,online,desktop_mac,342.01,middle_east,1226.09,1,60.47,3.64,0,1,0
463.85,10,retail,mobile_ios,754.34,asia_pacific,1802.56,1,83.92,6.38,0,0,0
402.52,13,electronics,mobile_ios,565.46,europe,1508.64,3,55.69,0.0,0,0,0
256.5,12,food,mobile_android,918.46,asia_pacific,578.65,2,75.46,1.3,0,0,0
626.92,8,food,mobile_ios,193.99,europe,873.25,3,78.58,11.1,0,0,0
1293.09,16,food,mobile_android,863.88,north_america,293.54,4,48.12,2.05,0,0,0
423.61,18,retail,mobile_android,628.83,africa,594.92,3,33.57,6.24,0,0,0
414.08,8,travel,mobile_android,47.42,asia_pacific,1187.8,2,67.95,10.13,0,0,0
958.3,12,electronics,mobile_android,724.19,asia_pacific,668.93,3,62.95,15.73,0,0,0
434.3,8,electronics,mobile_ios,472.64,middle_east,241.26,3,69.68,2.62,0,2,0
502.38,14,electronics,mobile_android,226.9,europe,893.33,7,43.07,13.66,0,0,0
807.55,15,electronics,mobile_ios,767.88,asia_pacific,1598.87,4,61.28,0.53,0,0,0
255.93,13,travel,mobile_android,388.79,europe,1405.65,3,55.92,2.59,1,0,0
482.71,17,travel,mobile_android,171.26,latin_america,1088.0,3,68.27,22.87,0,0,0
832.86,11,travel,desktop_windows,613.05,europe,1147.41,1,84.75,7.65,0,0,0
390.86,8,entertainment,mobile_android,902.27,europe,577.11,2,76.67,4.45,0,0,0
284.4,17,electronics,mobile_android,627.16,north_america,545.72,2,66.27,54.9,0,1,0
831.91,4,online,mobile_ios,450.71,north_america,1615.73,4,46.39,0.8,0,0,0
405.84,16,retail,mobile_ios,326.28,north_america,633.03,3,39.96,33.04,0,0,0
350.48,15,entertainment,mobile_ios,882.17,asia_pacific,1795.74,4,35.26,36.26,0,0,0
510.9,10,travel,mobile_android,576.23,europe,699.68,1,66.5,1.65,0,0,0
696.67,10,food,mobile_android,178.76,north_america,1377.33,0,30.89,3.82,0,0,0
812.33,7,p2p_gambling,mobile_android,697.64,offshore_island,1381.47,3,66.36,15.6,0,0,0
751.63,21,retail,mobile_ios,840.42,europe,1106.64,1,53.56,8.14,0,1,0
263.93,14,food,mobile_ios,310.5,north_america,1920.27,5,41.04,1.52,0,0,0
399.84,10,crypto_exchange,desktop_mac,284.75,offshore_island,660.96,2,39.72,9.02,1,0,0
730.97,17,p2p_gambling,mobile_ios,207.95,metaverse_virtual,1787.21,4,59.31,11.57,0,0,0
416.65,9,food,mobile_ios,112.64,north_america,1224.24,2,45.02,2.13,0,0,0
692.82,10,retail,mobile_android,504.52,asia_pacific,827.6,1,50.4,11.43,0,0,0
614.56,5,entertainment,mobile_ios,616.13,europe,1196.87,4,40.15,2.69,0,0,0
355.57,9,utilities,mobile_ios,712.82,asia_pacific,252.17,3,51.22,7.1,0,0,0
887.23,14,food,mobile_android,167.36,asia_pacific,1516.8,0,49.04,5.22,0,0,0
588.45,18,p2p_gambling,desktop_windows,691.02,metaverse_virtual,1514.08,4,72.54,1.91,0,0,0
1852.63,6,retail,mobile_android,901.68,latin_america,468.22,3,69.17,50.94,0,0,0
298.89,6,p2p_gambling,mobile_ios,245.97,offshore_island,420.86,6,47.68,34.62,0,0,0
343.83,10,online,mobile_ios,856.33,north_america,1241.28,1,58.99,2.97,0,0,0
293.1,12,food,desktop_windows,779.35,north_america,669.63,2,58.92,7.58,0,0,0
309.95,9,electronics,mobile_android,473.51,africa,765.44,4,37.37,39.36,0,0,0
629.24,15,travel,mobile_android,516.02,asia_pacific,751.45,2,32.06,4.59,0,0,0
429.12,11,luxury,mobile_ios,438.74,europe,387.02,0,67.98,0.67,0,0,0
959.15,21,crypto_exchange,desktop_mac,647.94,metaverse_virtual,167.94,3,41.15,6.18,0,0,0
663.08,10,online,desktop_mac,858.02,asia_pacific,1263.88,2,39.69,9.28,0,0,0
681.13,1,crypto_exchange,mobile_ios,978.38,metaverse_virtual,1249.36,2,65.15,20.6,0,0,0
283.86,14,crypto_exchange,mobile_ios,621.16,metaverse_virtual,708.38,2,81.28,9.34,0,0,0
652.48,9,crypto_exchange,mobile_android,444.1,offshore_island,1009.19,2,64.16,12.96,0,0,0
327.0,8,crypto_exchange,mobile_android,711.03,metaverse_virtual,1442.4,2,44.93,3.87,0,0,0
686.61,14,p2p_gambling,mobile_ios,331.28,metaverse_virtual,130.95,4,39.46,18.44,0,2,0
543.2,22,p2p_gambling,mobile_android,581.42,metaverse_virtual,634.29,10,79.91,1.48,1,0,0
428.99,10,online,mobile_android,500.72,north_america,1493.33,4,73.12,1.33,0,1,0
619.71,6,retail,mobile_android,785.02,north_america,598.86,2,50.2,1.8,0,0,0
507.6,16,electronics,mobile_android,954.53,europe,1271.21,4,44.62,13.18,0,0,0
242.7,9,electronics,mobile_android,449.42,africa,895.59,1,61.26,27.33,1,0,0
603.17,10,retail,mobile_android,695.78,europe,761.27,3,57.58,8.85,0,0,0
746.06,13,utilities,mobile_ios,312.49,europe,1338.14,4,46.39,5.01,0,1,0
389.94,5,travel,mobile_android,459.65,north_america,144.19,3,51.09,2.7,0,0,0
479.99,21,retail,mobile_ios,44.55,north_america,555.15,5,52.54,16.93,0,0,0
1131.01,8,utilities,mobile_ios,169.52,north_america,1141.86,9,68.94,29.69,0,0,0
277.53,7,online,mobile_android,534.56,latin_america,887.51,4,55.27,26.79,0,0,0
459.34,17,online,mobile_android,556.09,asia_pacific,980.97,4,62.73,34.37,0,0,0
296.95,17,food,mobile_android,981.23,latin_america,1972.13,0,58.84,32.26,0,0,0
573.29,8,travel,mobile_android,347.74,north_america,1540.82,1,69.86,3.26,0,0,0
380.93,16,retail,mobile_ios,598.6,north_america,512.12,3,60.34,1.24,0,0,0
314.73,17,travel,mobile_ios,775.41,north_america,615.9,1,79.04,36.35,0,0,0
972.34,18,p2p_gambling,mobile_android,189.79,metaverse_virtual,272.29,2,57.21,9.48,0,0,0
308.64,7,p2p_gambling,mobile_android,213.2,offshore_island,566.02,2,52.76,11.31,0,0,0
500.56,12,crypto_exchange,mobile_ios,616.8,metaverse_virtual,1327.91,3,38.74,1.92,0,0,0
681.41,9,p2p_gambling,mobile_android,567.32,metaverse_virtual,95.76,2,45.93,14.41,0,0,0
1319.62,13,online,mobile_android,924.07,europe,190.03,2,66.7,6.46,0,2,0
249.36,3,retail,mobile_android,57.49,latin_america,257.05,1,65.71,3.9,0,0,0
327.86,10,crypto_exchange,desktop_windows,521.35,offshore_island,734.48,6,73.39,1.91,0,0,0
363.01,12,food,mobile_ios,140.53,north_america,449.69,5,61.84,9.04,0,0,0
574.3,12,p2p_gambling,mobile_android,319.5,metaverse_virtual,1707.2,1,65.98,2.98,0,0,0
291.57,8,travel,desktop_windows,933.99,latin_america,1042.53,4,63.98,14.68,1,0,0
582.55,10,retail,mobile_android,48.6,north_america,858.01,4,36.69,11.82,1,0,0
1111.7,14,electronics,desktop_windows,807.37,north_america,1350.25,5,60.14,3.58,0,0,0
942.93,4,food,desktop_mac,551.05,latin_america,127.72,2,46.55,4.35,0,0,0
728.82,13,retail,mobile_android,359.03,latin_america,1919.2,1,41.96,2.24,0,0,0
335.18,15,electronics,mobile_ios,740.48,north_america,1118.66,3,66.7,31.64,0,0,0
1022.83,10,food,mobile_ios,254.01,middle_east,273.13,4,51.82,0.78,1,1,0
401.38,21,travel,desktop_mac,528.61,north_america,427.31,1,78.59,3.95,0,0,0
381.75,14,crypto_exchange,mobile_ios,968.2,offshore_island,1141.25,3,69.43,5.51,0,0,0
400.8,18,online,mobile_ios,621.42,europe,199.31,4,78.34,3.77,0,0,0
398.21,11,food,mobile_android,205.01,north_america,1601.04,0,45.22,0.34,0,1,0
1040.9,14,crypto_exchange,mobile_android,671.68,offshore_island,222.87,4,47.81,3.57,0,0,0
340.88,12,food,mobile_android,453.13,europe,1247.57,3,57.05,3.15,0,0,0
268.88,15,retail,mobile_ios,980.52,north_america,1933.31,5,44.99,8.64,0,0,0
395.39,14,p2p_gambling,mobile_android,420.23,offshore_island,106.49,3,48.75,25.03,0,0,0
721.38,23,travel,mobile_android,950.6,europe,425.49,4,73.05,34.51,0,0,0
432.51,16,entertainment,mobile_ios,688.19,europe,1920.07,2,40.59,5.01,1,1,0
324.98,16,retail,mobile_ios,89.66,latin_america,575.14,6,26.65,13.09,0,0,0
293.6,7,food,mobile_ios,279.64,north_america,100.79,5,57.54,9.48,0,0,0
724.89,9,food,mobile_android,796.55,north_america,524.61,3,10.03,1.09,0,0,0
404.9,19,retail,mobile_ios,645.03,north_america,1172.05,1,51.55,32.73,0,0,0
503.06,1,electronics,mobile_android,464.73,middle_east,1157.19,1,75.65,18.71,0,2,0
301.25,5,luxury,mobile_ios,205.78,africa,1959.72,4,63.2,21.38,0,0,0
426.47,11,retail,mobile_android,915.21,north_america,1129.0,2,32.81,0.9,0,0,0
529.71,15,travel,desktop_windows,821.74,north_america,836.43,2,57.82,9.16,0,0,0
659.43,16,utilities,desktop_windows,516.09,north_america,392.74,5,54.81,19.4,0,0,0
2155.58,17,p2p_gambling,mobile_ios,478.28,metaverse_virtual,1867.89,1,53.9,0.53,0,0,0
642.28,9,p2p_gambling,mobile_ios,436.2,metaverse_virtual,1230.39,4,72.91,36.65,0,0,0
881.16,0,food,mobile_ios,721.22,asia_pacific,1779.87,3,74.77,4.61,0,0,0
551.72,18,p2p_gambling,mobile_ios,457.53,offshore_island,398.62,2,80.41,4.27,0,0,0
1318.48,12,food,desktop_windows,356.81,north_america,1652.11,4,50.69,30.81,0,0,0
301.72,6,entertainment,mobile_ios,518.12,north_america,1834.45,6,76.07,0.95,0,0,0
330.41,17,p2p_gambling,mobile_ios,50.98,offshore_island,1058.65,3,43.1,2.31,0,0,0
739.5,16,entertainment,desktop_mac,739.75,latin_america,1402.13,3,39.97,2.12,0,0,0
1206.26,19,food,mobile_ios,470.54,north_america,942.8,4,48.1,0.68,0,0,0
242.36,6,travel,mobile_android,96.69,europe,532.3,2,37.09,22.26,0,0,0
589.0,18,luxury,desktop_mac,117.49,europe,1456.15,2,84.06,22.85,0,0,0
586.17,6,electronics,mobile_ios,789.79,asia_pacific,1542.59,1,58.32,22.22,0,0,0
360.71,10,electronics,mobile_ios,545.39,north_america,1765.38,3,72.57,45.67,0,0,0
429.14,9,food,mobile_ios,682.1,asia_pacific,892.35,2,53.99,23.16,0,0,0
812.47,15,electronics,desktop_windows,818.54,asia_pacific,169.83,6,50.49,0.51,0,0,0
281.54,14,food,mobile_ios,862.62,north_america,76.11,4,59.71,1.55,0,0,0
508.32,10,utilities,mobile_ios,717.91,asia_pacific,295.94,6,60.4,11.58,1,0,0
463.22,10,retail,mobile_android,398.75,north_america,1441.76,3,68.92,4.51,0,0,0
306.09,8,p2p_gambling,mobile_ios,453.92,metaverse_virtual,856.05,3,36.14,2.6,0,0,0
296.68,14,entertainment,mobile_ios,966.68,asia_pacific,819.95,4,36.72,3.14,0,0,0
288.64,10,retail,mobile_android,885.4,north_america,185.66,6,56.1,47.74,0,0,0
1716.87,13,online,mobile_ios,298.71,north_america,1234.81,3,43.06,0.92,0,0,0
262.34,10,p2p_gambling,mobile_android,519.61,metaverse_virtual,1390.7,1,38.04,3.16,0,0,0
281.03,13,p2p_gambling,mobile_ios,667.48,metaverse_virtual,1874.39,2,45.74,6.42,0,0,0
245.98,15,crypto_exchange,desktop_mac,803.87,metaverse_virtual,762.85,1,69.06,4.43,0,0,0
313.86,9,entertainment,mobile_ios,382.29,asia_pacific,620.49,1,38.5,8.44,0,0,0
416.89,19,online,mobile_ios,780.72,north_america,1731.04,2,59.41,77.14,0,0,0
256.71,11,p2p_gambling,mobile_ios,309.24,offshore_island,1155.02,2,89.89,2.09,1,0,0
296.82,6,retail,mobile_android,344.58,latin_america,1909.39,3,70.89,2.83,0,0,0
437.81,12,p2p_gambling,mobile_ios,775.35,metaverse_virtual,273.44,2,30.28,6.1,0,0,0
378.26,6,p2p_gambling,mobile_ios,973.95,offshore_island,1749.37,1,59.23,23.83,0,0,0
406.1,17,online,mobile_android,546.03,north_america,94.5,8,50.49,22.06,0,1,0
355.66,18,p2p_gambling,desktop_windows,423.45,metaverse_virtual,1382.14,0,55.01,48.98,0,0,0
288.95,12,p2p_gambling,mobile_ios,73.53,metaverse_virtual,756.78,3,57.52,6.16,0,0,0
337.16,17,crypto_exchange,mobile_android,136.0,metaverse_virtual,1407.05,1,83.75,35.62,0,0,0
248.72,10,retail,mobile_android,355.49,europe,672.05,3,37.64,18.71,0,0,0
741.17,1,p2p_gambling,mobile_ios,468.62,offshore_island,1915.73,3,47.02,13.81,1,0,0
683.34,21,electronics,desktop_windows,510.94,latin_america,411.09,1,52.64,23.21,0,0,0
504.12,18,electronics,mobile_android,596.7,north_america,1756.68,4,20.04,9.17,0,0,0
762.15,13,online,mobile_android,483.73,africa,253.54,0,47.92,55.47,0,0,0
586.98,9,travel,mobile_ios,698.44,north_america,356.15,4,48.1,0.96,0,1,0
361.25,8,food,mobile_android,133.71,north_america,238.36,3,53.53,37.51,0,0,0
764.07,11,retail,desktop_mac,452.97,north_america,1882.59,3,41.78,1.63,0,0,0
907.32,14,entertainment,mobile_android,607.5,north_america,1190.15,2,59.74,2.25,0,0,0
285.05,15,luxury,mobile_ios,336.18,latin_america,1231.07,8,49.0,36.4,0,0,0
243.55,10,electronics,mobile_ios,480.75,europe,542.46,4,58.69,10.36,0,0,0
1264.11,12,online,mobile_ios,433.31,latin_america,403.52,4,65.62,10.97,0,0,0
422.02,9,food,mobile_ios,781.64,latin_america,240.92,6,47.4,51.03,0,0,0
230.16,20,retail,mobile_android,357.62,north_america,219.76,3,64.82,0.77,0,0,0
366.73,10,electronics,mobile_ios,152.86,north_america,1273.64,3,52.45,28.15,0,0,0
172.98,13,retail,mobile_android,626.1,asia_pacific,1290.06,1,26.41,32.84,0,0,0
1656.93,3,retail,mobile_android,950.19,latin_america,1092.39,5,35.38,15.15,0,0,0
1339.74,18,online,mobile_ios,52.76,middle_east,1328.37,2,40.35,26.84,0,1,0
415.8,11,p2p_gambling,mobile_android,353.24,metaverse_virtual,1919.86,2,56.53,18.36,1,0,0
395.76,16,online,mobile_android,465.65,europe,1562.96,4,67.48,23.44,0,0,0
753.74,9,retail,mobile_android,73.43,asia_pacific,826.45,2,60.63,6.73,0,0,0
259.1,13,utilities,mobile_ios,673.02,north_america,728.33,3,43.04,1.85,0,0,0
769.81,11,food,desktop_mac,237.39,north_america,530.12,2,53.38,0.07,0,0,0
247.36,3,entertainment,mobile_android,117.13,asia_pacific,1106.11,6,30.82,10.88,0,0,0
557.0,17,crypto_exchange,desktop_windows,107.26,metaverse_virtual,1958.21,2,58.07,14.45,1,0,0
306.56,9,crypto_exchange,mobile_android,421.99,metaverse_virtual,347.71,3,54.06,11.27,0,0,0
252.39,17,utilities,mobile_ios,371.86,europe,1792.02,2,21.15,10.76,0,0,0
297.69,20,online,mobile_ios,200.91,europe,973.27,2,40.0,4.76,0,0,0
543.9,6,entertainment,mobile_android,781.61,north_america,636.76,0,52.21,12.72,0,0,0
640.99,16,food,desktop_mac,203.8,north_america,333.18,1,47.61,63.33,0,0,0
315.85,18,crypto_exchange,desktop_windows,40.69,offshore_island,56.77,5,44.71,216.29,0,2,1
204.49,18,crypto_exchange,mobile_android,330.04,metaverse_virtual,902.78,1,59.62,25.91,0,0,0
502.34,14,food,mobile_ios,824.53,europe,1036.34,3,44.66,19.47,0,0,0
1033.6,20,crypto_exchange,desktop_mac,801.22,offshore_island,844.37,3,77.59,1.02,1,0,0
385.62,10,p2p_gambling,mobile_ios,47.49,metaverse_virtual,1576.54,0,57.34,0.02,0,0,0
211.16,13,travel,mobile_ios,768.89,north_america,1450.76,0,54.05,62.39,0,1,0
302.55,9,food,desktop_windows,822.37,north_america,201.0,2,60.64,22.76,0,0,0
251.9,6,food,mobile_android,962.65,north_america,1102.01,5,62.93,17.27,0,1,0
369.44,12,electronics,mobile_android,23.47,latin_america,63.21,13,60.69,58.11,0,2,1
426.48,12,retail,mobile_android,292.27,europe,1031.47,3,50.61,14.38,0,0,0
455.72,16,crypto_exchange,mobile_ios,308.06,metaverse_virtual,937.08,6,90.11,7.71,0,0,0
568.37,13,online,mobile_ios,340.06,north_america,162.48,5,48.24,0.29,0,0,0
316.13,16,travel,desktop_windows,353.37,latin_america,399.94,5,48.55,3.15,0,0,0
717.24,6,utilities,mobile_android,855.94,europe,1352.63,3,49.82,4.47,0,0,0
594.04,18,utilities,mobile_ios,859.75,north_america,750.81,6,56.18,2.89,0,0,0
360.44,17,retail,mobile_ios,152.35,latin_america,1273.27,2,39.69,17.21,0,0,0
607.0,15,crypto_exchange,mobile_android,156.44,metaverse_virtual,719.05,1,49.61,32.08,0,0,0
306.67,7,p2p_gambling,mobile_android,336.88,metaverse_virtual,1353.08,4,54.76,23.35,0,0,0
1142.26,16,luxury,mobile_android,455.51,north_america,1421.36,1,61.05,7.79,0,0,0
606.42,13,food,mobile_android,195.64,north_america,1012.67,5,55.77,22.87,0,0,0
368.12,9,retail,mobile_ios,430.38,asia_pacific,1634.13,2,48.33,5.9,0,0,0
809.78,13,crypto_exchange,mobile_ios,274.84,offshore_island,859.02,4,48.21,15.75,0,0,0
197.86,15,electronics,mobile_ios,282.85,europe,182.29,5,72.35,36.34,0,0,0
619.58,14,retail,mobile_ios,531.16,north_america,1870.94,3,26.25,3.81,0,0,0
407.93,8,p2p_gambling,mobile_ios,635.04,offshore_island,729.06,2,38.35,2.69,0,0,0
251.89,12,p2p_gambling,mobile_ios,395.1,offshore_island,845.03,2,31.85,8.68,0,0,0
392.67,13,crypto_exchange,desktop_mac,219.7,offshore_island,994.9,5,42.77,6.53,0,0,0
553.75,9,food,mobile_android,610.24,asia_pacific,1721.37,4,38.13,19.15,0,1,0
363.95,9,crypto_exchange,mobile_android,41.05,offshore_island,1735.9,6,74.95,2.81,0,0,0
391.99,13,retail,mobile_ios,938.84,europe,1214.24,2,42.47,2.92,0,1,0
775.37,12,retail,mobile_android,637.46,north_america,539.46,6,45.49,21.02,0,0,0
317.65,6,entertainment,mobile_android,197.43,north_america,851.39,3,44.49,8.61,0,0,0
230.84,5,food,mobile_ios,435.46,north_america,130.33,3,47.43,15.44,0,0,0
361.45,8,p2p_gambling,desktop_windows,919.59,metaverse_virtual,627.89,1,34.46,7.91,0,0,0
323.33,1,electronics,mobile_android,526.12,north_america,1949.44,2,55.16,21.7,0,0,0
341.42,14,retail,mobile_ios,120.49,north_america,1072.82,3,37.55,0.56,0,0,0
871.05,17,online,mobile_ios,420.09,middle_east,1720.82,4,80.49,0.85,0,0,0
617.38,21,utilities,mobile_android,741.33,north_america,1674.52,2,37.31,7.74,0,0,0
247.95,17,food,mobile_android,674.15,latin_america,695.44,1,54.52,37.65,0,0,0
460.99,7,electronics,mobile_android,147.63,north_america,1570.09,4,48.34,2.68,0,0,0
537.9,12,food,desktop_windows,365.45,europe,1183.14,2,62.17,5.12,0,0,0
299.08,17,retail,desktop_windows,311.58,europe,1992.22,2,63.64,6.28,0,0,0
360.39,22,utilities,mobile_android,770.7,north_america,1544.32,2,51.49,17.82,0,0,0
407.59,3,entertainment,mobile_ios,416.21,north_america,946.38,5,44.83,3.38,0,0,0
219.96,11,entertainment,mobile_android,853.3,europe,1060.16,2,55.23,0.92,0,0,0
152.59,9,entertainment,mobile_ios,664.05,europe,1098.92,3,51.35,2.9,0,0,0
307.45,18,entertainment,mobile_android,655.51,africa,1182.68,1,41.49,0.36,0,0,0
308.39,7,p2p_gambling,mobile_ios,778.87,metaverse_virtual,587.84,5,61.63,20.99,1,0,0
656.46,13,travel,mobile_android,995.74,asia_pacific,944.84,4,50.35,7.41,0,2,0
344.42,10,food,mobile_ios,509.19,europe,161.24,2,61.96,71.92,0,0,0
736.75,11,travel,mobile_android,287.08,latin_america,1810.26,4,47.41,13.21,0,0,0
626.64,5,travel,mobile_ios,126.67,north_america,1217.53,3,57.28,10.4,0,0,0
356.96,8,utilities,desktop_windows,258.93,north_america,403.79,2,55.01,42.34,0,0,0
405.55,16,retail,desktop_windows,412.26,north_america,160.39,1,29.31,18.87,0,0,0
444.0,8,crypto_exchange,mobile_ios,72.59,offshore_island,1723.38,1,35.58,10.79,1,0,0
340.4,8,electronics,mobile_android,636.2,asia_pacific,217.68,5,48.27,1.36,0,0,0
345.79,10,entertainment,mobile_ios,383.87,north_america,420.75,2,67.57,13.22,1,0,0
631.78,12,food,mobile_ios,583.73,middle_east,585.2,0,30.65,1.56,0,0,0
934.66,12,utilities,mobile_android,388.65,europe,1880.86,3,57.12,14.67,0,0,0
619.44,17,food,mobile_android,702.37,north_america,1267.83,3,50.14,0.86,0,0,0
319.64,11,electronics,mobile_ios,864.44,north_america,548.41,3,51.37,9.52,0,0,0
348.39,0,crypto_exchange,mobile_android,654.46,offshore_island,1781.34,4,56.72,3.25,0,1,0
378.26,10,online,mobile_ios,426.97,north_america,1345.11,5,51.37,0.47,0,0,0
629.26,6,p2p_gambling,mobile_ios,306.84,offshore_island,1107.5,4,62.59,22.95,0,0,0
415.36,7,retail,mobile_ios,595.51,europe,658.34,3,58.12,4.42,0,0,0
248.58,7,crypto_exchange,mobile_android,546.34,offshore_island,1874.05,2,41.45,12.18,0,0,0
1546.75,7,electronics,desktop_windows,469.77,north_america,870.64,1,69.0,7.95,0,0,0
584.85,14,online,mobile_ios,740.74,latin_america,1922.42,5,54.85,18.14,0,0,0
462.14,0,crypto_exchange,mobile_ios,728.97,metaverse_virtual,1997.48,1,58.19,49.27,0,1,0
297.15,14,retail,desktop_mac,867.99,north_america,1492.99,8,40.68,4.69,0,2,0
612.73,10,p2p_gambling,mobile_android,751.24,offshore_island,971.42,0,51.88,7.23,0,0,0
374.22,10,food,desktop_windows,411.0,north_america,1441.09,1,49.45,7.87,0,0,0
628.58,6,crypto_exchange,mobile_android,433.73,metaverse_virtual,157.41,2,40.17,2.69,0,0,0
300.07,8,travel,mobile_android,307.06,latin_america,838.57,3,62.21,1.16,1,1,0
374.81,9,retail,mobile_android,111.29,latin_america,643.15,1,57.24,17.88,0,1,0
405.36,16,p2p_gambling,desktop_windows,741.9,metaverse_virtual,761.59,2,53.45,27.22,0,0,0
483.01,21,p2p_gambling,desktop_windows,589.71,offshore_island,1848.93,5,86.29,3.45,0,2,0
496.73,1,p2p_gambling,mobile_ios,724.68,metaverse_virtual,1370.19,3,51.44,6.47,0,0,0
1317.26,7,food,mobile_android,608.82,asia_pacific,1768.65,7,43.1,9.01,0,0,0
683.18,6,electronics,mobile_ios,30.4,north_america,950.01,2,78.87,6.3,0,0,0
337.0,16,p2p_gambling,desktop_windows,311.29,metaverse_virtual,1269.61,6,38.86,9.11,0,0,0
670.06,9,crypto_exchange,desktop_mac,577.87,metaverse_virtual,206.19,1,68.32,10.06,0,0,0
240.5,11,electronics,mobile_ios,93.92,asia_pacific,1534.39,2,44.07,4.38,0,0,0
413.61,13,crypto_exchange,desktop_windows,584.2,metaverse_virtual,1910.09,3,70.87,4.79,0,0,0
291.97,17,crypto_exchange,desktop_windows,592.15,offshore_island,1613.34,4,41.81,6.96,0,0,0
264.51,7,p2p_gambling,mobile_android,114.33,offshore_island,1797.31,2,44.22,1.16,1,0,0
736.51,13,retail,mobile_ios,835.34,europe,185.45,4,61.78,18.78,0,2,0
1107.58,15,food,mobile_ios,951.7,north_america,1974.61,4,56.26,11.3,0,0,0
829.88,19,retail,mobile_android,563.13,north_america,784.52,4,61.52,6.79,0,0,0
421.67,12,travel,mobile_android,60.04,north_america,275.53,4,39.73,3.48,0,0,0
294.58,11,online,mobile_android,467.46,europe,1123.35,4,54.26,3.46,0,0,0
913.38,19,crypto_exchange,mobile_ios,807.59,offshore_island,436.22,5,50.88,11.34,0,0,0
659.16,6,p2p_gambling,mobile_ios,506.77,metaverse_virtual,591.54,2,56.99,19.94,0,0,0
609.71,9,electronics,mobile_android,412.93,latin_america,379.6,6,47.56,33.91,0,0,0
232.63,13,crypto_exchange,mobile_ios,296.03,offshore_island,498.41,6,50.08,16.32,0,0,0
1042.65,11,crypto_exchange,mobile_ios,287.99,metaverse_virtual,1858.9,0,66.34,15.53,0,0,0
582.29,9,retail,desktop_windows,428.19,latin_america,1727.48,2,32.89,3.24,0,0,0
356.92,14,retail,mobile_android,764.74,europe,1797.7,2,56.87,19.17,0,0,0
347.37,8,retail,desktop_windows,603.03,north_america,1599.91,1,73.4,7.66,0,0,0
428.79,11,food,desktop_mac,806.35,europe,1384.95,2,74.12,29.23,0,2,0
374.89,8,online,mobile_ios,186.79,north_america,300.44,7,58.61,6.41,0,0,0
617.92,17,crypto_exchange,mobile_ios,658.4,metaverse_virtual,83.84,2,56.34,2.59,0,0,0
294.17,15,travel,desktop_windows,11.06,africa,82.32,7,62.67,146.4,0,0,1
440.89,9,online,desktop_mac,41.52,north_america,1062.59,2,49.61,8.4,0,0,0
300.7,16,food,desktop_windows,195.56,europe,1203.64,2,36.27,13.83,0,0,0
431.45,16,p2p_gambling,mobile_android,309.57,metaverse_virtual,569.17,3,32.82,8.19,0,0,0
521.99,15,electronics,mobile_android,100.18,asia_pacific,421.93,4,62.63,7.49,0,0,0
978.68,14,retail,mobile_ios,382.81,europe,1749.53,3,48.44,1.17,0,0,0
483.16,9,electronics,mobile_android,80.48,asia_pacific,930.97,1,68.91,0.89,0,1,0
605.26,10,p2p_gambling,mobile_ios,458.04,offshore_island,1802.55,1,87.99,1.64,0,0,0
261.84,17,food,desktop_mac,105.89,middle_east,1441.64,2,74.41,7.76,0,0,0
285.61,0,retail,mobile_android,487.04,north_america,362.01,1,56.2,8.7,0,0,0
583.17,9,food,mobile_ios,560.71,europe,1856.86,7,44.53,16.1,0,0,0
273.05,11,entertainment,mobile_ios,597.7,europe,752.18,1,33.36,10.36,0,0,0
396.45,17,p2p_gambling,mobile_android,29.6,offshore_island,56.25,5,52.84,53.49,0,0,1
822.4,9,food,mobile_ios,197.64,north_america,1111.67,3,37.91,15.27,0,0,0
408.15,7,online,desktop_windows,875.94,north_america,1299.15,2,54.0,6.68,0,0,0
207.18,16,crypto_exchange,mobile_ios,904.22,offshore_island,1629.66,1,69.81,12.18,0,0,0
423.38,18,food,mobile_ios,535.04,asia_pacific,663.71,7,45.18,0.55,0,0,0
1167.63,13,travel,mobile_ios,32.28,europe,1094.41,2,36.92,13.83,0,0,0
332.58,19,p2p_gambling,mobile_android,704.49,metaverse_virtual,1104.21,3,77.1,15.91,0,2,0
871.76,10,food,mobile_ios,388.9,asia_pacific,804.01,2,49.87,7.93,0,0,0
668.06,13,retail,desktop_mac,233.6,north_america,1506.21,4,71.23,2.58,0,1,0
794.88,4,food,mobile_android,947.88,europe,1216.13,3,38.6,3.36,0,0,0
543.42,15,electronics,mobile_ios,558.2,north_america,269.34,1,31.88,0.14,0,0,0
322.12,12,p2p_gambling,desktop_mac,693.19,offshore_island,222.59,4,55.54,12.15,0,0,0
228.79,16,entertainment,mobile_android,865.4,north_america,1317.45,3,69.12,8.18,0,0,0
436.81,20,food,mobile_android,284.25,north_america,781.48,2,52.95,11.01,0,0,0
281.27,13,online,mobile_android,601.65,north_america,311.04,1,42.0,20.41,0,0,0
393.25,11,p2p_gambling,desktop_mac,272.46,offshore_island,69.01,2,73.24,48.41,0,0,0
677.82,11,utilities,mobile_ios,759.83,middle_east,101.59,2,39.45,2.19,0,0,0
848.39,13,crypto_exchange,desktop_windows,509.98,offshore_island,1156.44,5,68.22,33.12,0,0,0
804.55,14,retail,mobile_ios,141.1,north_america,478.9,5,44.89,6.58,0,0,0
1505.37,11,online,mobile_ios,836.63,north_america,887.75,2,43.05,15.11,0,0,0
584.37,13,crypto_exchange,mobile_ios,971.46,offshore_island,378.67,4,50.07,2.54,0,0,0
647.97,7,electronics,mobile_ios,697.39,north_america,1150.83,4,52.31,6.77,0,0,0
594.59,19,retail,mobile_android,887.72,africa,1959.74,7,42.02,3.43,0,0,0
612.89,2,p2p_gambling,mobile_android,552.18,metaverse_virtual,428.14,4,27.77,17.83,0,0,0
487.77,4,electronics,mobile_ios,31.85,europe,179.79,9,52.29,20.62,0,0,1
208.4,17,food,desktop_mac,284.63,asia_pacific,1153.13,3,39.85,17.21,0,1,0
434.46,7,retail,mobile_android,895.31,africa,414.81,2,31.53,0.6,0,0,0
190.83,3,retail,mobile_android,520.01,north_america,1800.58,0,52.45,1.37,1,0,0
579.34,18,travel,mobile_android,620.73,europe,1562.33,6,50.37,3.75,0,0,0
518.68,22,crypto_exchange,mobile_ios,102.28,metaverse_virtual,742.54,4,29.03,8.13,0,0,0
756.91,10,crypto_exchange,mobile_android,95.08,offshore_island,472.49,1,62.17,51.14,0,0,0
388.61,7,p2p_gambling,mobile_android,224.6,metaverse_virtual,1709.88,3,59.36,6.46,0,0,0
301.98,12,online,mobile_ios,187.77,europe,1400.39,1,40.22,9.21,0,0,0
812.51,7,entertainment,mobile_android,581.27,asia_pacific,1406.89,3,73.76,10.78,0,0,0
742.26,15,crypto_exchange,mobile_android,349.53,metaverse_virtual,1990.4,1,56.01,1.56,0,0,0
551.62,6,p2p_gambling,mobile_android,408.36,offshore_island,1922.1,5,48.03,3.58,0,0,0
685.61,9,online,mobile_ios,268.38,asia_pacific,1194.78,2,50.1,4.16,0,0,0
307.04,10,crypto_exchange,mobile_android,275.8,offshore_island,1893.06,3,56.75,2.47,0,0,0
367.44,12,online,mobile_ios,203.1,north_america,1780.26,2,41.73,39.17,0,0,0
570.05,18,luxury,desktop_mac,718.51,europe,1963.78,0,67.96,4.93,0,0,0
900.16,21,p2p_gambling,mobile_android,957.24,offshore_island,997.71,5,61.56,8.5,0,0,0
889.82,12,travel,desktop_mac,927.51,north_america,1885.97,3,31.06,6.94,0,0,0
523.01,19,utilities,mobile_android,733.12,europe,519.93,2,66.8,19.16,0,0,0
517.72,15,electronics,mobile_android,435.59,europe,432.26,1,53.44,58.96,0,0,0
233.57,12,online,mobile_android,116.53,north_america,1146.09,3,75.95,3.13,0,0,0
213.87,11,electronics,desktop_mac,892.46,africa,889.72,2,46.92,7.0,0,0,0
264.89,8,crypto_exchange,mobile_ios,926.62,offshore_island,1675.74,5,42.49,9.68,0,0,0
595.95,13,p2p_gambling,desktop_mac,357.58,metaverse_virtual,1186.68,3,80.45,3.67,0,0,0
893.69,13,online,mobile_ios,352.96,north_america,727.02,4,42.88,6.63,1,0,0
362.19,10,online,desktop_windows,894.27,asia_pacific,1384.59,3,34.28,11.28,0,0,0
1111.58,10,retail,mobile_ios,496.84,asia_pacific,1652.46,4,27.82,13.77,0,0,0
1396.08,11,crypto_exchange,desktop_windows,446.44,metaverse_virtual,457.35,2,68.55,6.71,0,0,0
568.99,5,food,mobile_ios,399.97,latin_america,1591.24,4,51.29,1.06,0,0,0
957.89,11,utilities,desktop_windows,689.64,europe,1408.23,3,93.12,3.33,0,0,0
439.51,5,retail,mobile_ios,428.72,north_america,1226.67,2,63.05,2.13,0,0,0
545.98,21,p2p_gambling,mobile_android,715.82,metaverse_virtual,464.54,0,75.29,8.11,0,0,0
566.91,20,p2p_gambling,mobile_android,291.05,metaverse_virtual,906.52,1,82.41,10.22,0,0,0
607.98,14,retail,desktop_mac,285.89,asia_pacific,566.47,1,46.02,0.63,0,0,0
1243.02,0,crypto_exchange,mobile_android,815.49,offshore_island,906.71,2,74.99,16.39,0,0,0
505.18,9,online,desktop_mac,194.67,north_america,267.88,7,28.07,10.37,0,0,0
608.41,9,p2p_gambling,mobile_ios,788.54,metaverse_virtual,1527.28,2,68.5,13.22,0,0,0
1072.79,10,retail,mobile_ios,149.76,asia_pacific,222.77,2,72.68,42.9,0,0,0
496.4,14,entertainment,mobile_android,571.08,north_america,280.3,2,54.1,2.85,1,0,0
247.4,10,online,desktop_windows,470.14,north_america,240.84,3,48.11,4.73,0,0,0
307.57,19,food,mobile_android,648.32,north_america,135.61,2,60.07,3.57,0,0,0
741.89,13,food,mobile_ios,76.09,asia_pacific,1891.7,1,35.65,19.07,0,0,0
517.07,20,retail,desktop_mac,404.9,north_america,470.25,5,54.85,2.14,0,0,0
996.86,17,crypto_exchange,desktop_mac,131.35,metaverse_virtual,800.0,3,39.78,18.84,0,0,0
1223.59,12,electronics,mobile_ios,945.0,north_america,651.57,1,40.77,0.04,0,0,0
824.15,2,crypto_exchange,mobile_ios,43.23,metaverse_virtual,102.99,3,49.97,18.11,0,0,0
443.51,11,p2p_gambling,mobile_ios,525.08,metaverse_virtual,511.23,4,64.25,8.76,0,0,0
650.05,15,food,mobile_ios,406.48,asia_pacific,1129.58,7,61.16,8.8,0,0,0
770.18,9,utilities,mobile_android,908.16,europe,1271.12,2,41.14,6.33,0,0,0
964.26,19,entertainment,mobile_android,243.46,north_america,1542.15,4,67.58,9.77,0,0,0
264.45,1,p2p_gambling,desktop_mac,539.39,metaverse_virtual,548.23,4,43.61,1.24,0,0,0
314.49,9,electronics,mobile_android,149.87,europe,683.24,1,45.3,6.74,0,0,0
1300.01,5,retail,mobile_ios,189.46,europe,1071.27,4,57.35,5.51,0,0,0
603.72,3,online,mobile_android,484.99,north_america,1520.57,4,66.62,9.19,0,0,0
480.61,20,entertainment,mobile_android,440.18,north_america,205.39,2,43.42,6.56,0,0,0
278.91,7,retail,mobile_android,794.63,europe,206.03,2,41.51,11.84,0,0,0
601.06,8,electronics,mobile_android,725.88,europe,554.23,4,51.01,27.09,0,0,0
416.61,9,p2p_gambling,mobile_android,416.55,metaverse_virtual,583.48,0,65.05,2.53,0,0,0
385.63,20,food,desktop_windows,513.19,europe,1286.06,3,71.1,3.03,0,0,0
269.08,11,electronics,mobile_android,152.75,north_america,1441.05,0,39.04,7.73,0,0,0
555.26,18,utilities,mobile_ios,567.85,asia_pacific,857.42,6,67.27,9.95,0,0,0
664.99,16,online,mobile_android,89.7,europe,1689.75,4,53.5,1.87,0,0,0
1505.42,5,entertainment,desktop_windows,840.5,asia_pacific,880.65,3,37.11,8.11,0,0,0
903.63,11,p2p_gambling,mobile_ios,95.76,metaverse_virtual,1175.72,3,18.04,2.71,0,0,0
349.25,13,p2p_gambling,desktop_mac,406.13,offshore_island,461.74,5,43.12,17.69,0,0,0
271.37,11,food,mobile_ios,440.74,latin_america,802.86,1,39.61,4.0,0,0,0
557.61,2,p2p_gambling,mobile_ios,336.8,offshore_island,113.6,3,24.76,9.41,0,0,0
523.46,17,luxury,mobile_ios,890.94,europe,969.04,2,47.79,29.44,0,0,0
400.08,19,entertainment,mobile_android,930.1,north_america,63.63,3,73.44,2.84,0,0,0
795.75,19,travel,mobile_ios,550.76,europe,1879.36,1,55.56,11.92,0,0,0
577.32,11,crypto_exchange,mobile_android,705.61,metaverse_virtual,1216.69,5,62.65,4.88,0,0,0
190.44,16,p2p_gambling,mobile_android,159.96,offshore_island,398.25,2,50.43,5.86,0,0,0
385.34,13,food,mobile_android,45.36,europe,591.9,2,31.86,13.79,0,0,0
359.02,14,retail,mobile_android,608.3,north_america,1211.6,2,48.28,5.24,0,0,0
381.24,13,retail,desktop_mac,520.01,north_america,1916.36,3,46.17,14.58,0,0,0
399.29,10,electronics,desktop_windows,310.9,north_america,1616.0,2,43.94,5.47,0,0,0
394.7,22,food,mobile_ios,774.83,north_america,1667.36,3,63.94,4.41,1,0,0
287.03,7,food,mobile_android,852.97,europe,482.39,3,23.76,15.49,0,0,0
618.95,12,retail,mobile_android,97.77,north_america,1984.81,5,58.88,41.46,0,2,0
288.89,18,crypto_exchange,mobile_ios,139.13,metaverse_virtual,1907.7,4,45.48,5.29,0,0,0
966.54,13,electronics,desktop_mac,226.98,europe,482.53,3,29.46,24.83,0,1,0
354.86,13,retail,mobile_android,306.31,middle_east,1141.59,4,51.9,0.6,0,0,0
538.66,16,utilities,mobile_ios,762.42,middle_east,711.99,2,52.07,1.81,0,0,0
524.6,19,utilities,desktop_windows,218.17,north_america,516.53,5,74.52,3.14,0,0,0
1467.41,11,food,mobile_ios,704.81,europe,1473.94,1,41.2,12.33,0,1,0
417.55,8,electronics,mobile_android,625.76,north_america,768.89,1,70.41,5.12,0,0,0
792.1,8,retail,mobile_ios,503.24,europe,1494.47,2,30.61,5.34,0,0,0
247.39,8,retail,mobile_ios,849.37,asia_pacific,393.62,4,64.12,11.0,0,0,0
434.93,21,online,mobile_ios,797.27,middle_east,1209.76,5,45.06,22.59,0,0,0
858.12,20,retail,mobile_android,790.66,europe,1404.24,4,53.55,23.04,0,0,0
318.71,10,food,mobile_android,732.69,north_america,857.42,4,33.49,14.19,0,0,0
393.25,9,retail,desktop_mac,428.63,europe,394.96,1,37.92,2.2,0,0,0
233.2,20,online,mobile_ios,111.38,north_america,1095.42,3,37.5,14.67,0,0,0
302.18,12,crypto_exchange,mobile_ios,390.32,offshore_island,1213.28,6,59.3,3.6,0,0,0
743.04,8,electronics,mobile_ios,962.91,north_america,1310.75,3,62.28,4.34,0,0,0
847.65,15,retail,desktop_mac,662.13,latin_america,155.16,6,85.02,12.97,0,0,0
331.44,13,retail,mobile_ios,216.02,north_america,281.64,2,87.63,4.77,0,0,0
286.44,18,food,mobile_android,505.74,europe,489.89,3,56.46,9.65,0,0,0
246.11,12,food,mobile_ios,908.67,north_america,1028.47,1,46.7,4.87,0,0,0
429.04,6,p2p_gambling,desktop_windows,762.23,offshore_island,1779.41,2,33.47,11.18,0,2,0
406.64,14,electronics,mobile_ios,429.07,europe,1639.13,2,42.31,23.57,0,0,0
524.49,16,retail,mobile_android,102.5,north_america,500.63,3,52.67,7.12,0,0,0
316.03,16,utilities,mobile_ios,513.04,latin_america,1655.5,2,44.34,0.81,0,0,0
281.14,6,crypto_exchange,mobile_ios,588.28,offshore_island,1965.59,1,57.4,4.2,0,0,0
634.34,13,electronics,mobile_android,969.03,north_america,1567.05,3,49.25,6.57,0,0,0
1204.79,9,crypto_exchange,mobile_android,983.21,offshore_island,953.69,1,49.33,6.61,0,0,0
248.34,13,retail,mobile_ios,938.04,europe,636.34,3,38.93,2.95,0,0,0
593.18,14,travel,mobile_android,378.76,asia_pacific,114.83,4,46.56,17.36,0,0,0
1146.24,12,online,desktop_mac,42.37,europe,1112.84,5,27.55,19.81,0,0,0
525.04,6,online,mobile_ios,404.28,latin_america,623.86,4,49.47,6.15,0,1,0
328.24,20,p2p_gambling,mobile_android,274.66,metaverse_virtual,1898.96,3,51.85,4.06,0,0,0
525.86,13,p2p_gambling,mobile_android,485.56,metaverse_virtual,62.75,4,62.79,12.01,0,0,0
249.17,10,online,mobile_android,319.71,europe,1939.11,4,48.39,33.25,0,0,0
585.97,13,retail,desktop_mac,286.92,north_america,150.47,1,47.38,5.82,0,0,0
526.99,23,electronics,mobile_ios,825.68,north_america,1690.25,2,32.97,1.62,0,0,0
296.73,16,retail,mobile_ios,562.61,asia_pacific,146.03,3,76.35,3.57,0,0,0
620.28,9,crypto_exchange,desktop_mac,484.59,metaverse_virtual,475.09,0,77.88,18.13,0,0,0
487.81,12,travel,mobile_ios,647.59,middle_east,210.32,0,57.93,26.45,0,2,0
685.96,13,retail,mobile_android,600.06,africa,1786.8,2,45.89,27.6,0,0,0
1089.17,5,retail,mobile_android,657.81,asia_pacific,317.21,5,78.74,14.75,0,0,0
790.21,8,luxury,mobile_ios,430.8,north_america,700.8,2,66.09,10.11,0,0,0
448.66,11,retail,mobile_ios,827.15,asia_pacific,618.6,3,73.2,3.18,0,0,0
632.5,7,p2p_gambling,mobile_ios,551.4,metaverse_virtual,1896.92,3,38.05,1.54,0,0,0
447.84,12,food,mobile_android,59.12,middle_east,520.07,5,54.93,4.77,0,0,0
2195.39,19,electronics,mobile_android,849.87,asia_pacific,477.74,4,79.93,1.31,0,0,0
453.91,14,retail,mobile_ios,45.17,europe,1079.72,2,70.88,10.34,0,0,0
897.93,5,travel,desktop_windows,151.89,europe,1382.69,1,61.25,3.47,0,0,0
238.53,9,food,mobile_ios,677.57,north_america,1083.38,5,50.39,5.67,0,0,0
522.3,18,food,desktop_mac,529.48,latin_america,1029.66,3,45.74,7.35,0,0,0
303.86,17,electronics,desktop_windows,99.36,north_america,1755.21,3,45.02,15.61,0,0,0
607.53,14,travel,mobile_ios,432.29,latin_america,669.77,3,45.17,31.35,0,0,0
626.24,11,retail,mobile_ios,791.52,asia_pacific,1657.5,5,20.79,2.28,0,0,0
229.52,6,electronics,mobile_ios,69.12,europe,1500.9,3,71.82,0.09,0,0,0
1259.78,16,p2p_gambling,mobile_ios,997.08,metaverse_virtual,1775.87,2,66.16,19.84,0,0,0
733.18,11,retail,desktop_mac,377.11,asia_pacific,893.92,7,24.97,12.25,0,0,0
188.41,18,retail,mobile_ios,251.5,middle_east,128.21,4,34.49,10.4,0,0,0
561.39,14,crypto_exchange,mobile_ios,699.27,metaverse_virtual,332.12,0,64.02,27.48,0,0,0
485.01,10,entertainment,mobile_android,573.43,europe,358.27,3,35.29,4.26,0,0,0
567.83,5,p2p_gambling,mobile_ios,487.6,offshore_island,1761.43,2,57.9,11.53,0,0,0
1303.41,11,retail,mobile_android,68.52,north_america,523.11,2,52.11,1.98,0,0,0
609.45,20,retail,mobile_android,507.75,latin_america,678.47,2,68.32,4.7,0,0,0
642.66,5,p2p_gambling,mobile_android,850.74,offshore_island,1792.69,1,61.5,13.63,0,0,0
664.34,14,retail,mobile_android,711.1,asia_pacific,411.24,3,58.95,2.98,0,0,0
273.22,22,online,mobile_android,213.26,north_america,1261.26,3,51.91,1.13,0,0,0
571.5,18,food,mobile_ios,273.89,middle_east,1190.77,1,73.5,3.92,1,0,0
222.87,21,retail,mobile_ios,630.86,north_america,1570.39,2,72.02,5.37,0,0,0
344.34,21,p2p_gambling,mobile_android,725.13,offshore_island,1127.83,1,56.04,0.99,0,0,0
184.28,6,p2p_gambling,mobile_ios,896.73,offshore_island,1271.56,3,49.32,18.05,0,0,0
433.37,12,travel,desktop_windows,681.37,north_america,1595.65,4,74.31,8.96,0,0,0
992.24,11,crypto_exchange,mobile_android,986.28,metaverse_virtual,1592.5,1,62.08,4.07,0,0,0
480.48,16,electronics,mobile_ios,851.93,north_america,683.42,5,67.92,1.64,0,0,0
180.77,9,retail,mobile_ios,568.95,north_america,1171.87,2,58.66,0.69,0,0,0
670.64,7,crypto_exchange,mobile_ios,838.27,metaverse_virtual,1956.61,4,63.07,33.45,0,0,0
293.43,0,travel,mobile_ios,308.26,middle_east,711.67,1,53.19,1.35,0,0,0
396.84,2,entertainment,mobile_ios,25.77,europe,32.75,9,45.76,386.6,1,1,1
318.8,13,entertainment,mobile_ios,887.48,middle_east,508.41,3,53.8,20.85,0,0,0
741.26,15,food,mobile_ios,190.41,north_america,811.88,3,68.71,15.46,0,0,0
997.89,13,luxury,mobile_ios,370.82,north_america,584.71,1,87.19,7.73,0,0,0
206.17,3,utilities,desktop_mac,816.4,north_america,1038.1,1,74.1,0.81,0,0,0
661.68,16,p2p_gambling,mobile_ios,911.99,offshore_island,419.22,2,59.4,14.27,0,0,0
391.15,7,food,mobile_android,949.3,north_america,1460.98,1,70.16,7.99,0,0,0
647.95,11,p2p_gambling,mobile_ios,531.23,metaverse_virtual,520.99,6,50.95,5.83,0,0,0
664.35,10,p2p_gambling,mobile_ios,637.98,metaverse_virtual,439.66,4,51.15,4.66,0,0,0
555.85,7,online,mobile_ios,933.96,north_america,1279.77,1,45.91,4.81,0,0,0
860.8,23,crypto_exchange,desktop_mac,590.73,metaverse_virtual,1100.67,3,49.03,2.58,0,0,0
551.17,0,p2p_gambling,mobile_ios,524.43,metaverse_virtual,1829.41,4,32.57,4.13,0,0,0
460.7,6,retail,mobile_ios,590.88,europe,1067.74,3,37.63,0.87,0,0,0
843.0,8,p2p_gambling,mobile_ios,275.85,offshore_island,1336.42,1,70.73,1.01,0,0,0
345.38,14,retail,mobile_ios,200.81,asia_pacific,825.53,3,59.86,0.21,0,0,0
358.51,8,retail,mobile_ios,740.27,latin_america,1606.68,3,44.16,2.18,0,0,0
284.97,14,utilities,mobile_android,331.64,middle_east,993.74,3,42.42,7.68,0,0,0
1074.35,15,crypto_exchange,mobile_android,935.84,metaverse_virtual,237.03,2,56.08,4.44,0,0,0
299.1,15,travel,mobile_ios,940.59,latin_america,1611.9,3,54.63,3.0,0,0,0
405.69,17,p2p_gambling,desktop_mac,622.62,offshore_island,1278.48,2,62.4,0.66,0,0,0
321.11,13,p2p_gambling,mobile_android,869.76,metaverse_virtual,730.07,2,30.66,7.19,0,0,0
1024.2,11,p2p_gambling,mobile_ios,103.6,metaverse_virtual,624.55,1,29.48,9.36,0,0,0
696.1,9,retail,mobile_android,445.18,middle_east,583.81,8,56.53,40.62,0,0,0
397.11,21,electronics,mobile_ios,865.23,europe,203.89,4,33.45,0.1,0,0,0
375.0,5,food,mobile_ios,605.89,europe,786.21,4,49.94,15.04,0,0,0
514.44,12,food,mobile_android,778.18,middle_east,1291.95,3,74.73,8.69,0,0,0
478.07,1,retail,mobile_android,807.14,north_america,912.62,1,78.99,9.96,0,0,0
384.5,10,travel,mobile_ios,267.46,north_america,254.13,2,18.37,4.06,0,0,0
244.92,17,utilities,mobile_android,444.86,north_america,1921.87,4,52.49,13.95,0,2,0
608.14,14,retail,mobile_android,600.16,north_america,192.6,2,50.88,16.44,0,0,0
334.0,7,retail,mobile_ios,561.58,latin_america,631.26,3,52.54,32.67,0,0,0
445.97,6,p2p_gambling,mobile_android,489.02,offshore_island,1596.91,6,54.42,3.31,0,0,0
648.59,9,electronics,mobile_ios,63.15,latin_america,1410.75,2,44.53,6.43,0,0,0
826.09,3,retail,mobile_ios,357.12,latin_america,789.21,2,72.13,1.6,0,1,0
1236.91,9,electronics,mobile_android,704.62,north_america,1210.63,2,46.25,1.41,0,0,0
548.7,18,online,mobile_ios,120.24,asia_pacific,1908.91,1,53.05,1.29,0,0,0
414.78,20,travel,mobile_ios,269.34,asia_pacific,470.45,3,60.66,12.32,0,0,0
447.96,13,crypto_exchange,mobile_ios,244.51,metaverse_virtual,1334.04,1,75.06,26.32,0,0,0
386.09,14,p2p_gambling,mobile_android,671.14,offshore_island,592.67,1,72.85,59.85,0,0,0
841.84,7,crypto_exchange,mobile_ios,674.2,offshore_island,184.54,3,55.38,6.51,0,0,0
1047.97,5,food,mobile_ios,815.38,asia_pacific,998.34,3,37.57,7.0,0,0,0
438.36,20,utilities,mobile_android,194.61,europe,1248.94,5,55.93,25.06,0,0,0
259.87,6,travel,mobile_ios,196.56,north_america,1141.0,4,52.96,7.12,0,0,0
435.3,20,entertainment,mobile_ios,664.16,latin_america,496.58,4,41.07,12.55,0,0,0
466.29,21,crypto_exchange,mobile_android,7.84,metaverse_virtual,89.2,9,63.22,131.01,0,0,1
272.44,11,online,mobile_android,302.22,middle_east,351.87,3,84.92,23.08,0,0,0
450.58,21,p2p_gambling,mobile_android,286.61,metaverse_virtual,296.78,2,47.98,0.06,0,0,0
266.37,15,p2p_gambling,mobile_android,850.93,metaverse_virtual,1038.88,2,94.57,21.81,0,0,0
357.85,13,electronics,mobile_ios,376.52,asia_pacific,1201.97,3,69.39,7.83,0,0,0
449.6,16,online,mobile_android,680.85,north_america,663.82,3,59.66,10.15,0,0,0
378.4,16,retail,mobile_android,364.17,europe,1545.07,3,44.88,12.65,0,0,0
430.08,8,food,mobile_android,652.94,north_america,315.25,1,68.43,13.31,0,0,0
258.55,8,electronics,desktop_windows,507.12,north_america,536.9,2,68.88,36.97,0,0,0
436.43,10,crypto_exchange,mobile_ios,629.16,offshore_island,1012.81,8,60.15,36.04,0,0,0
212.53,14,food,mobile_ios,274.64,north_america,1912.49,3,56.85,58.78,0,0,0
533.32,18,electronics,mobile_android,435.81,north_america,165.81,4,21.72,0.9,0,0,0
1095.19,11,retail,mobile_android,544.83,north_america,944.41,1,51.29,21.64,0,0,0
268.49,5,crypto_exchange,mobile_android,260.39,metaverse_virtual,750.96,4,59.01,0.74,0,0,0
626.99,12,luxury,mobile_android,464.72,latin_america,498.96,5,77.07,2.64,0,0,0
205.85,14,travel,mobile_android,40.35,north_america,136.13,2,62.66,2.72,0,0,0
309.64,6,food,mobile_android,407.59,north_america,968.05,2,52.23,39.45,0,0,0
172.58,9,crypto_exchange,mobile_android,572.08,metaverse_virtual,571.33,2,67.41,8.38,0,0,0
343.17,14,p2p_gambling,mobile_ios,132.78,offshore_island,74.07,4,50.74,5.47,0,0,0
392.73,21,travel,mobile_android,653.55,europe,184.01,5,47.89,47.26,1,0,0
498.53,18,crypto_exchange,mobile_ios,896.96,metaverse_virtual,1661.68,4,56.73,10.78,0,0,0
539.62,16,entertainment,mobile_ios,981.6,north_america,1234.73,5,40.5,0.83,0,0,0
926.17,10,utilities,mobile_android,364.82,latin_america,378.24,2,77.94,35.92,0,0,0
434.92,10,food,desktop_windows,149.22,europe,653.75,4,58.41,32.77,0,0,0
739.92,11,online,mobile_android,204.27,middle_east,1240.86,3,74.26,2.07,0,0,0
310.36,12,food,mobile_ios,221.48,north_america,939.08,5,47.72,45.49,0,0,0
436.32,6,retail,mobile_android,193.77,north_america,1948.64,3,24.91,6.35,0,0,0
494.88,11,online,mobile_ios,246.26,africa,1740.49,6,66.61,0.75,0,0,0
1111.55,11,online,desktop_mac,696.16,middle_east,1716.79,5,23.48,13.91,1,0,0
903.96,18,travel,mobile_ios,991.92,europe,1784.11,0,34.3,11.74,1,0,0
403.36,10,p2p_gambling,mobile_ios,910.03,metaverse_virtual,1061.7,4,43.34,66.75,0,0,0
478.45,12,electronics,desktop_windows,478.74,north_america,1095.01,3,42.0,2.35,0,0,0
248.85,8,online,mobile_android,614.72,north_america,1102.43,4,53.75,11.64,0,0,0
353.73,6,food,mobile_android,825.85,asia_pacific,67.96,3,60.77,4.47,0,0,0
369.86,17,p2p_gambling,mobile_android,707.05,metaverse_virtual,274.09,3,41.28,9.41,0,0,0
517.79,19,online,mobile_android,711.66,asia_pacific,86.5,3,61.97,0.25,0,0,0
444.53,17,retail,mobile_ios,304.8,north_america,1469.3,2,72.01,10.7,0,0,0
194.03,20,online,mobile_android,648.86,north_america,1543.25,5,33.52,8.07,0,0,0
485.92,9,luxury,mobile_ios,718.9,europe,1707.88,4,40.82,3.6,1,0,0
347.72,20,p2p_gambling,mobile_ios,945.48,metaverse_virtual,294.77,4,72.41,24.4,0,0,0
318.84,8,electronics,mobile_ios,912.27,north_america,1761.11,6,51.43,11.78,0,0,0
817.52,15,food,mobile_android,746.82,asia_pacific,1510.29,2,68.7,1.69,0,0,0
473.95,9,online,mobile_android,513.89,north_america,1704.97,2,47.5,5.58,0,1,0
609.74,11,electronics,mobile_ios,646.1,north_america,658.29,1,62.33,24.44,1,0,0
383.35,14,crypto_exchange,mobile_android,668.54,offshore_island,127.87,0,58.75,8.38,0,0,0
486.22,18,retail,desktop_mac,131.35,north_america,1693.96,2,74.99,6.9,0,0,0
273.74,12,entertainment,mobile_ios,982.62,asia_pacific,513.14,4,35.54,4.93,0,0,0
244.05,7,electronics,mobile_android,98.75,europe,1503.1,3,54.0,1.6,0,0,0
523.91,9,online,desktop_windows,215.32,asia_pacific,1683.22,2,57.08,17.05,0,0,0
679.13,0,food,mobile_ios,309.51,north_america,421.83,1,52.92,3.58,0,0,0
1204.69,14,p2p_gambling,desktop_windows,726.91,offshore_island,1395.27,4,64.72,8.98,0,0,0
266.53,18,online,mobile_android,237.87,europe,903.87,7,69.51,3.09,0,0,0
951.91,18,electronics,mobile_ios,337.74,europe,818.06,4,43.69,5.5,0,0,0
966.28,10,luxury,desktop_windows,955.3,latin_america,1940.89,4,52.32,6.55,0,0,0
365.94,2,p2p_gambling,mobile_ios,150.61,metaverse_virtual,873.62,3,30.74,37.66,0,0,0
467.0,9,crypto_exchange,mobile_ios,651.04,offshore_island,1255.23,3,48.02,7.31,0,0,0
391.02,15,online,mobile_ios,205.24,europe,1130.4,2,82.88,1.89,0,0,0
477.26,16,retail,mobile_ios,722.73,middle_east,1693.89,3,52.69,14.19,0,0,0
359.77,17,p2p_gambling,desktop_windows,417.07,offshore_island,1962.25,1,56.44,26.98,0,0,0
994.45,12,travel,mobile_android,279.13,north_america,446.96,6,35.24,1.27,0,0,0
974.28,13,utilities,mobile_android,739.82,north_america,1449.22,1,47.17,21.53,0,0,0
229.81,17,luxury,mobile_android,4.44,asia_pacific,73.04,7,59.26,26.03,0,4,1
679.23,18,p2p_gambling,mobile_ios,158.63,offshore_island,1980.34,1,49.72,3.88,0,0,0
263.41,11,p2p_gambling,mobile_android,38.92,metaverse_virtual,1446.82,2,58.96,32.43,0,0,0
485.37,9,crypto_exchange,mobile_android,686.98,offshore_island,977.69,5,87.24,10.52,0,0,0
478.46,20,crypto_exchange,mobile_ios,986.41,metaverse_virtual,921.64,4,36.95,6.18,0,0,0
231.67,15,online,mobile_ios,160.74,north_america,411.26,2,65.1,21.82,0,0,0
638.91,11,retail,mobile_ios,940.94,europe,1831.02,2,44.14,0.83,0,0,0
703.46,16,retail,mobile_android,36.58,north_america,849.32,2,52.54,1.91,0,0,0
321.55,7,food,mobile_android,134.72,north_america,512.79,3,58.64,3.32,0,0,0
785.24,9,retail,desktop_windows,616.95,north_america,471.52,5,76.58,7.9,0,0,0
581.45,14,electronics,mobile_android,257.45,north_america,1839.02,1,66.72,22.02,0,0,0
684.12,20,p2p_gambling,mobile_ios,220.59,metaverse_virtual,242.9,3,59.15,9.92,0,0,0
384.13,10,p2p_gambling,mobile_android,519.88,offshore_island,71.89,3,15.7,0.38,0,0,0
548.12,9,online,mobile_ios,733.8,asia_pacific,128.97,4,54.92,2.4,0,0,0
406.33,7,electronics,mobile_ios,486.19,asia_pacific,1245.93,3,43.12,15.23,0,0,0
639.57,10,food,desktop_mac,49.41,north_america,1605.37,3,80.66,8.27,0,0,0
559.12,20,retail,mobile_ios,357.09,asia_pacific,1529.86,3,38.04,9.01,0,0,0
648.32,20,online,mobile_android,455.86,asia_pacific,640.18,4,52.05,13.68,0,0,0
982.37,8,utilities,mobile_android,740.32,north_america,743.8,2,25.25,19.93,0,0,0
946.75,9,crypto_exchange,mobile_ios,196.18,offshore_island,1761.09,3,72.57,3.33,0,0,0
244.67,4,online,desktop_windows,245.0,north_america,1946.18,2,52.86,3.15,0,0,0
504.12,13,retail,mobile_ios,426.92,north_america,1834.51,5,44.78,2.36,0,0,0
293.11,17,online,desktop_windows,162.16,europe,499.08,2,33.6,3.96,0,0,0
530.83,11,utilities,mobile_ios,242.72,europe,389.24,1,49.22,6.87,0,0,0
349.34,15,electronics,desktop_windows,517.98,north_america,784.23,5,69.2,0.45,0,0,0
242.59,18,food,mobile_android,335.4,north_america,1844.03,1,47.38,1.19,0,0,0
482.3,20,luxury,mobile_ios,333.97,north_america,481.92,8,59.03,4.69,0,0,0
595.73,16,retail,mobile_android,706.18,asia_pacific,892.2,2,67.83,7.98,0,0,0
276.9,0,electronics,mobile_ios,32.44,north_america,112.56,6,70.73,234.83,1,3,1
890.87,14,food,mobile_ios,696.15,north_america,1730.59,4,56.6,9.14,0,0,0
714.12,14,food,mobile_android,584.67,asia_pacific,1339.88,2,31.23,1.61,0,0,0
254.32,14,crypto_exchange,mobile_ios,669.38,offshore_island,1568.92,2,32.19,20.26,0,0,0
274.52,7,retail,mobile_android,69.56,middle_east,1641.12,6,53.37,15.93,0,0,0
358.73,7,p2p_gambling,mobile_android,565.66,offshore_island,1198.3,0,47.75,0.07,0,0,0
713.72,9,retail,mobile_android,479.77,north_america,1606.01,5,69.75,16.92,0,0,0
404.73,12,electronics,mobile_ios,589.11,asia_pacific,1189.32,1,64.74,5.88,0,0,0
449.05,8,retail,mobile_ios,906.0,north_america,262.74,4,33.43,0.61,0,0,0
329.75,15,food,mobile_android,958.13,europe,1941.91,2,26.34,9.83,1,0,0
347.31,15,entertainment,mobile_android,659.23,europe,586.68,1,60.75,2.76,0,0,0
371.6,20,entertainment,desktop_mac,857.58,north_america,458.2,3,43.0,5.36,0,0,0
299.4,0,crypto_exchange,desktop_windows,442.25,metaverse_virtual,542.49,3,70.5,8.1,0,0,0
223.85,19,travel,mobile_android,856.87,middle_east,1864.21,5,66.72,6.87,0,0,0
486.44,12,entertainment,mobile_android,195.97,europe,1750.27,5,73.91,7.09,0,0,0
347.63,15,crypto_exchange,mobile_android,172.49,offshore_island,1708.06,1,75.55,45.46,0,0,0
372.46,11,retail,mobile_ios,876.04,north_america,1132.71,2,78.47,6.24,0,0,0
654.06,13,food,mobile_ios,880.3,middle_east,1289.55,2,54.56,11.12,0,0,0
365.21,14,food,mobile_android,274.62,north_america,1132.33,3,55.37,2.98,0,0,0
333.87,10,p2p_gambling,mobile_ios,683.99,offshore_island,1003.67,4,52.95,42.45,0,0,0
383.83,8,utilities,mobile_ios,679.27,north_america,1618.06,1,59.67,2.53,0,0,0
439.9,12,crypto_exchange,mobile_android,291.87,offshore_island,1625.03,4,80.6,10.84,0,0,0
406.03,16,retail,mobile_ios,105.93,middle_east,1581.95,4,62.63,0.99,0,0,0
209.24,21,crypto_exchange,mobile_ios,67.06,metaverse_virtual,1168.98,8,78.91,34.51,0,0,0
1221.79,15,electronics,mobile_ios,948.76,europe,1770.05,7,55.37,8.38,0,0,0
475.12,16,food,desktop_mac,67.43,north_america,1721.22,8,91.48,7.86,0,2,0
591.91,10,travel,mobile_ios,994.46,north_america,277.69,4,62.6,26.93,0,0,0
1109.08,14,retail,mobile_ios,327.59,africa,612.72,5,64.64,7.41,0,0,0
358.1,16,p2p_gambling,mobile_android,713.76,metaverse_virtual,758.63,4,67.5,5.49,0,0,0
598.3,5,crypto_exchange,mobile_android,182.93,metaverse_virtual,959.21,4,50.57,20.06,0,0,0
242.11,9,p2p_gambling,mobile_ios,750.04,offshore_island,928.91,1,79.65,19.61,0,0,0
450.59,6,electronics,mobile_android,978.65,europe,256.18,3,73.13,5.26,0,0,0
367.48,18,crypto_exchange,mobile_android,152.58,metaverse_virtual,1253.24,7,43.1,11.61,0,0,0
597.19,22,p2p_gambling,mobile_android,64.54,offshore_island,1527.79,4,71.92,1.61,0,0,0
390.44,15,luxury,mobile_android,751.73,north_america,756.0,3,51.38,19.99,0,0,0
552.32,11,crypto_exchange,mobile_android,233.75,metaverse_virtual,1468.38,7,72.06,36.63,0,0,0
524.54,8,crypto_exchange,mobile_android,420.3,offshore_island,859.2,6,63.57,2.96,0,1,0
560.39,2,food,mobile_ios,486.14,north_america,515.8,7,47.29,0.0,0,1,0
550.97,14,food,mobile_android,428.38,north_america,325.91,1,37.4,0.04,0,0,0
524.41,23,retail,desktop_mac,539.67,latin_america,1460.5,2,45.42,3.94,0,0,0
268.38,20,food,mobile_ios,132.91,north_america,668.01,0,48.91,4.44,0,0,0
833.16,14,entertainment,mobile_ios,225.14,middle_east,1472.04,4,47.41,6.42,0,0,0
615.53,16,luxury,mobile_ios,37.13,north_america,13.46,5,36.06,93.96,1,1,1
267.72,13,p2p_gambling,mobile_ios,826.11,metaverse_virtual,897.53,2,49.88,1.24,0,0,0
279.04,21,entertainment,mobile_android,880.0,middle_east,1249.77,6,68.53,15.5,0,0,0
433.77,8,electronics,mobile_ios,548.01,north_america,241.83,3,48.82,17.61,0,0,0
959.13,9,electronics,desktop_windows,75.99,north_america,1950.03,8,38.58,8.51,0,0,0
305.82,11,entertainment,mobile_ios,523.15,latin_america,1924.18,6,70.17,2.84,0,0,0
363.99,8,p2p_gambling,mobile_android,471.66,offshore_island,515.96,3,35.17,39.87,0,0,0
741.96,9,p2p_gambling,mobile_android,349.5,offshore_island,1539.61,7,65.13,8.36,0,0,0
528.34,10,p2p_gambling,mobile_ios,264.67,metaverse_virtual,874.55,5,66.81,31.91,0,0,0
603.26,22,electronics,mobile_android,834.31,europe,837.16,2,42.1,19.05,0,0,0
254.5,13,online,mobile_android,718.64,asia_pacific,910.55,0,49.31,9.24,0,0,0
535.73,18,retail,mobile_ios,183.49,europe,733.23,5,53.1,22.71,0,0,0
391.24,13,p2p_gambling,mobile_ios,952.41,offshore_island,1865.29,3,54.73,6.03,0,1,0
722.08,15,online,mobile_android,103.8,europe,103.35,2,61.72,5.93,0,0,0
1052.25,10,food,mobile_ios,476.75,latin_america,990.49,5,64.34,5.18,0,0,0
315.26,14,entertainment,desktop_windows,944.73,europe,1918.17,8,80.07,10.51,0,0,0
803.0,22,online,mobile_android,843.46,north_america,81.39,0,42.16,24.9,0,0,0
676.44,13,entertainment,mobile_android,823.45,north_america,1585.44,4,81.01,7.41,0,0,0
324.16,7,crypto_exchange,mobile_ios,335.56,metaverse_virtual,686.99,3,65.55,50.55,0,0,0
348.3,15,online,mobile_ios,159.51,africa,724.64,2,42.37,22.85,0,0,0
574.24,3,utilities,mobile_ios,175.98,europe,1933.04,0,21.5,16.02,0,0,0
394.36,21,retail,mobile_ios,258.35,north_america,421.92,3,52.44,9.25,0,0,0
387.41,7,food,mobile_android,921.47,europe,823.26,3,52.27,0.07,0,0,0
449.11,9,food,desktop_mac,237.75,north_america,885.98,3,22.67,15.61,0,1,0
536.4,15,food,mobile_ios,913.47,middle_east,68.31,8,54.58,2.88,0,0,0
226.02,18,p2p_gambling,mobile_android,343.0,offshore_island,903.92,3,50.13,1.81,0,0,0
859.11,14,online,mobile_android,322.12,north_america,914.64,3,71.86,8.64,0,0,0
428.87,13,retail,desktop_mac,492.45,north_america,1252.97,4,54.16,29.39,0,0,0
321.13,14,retail,mobile_android,419.89,europe,694.77,2,41.66,8.87,0,0,0
677.08,15,online,mobile_ios,940.42,latin_america,1945.76,2,77.77,9.39,0,0,0
2272.61,7,food,mobile_android,178.08,north_america,358.71,4,45.44,12.47,0,0,0
408.15,21,food,mobile_android,77.8,north_america,210.68,1,28.54,7.05,0,0,0
584.06,9,p2p_gambling,mobile_ios,963.9,metaverse_virtual,1186.97,6,46.08,2.31,0,0,0
292.34,17,travel,mobile_ios,220.79,north_america,1375.44,2,75.98,5.86,0,0,0
511.17,4,online,mobile_android,551.29,north_america,295.01,1,37.69,17.44,0,0,0
633.36,14,crypto_exchange,mobile_android,557.29,offshore_island,1751.74,5,61.74,22.08,0,0,0
885.59,20,electronics,mobile_ios,448.89,north_america,1357.67,4,46.62,1.08,0,0,0
599.78,15,utilities,mobile_ios,730.64,europe,1678.46,0,65.11,5.65,0,0,0
432.55,8,p2p_gambling,desktop_windows,202.16,metaverse_virtual,1544.22,1,66.38,10.25,0,0,0
1744.93,13,online,mobile_android,851.15,north_america,319.1,3,80.69,0.18,0,0,0
696.81,12,crypto_exchange,mobile_ios,603.15,offshore_island,1521.23,3,60.2,10.59,0,0,0
447.45,10,p2p_gambling,desktop_mac,49.02,offshore_island,1473.92,3,44.35,2.72,0,0,0
959.33,18,p2p_gambling,mobile_android,250.03,offshore_island,1222.4,4,45.8,3.81,0,0,0
562.38,17,food,mobile_ios,534.9,north_america,885.1,7,24.77,1.47,0,0,0
512.84,6,retail,mobile_android,287.41,north_america,974.2,5,42.73,5.13,0,0,0
1367.74,14,food,mobile_android,787.11,north_america,340.63,2,42.9,1.37,0,0,0
1055.8,9,crypto_exchange,desktop_windows,235.37,metaverse_virtual,1996.5,2,31.94,13.47,0,0,0
465.83,19,electronics,mobile_android,670.91,europe,1860.26,1,59.55,1.9,0,0,0
237.48,16,electronics,mobile_ios,264.93,north_america,1529.52,4,80.94,15.95,0,0,0
412.71,1,food,desktop_windows,744.19,north_america,663.04,4,51.14,9.65,0,0,0
316.36,13,travel,mobile_android,49.79,europe,558.08,2,37.42,24.59,0,0,0
460.11,9,online,desktop_mac,170.18,asia_pacific,378.58,1,58.89,27.68,0,0,0
737.91,10,food,mobile_android,480.65,north_america,1941.95,1,83.32,3.86,1,0,0
415.48,14,food,mobile_ios,143.3,north_america,1834.97,1,35.2,9.11,0,0,0
817.25,15,travel,mobile_ios,280.52,north_america,224.27,1,51.34,0.65,0,0,0
789.7,7,online,mobile_ios,41.71,europe,600.69,6,78.81,3.0,0,0,0
821.6,0,travel,mobile_android,512.24,north_america,1733.02,1,57.47,17.12,0,0,0
457.06,13,p2p_gambling,mobile_ios,275.08,metaverse_virtual,458.92,5,67.79,13.56,0,1,0
710.28,10,crypto_exchange,mobile_ios,51.83,metaverse_virtual,71.81,2,36.25,10.2,1,0,0
362.17,11,electronics,mobile_android,315.18,north_america,717.72,2,65.43,5.61,0,0,0
305.44,23,crypto_exchange,mobile_ios,398.56,offshore_island,437.58,5,51.21,7.79,0,0,0
379.64,14,crypto_exchange,mobile_android,64.96,metaverse_virtual,1798.27,1,29.52,12.7,0,0,0
237.25,11,retail,mobile_ios,254.41,europe,1118.39,9,47.28,8.86,0,0,0
460.48,14,food,mobile_android,61.82,africa,637.88,1,36.65,0.87,0,0,0
310.15,10,electronics,mobile_android,736.62,europe,811.2,2,51.03,13.3,0,0,0
392.32,12,crypto_exchange,mobile_ios,866.29,offshore_island,1665.7,3,57.42,7.77,0,0,0
401.36,21,travel,mobile_android,19.4,europe,109.5,14,25.3,183.57,1,0,1
612.55,11,retail,mobile_android,153.37,europe,395.47,4,74.83,39.09,0,0,0
577.95,9,retail,desktop_mac,111.36,middle_east,1352.87,4,49.78,13.22,0,0,0
696.78,3,travel,mobile_android,32.31,europe,150.71,10,6.66,32.33,1,3,1
316.24,10,food,mobile_android,372.87,europe,1987.14,4,87.08,6.96,0,0,0
572.69,11,electronics,mobile_ios,352.83,north_america,81.27,2,17.78,18.13,0,0,0
355.52,15,food,mobile_ios,728.8,asia_pacific,396.02,3,56.41,2.53,0,0,0
948.75,10,electronics,desktop_windows,585.95,europe,470.35,3,43.91,11.15,0,0,0
649.47,12,food,mobile_ios,510.46,north_america,210.67,2,36.95,26.04,0,0,0
320.5,8,online,mobile_ios,578.12,north_america,1671.33,7,56.24,29.16,0,0,0
483.63,17,food,mobile_ios,512.93,north_america,236.23,1,71.02,12.55,0,0,0
726.23,13,food,desktop_windows,712.42,europe,1598.41,6,43.33,9.72,0,0,0
277.52,11,crypto_exchange,mobile_ios,942.74,metaverse_virtual,670.22,4,50.57,1.44,0,0,0
426.93,15,food,mobile_ios,837.8,europe,1407.66,4,62.57,21.02,0,0,0
261.89,11,p2p_gambling,mobile_android,955.81,offshore_island,918.39,5,69.23,27.74,0,0,0
574.94,13,p2p_gambling,desktop_windows,228.35,metaverse_virtual,1307.04,2,58.47,4.39,0,0,0
517.43,17,online,mobile_android,21.83,europe,142.08,10,57.45,117.07,1,0,1
434.35,16,crypto_exchange,mobile_ios,544.93,metaverse_virtual,1226.85,3,55.8,0.36,0,0,0
618.05,0,luxury,mobile_android,4.52,europe,147.53,7,63.27,84.14,1,2,1
295.56,14,online,mobile_android,986.82,north_america,274.85,6,39.13,4.41,0,0,0
291.06,10,electronics,mobile_ios,870.93,europe,1557.31,4,41.83,0.12,0,0,0
627.47,13,p2p_gambling,mobile_ios,471.67,metaverse_virtual,1995.7,2,36.8,13.31,0,0,0
492.49,17,travel,mobile_android,762.29,asia_pacific,775.23,4,34.43,12.72,0,0,0
485.89,14,p2p_gambling,mobile_ios,727.97,offshore_island,1430.99,1,68.9,3.12,0,0,0
511.57,9,travel,mobile_ios,428.21,europe,307.2,3,40.12,11.25,0,0,0
599.25,8,retail,mobile_ios,269.29,europe,486.67,5,55.93,0.63,0,0,0
208.04,15,crypto_exchange,mobile_ios,876.29,metaverse_virtual,784.21,3,45.74,44.5,0,1,0
1124.53,10,p2p_gambling,mobile_ios,39.15,metaverse_virtual,147.54,13,84.0,65.83,1,2,1
365.93,17,retail,mobile_ios,976.26,europe,1039.93,1,63.82,1.8,0,0,0
688.65,15,utilities,mobile_android,319.04,north_america,240.12,2,58.92,40.15,0,0,0
434.94,17,crypto_exchange,mobile_ios,195.04,metaverse_virtual,1575.09,3,51.52,10.74,0,0,0
473.76,10,crypto_exchange,desktop_windows,956.0,offshore_island,658.7,5,49.01,12.87,0,0,0
1125.46,21,crypto_exchange,desktop_windows,633.37,metaverse_virtual,993.83,6,56.77,0.59,0,0,0
362.19,8,crypto_exchange,mobile_ios,570.14,offshore_island,1682.56,1,42.1,6.01,0,0,0
796.09,8,crypto_exchange,mobile_ios,86.55,offshore_island,1187.5,2,63.41,8.76,0,0,0
264.97,9,p2p_gambling,desktop_windows,492.32,offshore_island,173.36,6,37.43,5.11,0,0,0
567.38,3,retail,mobile_android,478.46,north_america,982.76,4,49.09,7.47,0,0,0
1449.48,23,utilities,mobile_android,665.29,europe,939.4,2,46.44,7.55,0,0,0
413.64,18,utilities,mobile_ios,473.31,europe,1296.54,2,89.41,0.69,0,0,0
260.5,11,retail,mobile_ios,928.01,north_america,1238.27,3,72.27,5.59,0,0,0
1245.3,20,food,mobile_android,44.41,north_america,1203.19,4,44.5,0.19,0,0,0
270.95,15,food,mobile_android,217.91,europe,1748.0,0,55.72,8.78,0,0,0
286.06,7,crypto_exchange,mobile_ios,708.72,metaverse_virtual,1835.59,1,55.78,1.23,0,0,0
621.52,2,food,mobile_ios,439.77,north_america,373.54,4,51.22,6.32,0,0,0
319.55,13,online,mobile_android,517.07,north_america,1955.66,1,75.83,22.99,0,0,0
302.27,9,entertainment,mobile_android,402.43,north_america,1448.75,3,57.02,14.06,0,0,0
344.36,14,online,mobile_ios,583.54,europe,1896.77,7,65.83,7.54,0,0,0
931.64,5,travel,desktop_windows,405.44,north_america,984.98,2,52.93,10.12,1,0,0
726.48,9,food,mobile_android,680.62,north_america,1736.08,3,56.54,1.02,0,0,0
382.36,17,crypto_exchange,mobile_android,699.01,metaverse_virtual,1660.4,5,52.67,19.72,1,0,0
633.18,17,retail,mobile_android,511.33,europe,1834.86,4,65.14,1.41,0,0,0
661.35,18,retail,mobile_android,523.28,europe,586.26,6,66.3,5.06,0,1,0
262.72,17,online,mobile_android,382.24,north_america,1793.08,8,62.65,17.45,0,0,0
401.17,18,travel,mobile_ios,40.94,africa,6.68,7,48.55,258.65,1,4,1
294.65,12,retail,mobile_ios,787.92,middle_east,1996.72,2,83.43,3.89,0,0,0
431.85,22,retail,desktop_windows,825.27,asia_pacific,1013.73,1,58.16,36.44,0,0,0
487.48,7,utilities,mobile_ios,957.53,north_america,507.02,2,77.85,15.79,0,0,0
372.64,15,retail,mobile_android,741.36,latin_america,546.06,2,61.72,1.98,0,0,0
453.73,17,food,mobile_android,243.51,north_america,386.71,5,72.75,18.7,0,0,0
494.66,9,travel,mobile_android,134.69,europe,168.57,2,57.54,1.75,0,0,0
424.54,16,entertainment,mobile_ios,347.4,north_america,1484.38,5,42.93,5.5,0,0,0
318.31,5,food,mobile_ios,811.41,north_america,844.76,3,70.58,7.1,0,0,0
262.8,6,crypto_exchange,mobile_ios,480.34,metaverse_virtual,951.31,4,66.65,10.78,0,0,0
470.25,8,p2p_gambling,desktop_mac,422.76,metaverse_virtual,1605.3,0,71.46,9.72,0,0,0
472.38,1,online,mobile_ios,284.67,north_america,456.27,2,31.31,74.47,0,0,0
244.75,7,crypto_exchange,mobile_ios,832.34,metaverse_virtual,1570.49,2,47.7,4.33,0,0,0
274.38,11,travel,mobile_android,398.5,north_america,782.34,1,43.83,25.77,0,0,0
460.49,16,food,mobile_ios,728.66,europe,1656.67,1,66.06,4.11,0,0,0
393.06,15,crypto_exchange,mobile_android,162.86,metaverse_virtual,200.28,4,66.85,0.12,0,0,0
578.92,18,electronics,mobile_android,577.37,north_america,1084.15,6,58.32,32.83,0,0,0
301.99,17,retail,mobile_ios,429.73,north_america,1835.25,2,33.42,26.2,0,0,0
748.35,19,crypto_exchange,desktop_mac,622.08,offshore_island,1510.63,8,105.65,6.06,0,0,0
351.99,4,crypto_exchange,mobile_android,700.76,offshore_island,1632.69,2,61.82,9.25,0,0,0
617.5,11,retail,mobile_android,198.36,asia_pacific,160.22,5,59.28,5.9,0,2,0
254.83,8,p2p_gambling,mobile_ios,295.79,offshore_island,454.12,5,82.45,2.9,0,0,0
282.96,10,electronics,desktop_windows,212.4,north_america,412.09,2,36.6,1.14,0,0,0
301.7,14,crypto_exchange,mobile_ios,697.26,offshore_island,787.21,5,54.18,57.44,0,0,0
337.63,12,p2p_gambling,mobile_ios,657.22,offshore_island,291.35,1,40.83,10.18,0,0,0
481.44,14,food,mobile_ios,567.69,north_america,267.44,4,71.68,3.95,0,0,0
592.98,7,travel,mobile_android,449.98,north_america,1157.15,6,63.4,14.28,0,2,0
1424.1,11,food,mobile_android,681.59,europe,1524.57,5,63.89,17.05,0,2,0
578.6,11,online,mobile_ios,189.0,europe,1880.62,5,43.99,12.75,0,0,0
354.67,16,crypto_exchange,desktop_windows,740.33,metaverse_virtual,1837.95,5,58.88,3.94,0,0,0
406.75,10,food,mobile_android,115.48,north_america,1660.38,1,47.65,1.95,0,0,0
564.8,6,p2p_gambling,mobile_ios,143.37,offshore_island,362.48,1,61.9,12.77,0,0,0
544.01,7,retail,mobile_android,229.21,north_america,1122.61,6,54.1,28.84,0,0,0
270.46,11,electronics,mobile_ios,566.82,north_america,1704.71,3,53.97,20.37,0,0,0
329.66,7,online,mobile_ios,458.29,europe,373.64,2,54.57,1.35,0,0,0
1505.62,8,crypto_exchange,desktop_mac,251.57,offshore_island,1230.42,0,49.56,9.07,0,0,0
1240.09,12,travel,mobile_android,429.4,north_america,508.48,3,93.86,2.56,0,0,0
271.71,19,retail,mobile_ios,704.77,north_america,1498.82,0,46.69,13.56,0,0,0
625.13,7,entertainment,mobile_android,60.24,europe,254.06,2,66.8,22.33,0,0,0
399.61,14,retail,mobile_android,753.87,north_america,1205.87,3,54.28,9.56,0,0,0
647.42,8,retail,mobile_android,467.02,north_america,1132.77,1,73.56,39.71,0,0,0
738.05,11,retail,mobile_ios,164.23,north_america,932.0,4,61.9,13.76,0,0,0
532.47,10,food,mobile_ios,144.91,africa,79.85,2,71.31,46.13,0,0,0
448.71,10,travel,mobile_android,497.38,asia_pacific,967.61,1,57.19,3.12,0,0,0
447.2,11,food,mobile_ios,798.68,middle_east,920.96,1,41.69,5.24,0,0,0
481.87,9,crypto_exchange,desktop_mac,384.13,metaverse_virtual,344.89,8,62.34,12.04,0,0,0
510.88,12,crypto_exchange,mobile_ios,98.79,metaverse_virtual,1983.7,1,69.06,7.25,0,0,0
257.67,21,food,mobile_ios,976.8,north_america,1704.37,5,68.97,72.13,0,1,0
836.31,16,luxury,desktop_mac,197.03,north_america,1939.59,5,55.92,3.2,0,0,0
450.08,8,entertainment,mobile_ios,409.36,middle_east,1487.81,2,81.1,12.17,0,1,0
200.86,8,electronics,desktop_mac,79.79,north_america,924.14,2,67.23,4.21,0,0,0
336.17,10,retail,mobile_ios,333.85,europe,843.82,3,48.12,34.09,0,0,0
268.16,13,online,mobile_ios,317.46,north_america,1465.78,6,33.07,43.41,0,1,0
868.42,15,food,desktop_mac,210.58,north_america,1068.3,2,44.99,1.74,0,0,0
398.1,11,electronics,desktop_windows,809.44,north_america,1009.75,2,48.21,15.81,1,0,0
288.4,10,p2p_gambling,mobile_ios,174.79,metaverse_virtual,1704.28,4,45.01,12.13,0,0,0
545.41,5,online,mobile_ios,367.53,europe,760.52,6,29.53,6.96,0,1,0
523.09,6,food,mobile_ios,407.19,europe,1718.54,0,49.38,3.87,0,0,0
498.83,12,online,mobile_ios,920.65,asia_pacific,166.61,1,43.51,5.98,0,0,0
997.32,8,travel,mobile_android,648.79,north_america,389.14,2,82.92,6.64,0,0,0
440.36,9,luxury,mobile_android,53.0,europe,729.7,1,48.43,18.25,0,0,0
199.32,7,electronics,desktop_mac,665.13,europe,1857.52,2,61.88,0.01,0,0,0
661.49,22,food,mobile_android,58.3,middle_east,275.95,4,43.94,0.7,0,0,0
202.79,13,online,mobile_android,32.93,europe,1502.85,5,50.3,7.63,0,0,0
435.98,21,electronics,desktop_windows,1.76,asia_pacific,177.17,5,66.27,37.41,1,1,1
448.47,11,electronics,mobile_android,722.66,europe,1311.49,1,55.62,20.71,0,0,0
220.05,5,entertainment,mobile_android,617.83,europe,1252.09,4,48.43,16.72,0,0,0
668.75,13,crypto_exchange,mobile_android,214.74,metaverse_virtual,650.11,2,28.56,1.7,0,0,0
344.47,17,online,mobile_ios,416.6,north_america,1384.55,6,58.0,44.86,0,0,0
360.15,5,p2p_gambling,mobile_android,868.3,metaverse_virtual,466.27,5,70.69,2.11,0,0,0
269.04,19,electronics,mobile_android,187.04,north_america,117.77,5,68.34,0.71,1,0,0
611.75,17,retail,mobile_android,385.95,middle_east,1645.91,2,41.67,10.0,0,0,0
467.59,17,retail,desktop_windows,790.43,north_america,1573.13,1,50.84,19.45,0,0,0
382.96,12,retail,mobile_ios,354.11,europe,1336.09,1,69.17,6.02,0,0,0
496.98,13,p2p_gambling,mobile_android,986.45,metaverse_virtual,624.46,4,44.78,0.26,0,0,0
337.36,9,food,mobile_android,53.69,north_america,1121.64,2,22.84,0.51,0,0,0
330.92,8,crypto_exchange,desktop_windows,454.16,metaverse_virtual,296.85,1,53.31,10.48,0,0,0
346.77,7,utilities,mobile_android,293.7,europe,932.4,3,25.44,11.36,0,0,0
610.0,9,food,mobile_ios,336.62,europe,771.33,1,32.77,5.59,0,0,0
467.63,7,retail,mobile_android,92.39,middle_east,1250.11,2,63.99,0.76,0,0,0
470.09,11,food,mobile_android,238.41,middle_east,1001.39,2,73.46,2.35,0,0,0
430.87,11,electronics,mobile_ios,819.78,latin_america,396.86,3,36.28,39.22,0,0,0
380.52,11,utilities,mobile_android,831.43,north_america,708.11,2,63.32,12.15,0,0,0
579.54,0,electronics,mobile_android,944.33,latin_america,1637.45,2,18.1,9.88,0,0,0
287.54,12,crypto_exchange,desktop_mac,519.25,metaverse_virtual,727.28,1,64.17,24.37,0,0,0
219.72,16,food,mobile_android,143.95,europe,606.21,2,62.57,5.06,0,0,0
394.44,14,electronics,mobile_android,243.13,europe,869.86,3,61.27,9.61,1,0,0
544.51,12,luxury,mobile_ios,39.25,north_america,1979.76,6,61.75,26.77,0,0,0
731.89,14,online,desktop_mac,103.29,north_america,688.27,1,64.38,3.83,0,0,0
371.31,13,travel,mobile_ios,993.02,europe,1190.48,2,70.96,1.44,0,0,0
454.34,10,travel,mobile_ios,859.46,middle_east,1910.79,4,67.61,2.28,0,0,0
1155.51,13,food,mobile_android,230.78,europe,1784.64,3,52.14,2.22,0,0,0
288.26,20,crypto_exchange,mobile_android,406.88,metaverse_virtual,1984.34,2,65.71,2.9,0,0,0
244.86,8,food,mobile_ios,543.94,middle_east,461.27,6,66.77,2.07,0,0,0
429.59,17,retail,mobile_ios,392.4,asia_pacific,1528.57,1,28.78,6.95,0,0,0
266.82,17,p2p_gambling,mobile_android,68.08,metaverse_virtual,1547.42,2,72.28,8.75,0,0,0
484.4,1,p2p_gambling,mobile_ios,718.87,offshore_island,791.03,2,63.67,4.16,0,0,0
264.7,11,travel,mobile_android,155.11,europe,389.26,3,55.08,16.63,0,0,0
420.04,6,retail,mobile_ios,584.18,latin_america,1477.3,2,82.74,7.53,0,0,0
246.13,10,p2p_gambling,mobile_ios,69.75,metaverse_virtual,660.93,7,72.58,46.04,1,0,0
618.42,16,p2p_gambling,desktop_windows,851.14,metaverse_virtual,1580.8,1,72.66,7.71,0,0,0
394.59,13,p2p_gambling,mobile_ios,345.74,offshore_island,121.03,4,52.29,22.58,0,0,0
582.71,9,retail,mobile_ios,952.09,north_america,891.78,3,63.1,27.83,0,0,0
306.53,13,p2p_gambling,mobile_android,107.4,metaverse_virtual,420.65,4,53.08,15.4,0,0,0
580.72,13,p2p_gambling,mobile_ios,414.98,offshore_island,1477.25,3,82.49,20.79,0,0,0
508.43,13,p2p_gambling,desktop_windows,61.99,metaverse_virtual,544.38,4,51.09,3.56,0,0,0
565.23,7,electronics,mobile_android,62.43,north_america,1696.27,3,52.36,7.28,0,0,0
522.02,12,electronics,mobile_android,776.99,north_america,1054.71,6,57.61,1.13,0,0,0
230.27,6,retail,desktop_windows,492.27,north_america,286.1,9,51.2,11.48,0,0,0
361.06,8,electronics,mobile_ios,743.94,north_america,487.05,3,32.79,22.87,0,0,0
608.29,9,retail,mobile_ios,317.55,asia_pacific,517.15,3,59.31,75.38,0,0,0
409.34,20,p2p_gambling,mobile_android,369.4,metaverse_virtual,979.14,3,38.92,11.95,0,0,0
564.29,11,crypto_exchange,mobile_android,264.65,offshore_island,559.24,2,94.72,2.04,0,1,0
301.33,13,electronics,mobile_ios,533.37,north_america,1824.16,2,68.48,3.37,0,0,0
207.28,13,travel,desktop_windows,833.81,north_america,1033.3,5,49.85,0.99,0,0,0
354.01,12,crypto_exchange,mobile_android,565.27,offshore_island,593.58,2,24.95,0.55,0,0,0
858.48,5,electronics,desktop_windows,270.49,asia_pacific,1084.43,3,46.86,14.8,0,0,0
202.81,11,travel,mobile_android,456.32,north_america,276.89,5,45.66,17.19,0,0,0
248.54,8,retail,mobile_android,614.92,north_america,703.9,6,70.99,7.34,0,0,0
380.64,8,crypto_exchange,desktop_windows,486.64,metaverse_virtual,884.24,2,54.96,27.81,0,0,0
610.14,11,p2p_gambling,mobile_android,291.41,offshore_island,1143.52,3,58.89,11.52,0,0,0
578.12,0,p2p_gambling,mobile_ios,86.05,offshore_island,385.17,3,42.63,12.03,0,0,0
467.33,19,online,mobile_android,126.73,north_america,417.21,3,46.07,8.26,0,0,0
634.05,8,crypto_exchange,mobile_android,979.49,metaverse_virtual,1124.52,2,67.22,2.77,0,0,0
431.2,14,retail,mobile_ios,967.19,europe,1248.94,2,73.83,4.8,0,0,0
542.85,8,electronics,desktop_windows,71.06,north_america,1092.31,1,20.71,4.62,0,0,0
758.72,14,crypto_exchange,mobile_android,328.43,metaverse_virtual,1404.05,2,59.84,4.6,0,0,0
958.61,18,travel,mobile_android,877.42,asia_pacific,62.59,5,37.3,12.78,0,0,0
651.37,7,retail,mobile_ios,753.75,asia_pacific,850.23,3,50.88,43.08,0,0,0
958.37,7,retail,mobile_android,602.14,north_america,1909.31,0,27.69,25.81,0,2,0
428.9,6,food,mobile_ios,976.74,north_america,1597.45,4,59.48,2.59,0,0,0
1113.94,7,travel,mobile_ios,534.48,europe,1556.81,2,62.08,8.01,0,0,0
310.22,21,travel,mobile_android,348.88,latin_america,1017.97,2,50.87,6.29,0,0,0
1121.79,9,crypto_exchange,mobile_ios,831.93,offshore_island,111.93,6,29.34,10.4,0,0,0
674.86,7,entertainment,mobile_ios,310.27,europe,1703.27,2,60.33,12.73,0,0,0
327.2,10,retail,mobile_android,806.05,asia_pacific,1228.18,3,58.35,8.62,0,0,0
553.97,8,electronics,desktop_mac,699.2,europe,700.89,5,42.94,0.2,0,0,0
429.24,8,online,mobile_android,457.63,europe,1675.72,1,66.31,43.05,0,0,0
299.77,10,utilities,desktop_windows,127.51,north_america,301.53,4,65.6,3.49,0,0,0
290.73,19,p2p_gambling,desktop_mac,973.06,metaverse_virtual,963.98,4,44.89,10.96,0,0,0
536.61,14,electronics,mobile_android,592.57,north_america,857.15,8,54.26,53.7,0,0,0
340.63,0,p2p_gambling,mobile_ios,113.66,metaverse_virtual,1107.73,1,51.56,0.41,0,0,0
296.15,12,p2p_gambling,mobile_ios,131.24,offshore_island,647.35,5,43.34,5.6,0,0,0
346.38,12,retail,desktop_windows,211.13,north_america,1952.55,1,54.23,17.44,0,0,0
218.33,12,p2p_gambling,mobile_ios,403.41,offshore_island,1122.87,1,58.48,5.56,0,0,0
657.45,15,retail,mobile_android,254.64,europe,1943.88,6,44.88,32.73,0,0,0
294.52,19,food,mobile_ios,727.89,north_america,1143.84,1,57.14,4.55,0,0,0
702.09,19,crypto_exchange,mobile_android,733.63,offshore_island,1926.82,1,40.48,7.04,0,0,0
270.06,9,food,mobile_ios,122.82,north_america,1234.48,8,76.17,10.34,0,0,0
490.59,14,online,mobile_ios,546.15,asia_pacific,801.15,1,42.63,13.79,0,0,0
395.07,12,food,mobile_android,667.72,north_america,1909.93,3,52.97,3.94,0,1,0
581.89,6,crypto_exchange,mobile_android,850.37,metaverse_virtual,1279.28,4,29.77,25.87,0,0,0
789.25,14,food,mobile_android,534.58,asia_pacific,935.59,3,71.64,11.92,0,0,0
1632.42,12,crypto_exchange,mobile_android,460.29,metaverse_virtual,1347.11,5,53.85,6.96,0,0,0
268.66,11,food,mobile_android,374.48,asia_pacific,1243.36,1,57.65,18.56,1,0,0
238.97,16,electronics,mobile_ios,354.69,north_america,1103.04,4,46.15,26.78,0,0,0
671.79,8,p2p_gambling,mobile_android,223.4,metaverse_virtual,1149.57,4,68.13,0.93,0,0,0
464.43,11,retail,mobile_android,249.1,north_america,372.22,6,49.52,12.42,0,0,0
257.57,0,crypto_exchange,desktop_mac,44.51,metaverse_virtual,1583.54,4,46.36,1.72,0,0,0
532.28,8,p2p_gambling,mobile_android,527.82,offshore_island,1920.47,3,57.78,29.59,0,0,0
417.91,12,electronics,mobile_ios,643.7,europe,243.97,5,60.97,7.89,0,0,0
370.3,15,retail,mobile_android,943.73,asia_pacific,414.0,5,43.98,23.58,0,0,0
373.45,11,retail,mobile_android,593.93,north_america,514.75,4,62.76,2.04,0,0,0
793.78,18,online,mobile_ios,931.15,north_america,1398.58,3,64.22,14.84,0,0,0
912.51,8,travel,desktop_windows,842.1,asia_pacific,1188.68,3,65.58,0.59,0,0,0
343.39,20,retail,desktop_windows,238.12,north_america,407.95,3,65.85,14.24,0,0,0
442.59,17,online,mobile_ios,39.06,north_america,1559.24,2,59.03,2.41,0,2,0
566.29,9,electronics,mobile_android,810.19,north_america,972.64,6,30.99,15.87,0,0,0
433.8,5,electronics,desktop_mac,401.61,north_america,503.13,4,47.91,2.73,0,0,0
808.05,9,crypto_exchange,mobile_android,814.71,offshore_island,1090.15,2,28.54,2.4,0,0,0
197.86,12,entertainment,desktop_mac,772.79,asia_pacific,199.12,3,46.46,13.3,0,0,0
493.05,16,utilities,mobile_android,58.13,north_america,406.35,0,60.89,20.85,0,0,0
287.19,13,crypto_exchange,mobile_ios,349.05,metaverse_virtual,1882.09,3,46.96,6.51,0,0,0
263.27,1,travel,mobile_ios,602.04,asia_pacific,874.13,1,54.89,19.09,0,0,0
372.42,6,online,desktop_windows,441.66,europe,1251.96,3,60.02,14.48,0,0,0
282.74,7,crypto_exchange,mobile_android,583.56,metaverse_virtual,1030.96,5,35.78,9.09,0,0,0
1025.67,14,p2p_gambling,mobile_android,589.65,metaverse_virtual,1350.5,1,38.69,3.65,0,0,0
674.58,9,food,mobile_android,170.37,north_america,137.64,0,88.64,27.87,0,0,0
634.39,16,p2p_gambling,desktop_windows,699.98,metaverse_virtual,1256.42,4,43.77,2.51,0,0,0
519.94,12,electronics,mobile_android,326.41,north_america,1526.02,4,36.84,18.2,0,0,0
790.82,11,travel,mobile_ios,531.61,north_america,626.14,3,36.01,13.94,0,0,0
292.54,16,retail,mobile_android,945.06,europe,1054.61,5,57.82,3.49,0,1,0
236.4,17,p2p_gambling,desktop_mac,529.48,metaverse_virtual,1891.79,0,66.03,1.39,0,0,0
347.27,11,p2p_gambling,mobile_ios,470.64,offshore_island,876.27,5,54.7,2.87,0,0,0
403.37,9,food,mobile_android,543.55,north_america,1719.51,5,47.13,13.53,0,0,0
1237.34,1,food,mobile_android,527.68,north_america,450.81,0,80.49,15.53,0,0,0
579.2,11,online,mobile_android,455.5,europe,1783.87,4,50.85,6.35,0,0,0
234.32,10,p2p_gambling,mobile_ios,330.47,metaverse_virtual,1684.87,3,75.02,13.3,0,0,0
478.82,11,utilities,mobile_ios,93.05,north_america,235.74,4,84.0,7.54,0,0,0
658.65,6,retail,mobile_android,362.82,asia_pacific,1860.01,4,38.16,12.08,0,0,0
429.93,14,crypto_exchange,mobile_android,148.23,metaverse_virtual,292.81,2,33.85,5.33,0,0,0
342.82,11,electronics,desktop_mac,520.57,europe,1379.32,1,50.8,6.25,0,1,0
366.62,10,food,mobile_android,552.23,latin_america,1199.49,4,53.97,5.79,0,0,0
572.55,7,online,mobile_ios,161.36,north_america,1124.94,3,61.91,31.51,0,0,0
314.57,7,travel,desktop_mac,888.46,asia_pacific,422.41,1,61.67,6.15,0,0,0
208.82,8,crypto_exchange,mobile_android,260.14,metaverse_virtual,451.31,2,102.23,26.2,0,0,0
563.49,6,retail,desktop_mac,30.88,north_america,1752.92,0,82.73,9.77,0,1,0
623.29,13,retail,mobile_ios,655.92,asia_pacific,974.23,2,68.95,19.49,0,0,0
1006.04,22,electronics,desktop_windows,206.87,latin_america,1467.97,2,65.65,28.08,0,0,0
1243.88,9,luxury,mobile_android,751.03,north_america,408.9,3,69.19,0.9,0,0,0
532.52,10,entertainment,mobile_ios,286.47,europe,661.43,2,44.74,8.22,0,0,0
335.23,9,retail,mobile_ios,392.36,europe,1367.61,5,66.77,44.91,0,0,0
678.2,14,food,mobile_android,716.3,north_america,1762.85,3,38.44,9.17,0,0,0
465.18,13,retail,desktop_windows,803.04,north_america,327.77,4,78.26,19.04,0,0,0
687.87,19,food,desktop_mac,310.52,latin_america,1249.46,3,75.81,31.39,0,1,0
683.17,12,crypto_exchange,mobile_ios,811.79,metaverse_virtual,1010.83,2,49.0,7.03,0,0,0
528.09,5,crypto_exchange,mobile_android,798.92,offshore_island,210.64,2,69.82,0.13,0,0,0
260.57,5,p2p_gambling,mobile_android,696.84,metaverse_virtual,84.56,5,59.9,7.43,0,0,0
744.81,20,entertainment,mobile_android,53.26,asia_pacific,444.9,4,42.97,1.14,0,0,0
250.29,12,crypto_exchange,mobile_ios,485.75,metaverse_virtual,93.32,7,48.04,5.46,0,0,0
615.17,15,online,mobile_ios,659.61,latin_america,942.52,4,66.99,7.51,0,0,0
363.89,9,travel,mobile_ios,132.55,north_america,1633.9,4,56.07,26.35,0,0,0
1040.33,15,luxury,mobile_android,929.96,latin_america,857.78,2,77.07,6.46,0,0,0
513.24,7,crypto_exchange,mobile_ios,755.72,metaverse_virtual,528.84,2,52.5,5.85,0,0,0
404.83,10,retail,mobile_ios,703.98,north_america,777.81,4,59.23,24.54,0,0,0
423.7,20,entertainment,mobile_ios,195.82,latin_america,310.62,1,57.69,26.6,0,0,0
455.18,10,retail,mobile_ios,770.71,north_america,1146.92,6,36.53,11.85,0,0,0
202.96,9,retail,mobile_android,182.66,middle_east,414.43,1,55.1,59.48,0,0,0
270.59,1,online,desktop_mac,555.77,asia_pacific,470.37,2,38.55,9.92,0,0,0
364.0,14,electronics,desktop_mac,443.61,north_america,510.02,3,68.75,12.87,0,0,0
572.29,14,p2p_gambling,desktop_windows,378.56,metaverse_virtual,1596.9,4,15.29,39.19,0,0,0
430.99,7,crypto_exchange,mobile_ios,550.11,metaverse_virtual,808.32,6,53.49,44.17,0,0,0
869.49,15,crypto_exchange,mobile_ios,154.01,metaverse_virtual,1894.73,2,31.49,12.3,0,0,0
1232.13,12,online,mobile_android,252.93,europe,1994.92,6,58.37,27.06,0,0,0
1104.23,7,p2p_gambling,mobile_android,239.65,offshore_island,1730.06,6,63.16,7.84,0,0,0
438.69,13,p2p_gambling,mobile_android,204.4,offshore_island,1540.98,1,29.23,2.32,0,0,0
565.54,11,food,mobile_ios,783.64,europe,396.66,3,63.57,10.82,0,0,0
773.03,15,retail,mobile_android,342.42,asia_pacific,1596.97,4,17.24,12.21,0,0,0
531.74,17,retail,mobile_ios,195.05,europe,888.77,2,49.43,14.74,0,0,0
748.64,6,crypto_exchange,mobile_ios,186.27,metaverse_virtual,233.14,3,65.22,3.72,0,0,0
331.25,14,electronics,mobile_android,980.34,north_america,1937.56,7,32.32,2.06,0,0,0
449.72,9,online,mobile_ios,530.76,north_america,713.71,4,56.63,9.79,0,0,0
578.33,9,entertainment,mobile_android,836.83,north_america,1209.42,5,40.9,8.96,0,0,0
581.56,9,food,mobile_android,82.43,latin_america,403.64,2,47.35,1.15,0,1,0
740.48,1,food,mobile_android,92.56,asia_pacific,1853.39,5,42.34,4.85,0,0,0
293.05,9,retail,mobile_ios,452.52,north_america,254.85,3,74.84,9.08,0,0,0
489.22,14,retail,mobile_android,225.61,middle_east,1226.54,5,54.26,2.29,0,0,0
1151.57,8,crypto_exchange,mobile_android,938.26,offshore_island,426.49,0,62.95,7.31,1,0,0
792.42,7,travel,mobile_ios,316.26,europe,259.01,4,63.39,23.17,0,0,0
602.56,13,p2p_gambling,mobile_ios,871.33,offshore_island,1628.41,3,47.57,0.37,0,0,0
350.43,11,crypto_exchange,mobile_ios,625.3,offshore_island,1000.47,4,38.34,3.79,0,0,0
693.88,13,food,mobile_android,62.78,north_america,1981.7,4,53.99,7.98,0,0,0
355.62,19,entertainment,mobile_ios,468.31,north_america,1005.63,8,59.92,4.17,0,0,0
217.57,16,retail,mobile_ios,92.12,europe,550.2,3,67.38,11.3,0,0,0
266.98,9,retail,mobile_ios,436.67,north_america,1264.98,4,44.87,20.27,0,0,0
432.78,5,online,mobile_android,733.16,europe,887.2,2,68.94,2.47,0,0,0
414.48,11,online,mobile_android,605.8,north_america,1889.74,1,78.62,5.94,0,0,0
394.16,7,crypto_exchange,mobile_android,234.93,offshore_island,575.55,4,41.84,23.0,0,0,0
400.55,9,retail,mobile_ios,528.46,europe,481.48,0,74.45,8.51,0,0,0
613.28,15,travel,mobile_ios,360.17,north_america,1992.52,1,23.28,2.08,0,0,0
513.99,12,retail,mobile_android,696.34,north_america,1155.81,7,63.81,8.94,0,0,0
318.68,9,crypto_exchange,mobile_ios,818.31,metaverse_virtual,1006.36,3,62.84,11.21,0,0,0
907.47,16,food,mobile_ios,724.17,europe,1699.51,2,45.86,3.13,0,0,0
617.52,11,online,mobile_android,72.82,europe,1646.75,0,81.78,2.22,0,0,0
485.5,12,p2p_gambling,mobile_ios,949.61,offshore_island,1136.72,3,84.52,0.83,0,0,0
569.34,9,electronics,mobile_android,510.78,middle_east,1974.39,2,96.5,18.71,0,0,0
303.02,10,crypto_exchange,desktop_windows,294.38,metaverse_virtual,608.29,4,47.11,33.6,0,0,0
285.71,5,food,mobile_android,618.52,north_america,1870.52,4,66.04,16.92,0,0,0
267.48,12,food,mobile_ios,808.98,north_america,1565.71,0,49.43,22.3,0,2,0
258.29,11,food,mobile_android,741.4,asia_pacific,1713.34,1,60.38,7.51,0,0,0
517.85,10,retail,mobile_ios,250.8,north_america,588.55,5,64.7,18.83,0,0,0
429.72,11,p2p_gambling,mobile_android,180.04,metaverse_virtual,843.8,1,37.17,11.54,0,0,0
772.58,9,online,desktop_windows,356.22,north_america,928.23,1,31.51,10.4,0,0,0
611.64,14,travel,mobile_android,244.85,europe,320.85,2,51.62,5.3,0,0,0
1087.29,11,retail,desktop_windows,528.66,north_america,1842.57,2,61.27,8.26,0,0,0
342.77,16,retail,mobile_ios,886.85,north_america,859.08,2,57.35,14.38,0,0,0
466.25,3,travel,mobile_ios,738.6,europe,1753.69,1,63.4,10.92,0,0,0
326.38,11,food,mobile_android,906.31,north_america,823.73,3,36.15,1.21,0,0,0
868.52,12,online,mobile_android,833.37,asia_pacific,231.33,3,41.17,1.13,0,0,0
340.5,9,retail,mobile_android,374.95,europe,705.35,4,39.93,5.09,0,0,0
298.23,13,online,mobile_android,91.63,north_america,1049.16,1,52.3,1.27,0,0,0
368.45,13,crypto_exchange,mobile_android,360.07,offshore_island,1983.52,2,52.61,9.07,0,0,0
223.88,17,entertainment,mobile_android,237.84,latin_america,405.85,4,46.23,0.31,0,0,0
498.53,8,p2p_gambling,mobile_android,491.39,metaverse_virtual,1367.45,2,54.49,5.15,0,0,0
476.86,1,p2p_gambling,mobile_ios,524.91,offshore_island,1020.21,5,77.43,0.14,0,0,0
1191.36,14,entertainment,mobile_android,944.03,north_america,1368.02,5,53.86,0.36,1,0,0
610.5,21,p2p_gambling,mobile_ios,846.2,metaverse_virtual,919.17,1,53.93,8.8,0,0,0
217.53,2,p2p_gambling,mobile_ios,2.09,metaverse_virtual,45.35,7,72.54,24.77,1,0,1
453.47,11,retail,mobile_android,465.44,europe,729.08,4,44.5,5.66,0,0,0
356.7,21,crypto_exchange,mobile_ios,826.4,metaverse_virtual,1455.24,5,48.84,5.91,0,0,0
290.06,9,online,mobile_android,777.3,latin_america,659.98,4,47.33,15.75,0,0,0
251.84,14,entertainment,mobile_android,70.62,north_america,1683.8,0,62.11,2.0,0,0,0
642.44,13,food,mobile_android,290.23,north_america,1703.49,2,48.79,2.48,0,0,0
857.88,12,retail,mobile_android,696.66,europe,508.02,2,46.42,5.79,0,0,0
520.13,5,p2p_gambling,mobile_ios,531.94,offshore_island,751.72,3,54.42,4.83,0,0,0
435.73,11,crypto_exchange,mobile_android,296.18,metaverse_virtual,1598.23,1,45.96,1.67,0,0,0
891.82,11,entertainment,mobile_android,687.02,north_america,1278.67,5,30.4,8.18,0,0,0
262.64,8,retail,mobile_ios,810.13,asia_pacific,1980.81,3,55.61,3.35,0,0,0
423.46,9,p2p_gambling,mobile_android,683.78,metaverse_virtual,1508.73,6,55.14,25.7,0,0,0
523.21,21,online,mobile_android,467.07,north_america,347.03,1,46.92,16.87,0,0,0
1018.85,8,crypto_exchange,mobile_android,222.95,metaverse_virtual,835.3,1,55.69,0.67,0,0,0
268.4,9,p2p_gambling,mobile_ios,94.75,offshore_island,1580.23,4,32.91,7.66,0,0,0
822.47,9,online,desktop_windows,233.01,north_america,1592.74,2,62.63,9.39,0,0,0
573.91,14,electronics,desktop_windows,325.03,north_america,1692.88,3,66.64,3.99,0,0,0
514.99,8,p2p_gambling,mobile_ios,822.59,metaverse_virtual,1800.73,1,46.62,11.71,0,0,0
188.75,21,p2p_gambling,mobile_android,704.37,offshore_island,1610.08,3,58.45,7.59,0,0,0
287.41,13,electronics,desktop_mac,644.53,asia_pacific,902.42,1,61.68,4.8,0,0,0
374.28,6,retail,mobile_ios,616.47,north_america,1945.77,6,41.79,3.43,0,0,0
213.36,7,retail,desktop_mac,783.87,europe,906.4,3,54.31,11.52,0,0,0
514.97,14,entertainment,mobile_android,324.35,europe,1071.56,2,84.96,19.47,0,0,0
331.97,21,food,mobile_ios,127.73,latin_america,938.85,3,62.61,10.73,0,0,0
588.57,15,p2p_gambling,mobile_android,549.46,metaverse_virtual,972.28,4,28.17,14.32,0,0,0
279.01,16,crypto_exchange,mobile_android,951.87,metaverse_virtual,1185.54,2,52.55,9.82,0,0,0
612.88,11,p2p_gambling,mobile_ios,483.82,offshore_island,1244.65,1,52.77,46.4,0,0,0
176.29,7,electronics,mobile_android,562.38,asia_pacific,390.25,4,44.74,15.59,0,0,0
703.37,19,electronics,mobile_ios,659.08,asia_pacific,1951.7,7,78.81,8.57,0,0,0
273.25,6,electronics,desktop_mac,27.97,africa,80.39,6,44.12,75.09,1,2,1
347.53,8,electronics,mobile_android,491.66,europe,569.86,5,64.37,10.61,0,0,0
221.88,12,electronics,mobile_android,776.17,north_america,1785.25,6,66.77,5.87,0,0,0
457.85,13,entertainment,mobile_android,492.05,asia_pacific,1130.55,5,67.48,38.08,0,0,0
206.21,3,crypto_exchange,mobile_ios,107.58,offshore_island,75.22,5,62.11,9.21,0,0,0
322.97,16,retail,desktop_mac,470.85,north_america,449.89,3,59.29,19.85,0,0,0
1669.49,14,crypto_exchange,mobile_android,595.53,offshore_island,452.81,5,77.13,2.78,0,0,0
219.71,23,p2p_gambling,mobile_ios,959.58,metaverse_virtual,1343.82,9,60.28,3.29,0,0,0
1350.88,7,retail,mobile_ios,167.59,north_america,215.26,2,80.73,3.8,0,0,0
529.83,12,retail,mobile_android,316.88,asia_pacific,489.17,10,48.93,27.06,0,0,0
959.12,13,electronics,mobile_ios,205.81,north_america,1758.14,1,66.44,12.36,0,0,0
694.11,16,p2p_gambling,mobile_ios,291.96,offshore_island,1563.17,3,82.43,2.32,0,0,0
347.35,10,food,mobile_ios,152.03,latin_america,88.93,2,45.14,5.44,0,0,0
359.39,8,online,mobile_android,343.21,asia_pacific,123.01,2,76.81,16.95,0,0,0
423.39,14,retail,mobile_android,763.84,asia_pacific,68.01,3,56.48,12.95,0,0,0
446.44,16,crypto_exchange,mobile_android,38.96,metaverse_virtual,598.11,1,78.33,2.52,0,0,0
234.33,8,online,mobile_android,83.67,europe,634.4,2,88.37,7.59,0,0,0
558.22,4,crypto_exchange,mobile_ios,118.74,offshore_island,144.51,7,68.86,23.92,0,0,0
375.81,17,entertainment,mobile_ios,333.63,north_america,976.57,1,69.65,5.25,0,0,0
350.34,17,food,mobile_android,661.66,asia_pacific,1920.05,5,64.44,1.31,0,0,0
385.49,8,crypto_exchange,mobile_ios,317.18,offshore_island,1708.11,4,70.13,24.54,0,0,0
454.31,3,crypto_exchange,mobile_ios,797.61,metaverse_virtual,625.54,5,54.23,3.61,0,0,0
281.24,22,travel,mobile_android,161.85,asia_pacific,1299.08,3,50.97,4.89,0,0,0
560.76,10,p2p_gambling,desktop_mac,816.89,offshore_island,449.65,4,51.59,27.88,0,0,0
363.25,16,retail,mobile_android,828.2,north_america,1808.31,2,59.96,5.15,0,0,0
522.81,17,travel,mobile_ios,648.69,north_america,196.84,0,42.35,10.2,0,0,0
1162.07,9,p2p_gambling,desktop_mac,595.83,metaverse_virtual,332.23,4,52.89,0.21,0,0,0
449.34,9,retail,mobile_ios,531.88,latin_america,353.6,4,67.85,9.43,0,0,0
344.28,20,online,mobile_android,460.79,north_america,1045.25,3,51.24,26.79,0,0,0
659.93,17,food,mobile_ios,521.57,asia_pacific,1502.91,3,63.04,11.96,0,0,0
254.27,17,food,desktop_mac,811.91,asia_pacific,1460.4,4,39.08,17.65,0,0,0
558.01,13,crypto_exchange,mobile_ios,788.92,offshore_island,499.93,3,56.42,16.26,0,0,0
337.37,7,retail,mobile_android,718.03,north_america,968.04,2,76.18,4.0,0,0,0
349.17,14,luxury,mobile_android,881.77,north_america,620.44,6,61.17,8.78,0,0,0
704.21,14,p2p_gambling,mobile_ios,477.14,offshore_island,421.64,2,74.18,1.17,0,0,0
568.15,11,online,mobile_android,134.14,asia_pacific,1187.38,1,63.16,29.52,0,0,0
555.57,8,crypto_exchange,mobile_ios,835.13,metaverse_virtual,1852.63,4,68.52,35.72,0,0,0
303.31,7,crypto_exchange,mobile_ios,626.76,offshore_island,942.72,4,55.62,8.34,0,0,0
443.67,21,entertainment,mobile_ios,413.87,latin_america,977.8,2,69.75,2.52,0,0,0
406.89,18,electronics,mobile_android,950.61,north_america,1156.96,1,78.04,1.96,0,0,0
195.08,12,retail,mobile_android,963.98,north_america,218.51,1,53.41,0.53,0,0,0
513.56,9,online,mobile_ios,769.92,latin_america,1915.7,5,54.56,19.21,0,0,0
320.78,1,travel,mobile_ios,598.29,latin_america,1778.69,2,45.59,34.9,0,0,0
211.45,16,entertainment,mobile_ios,222.19,asia_pacific,1149.54,2,56.35,12.11,0,0,0
498.06,6,food,mobile_android,804.0,latin_america,165.77,3,59.7,7.22,0,0,0
393.4,10,food,mobile_android,833.67,north_america,697.0,4,61.71,9.1,0,1,0
373.22,9,electronics,mobile_android,532.11,north_america,574.76,6,65.78,14.99,0,0,0
418.65,18,p2p_gambling,mobile_ios,739.17,metaverse_virtual,522.23,4,44.79,2.88,0,0,0
913.71,14,food,mobile_ios,421.44,europe,278.63,3,65.23,29.65,0,0,0
485.69,8,crypto_exchange,mobile_ios,952.08,metaverse_virtual,1434.72,2,43.62,12.42,0,0,0
588.29,14,retail,mobile_ios,564.78,europe,1318.09,5,67.27,2.26,0,0,0
345.42,20,retail,mobile_ios,465.67,north_america,1571.46,5,38.17,11.19,0,0,0
229.46,17,utilities,mobile_android,554.95,latin_america,1045.83,6,82.16,29.11,0,0,0
226.23,16,online,mobile_ios,794.48,asia_pacific,675.12,4,76.5,7.55,0,0,0
294.94,9,electronics,mobile_android,995.93,north_america,1606.64,3,36.43,3.02,0,0,0
292.87,12,utilities,desktop_mac,881.16,europe,426.69,1,31.45,1.43,0,0,0
1497.11,10,food,desktop_windows,60.93,north_america,389.49,2,61.93,32.75,0,0,0
358.64,7,food,mobile_android,476.86,north_america,1783.32,2,61.63,14.73,0,0,0
490.54,16,p2p_gambling,mobile_ios,983.17,metaverse_virtual,1368.87,2,53.92,0.77,0,0,0
385.19,11,entertainment,mobile_ios,121.63,north_america,1177.89,0,37.85,22.32,0,1,0
277.51,14,utilities,mobile_ios,310.81,north_america,115.98,5,86.8,4.12,0,0,0
583.99,13,crypto_exchange,mobile_ios,41.3,metaverse_virtual,1007.81,3,64.89,5.21,0,0,0
343.15,14,crypto_exchange,mobile_ios,48.31,metaverse_virtual,408.28,2,46.51,9.66,0,0,0
373.06,15,travel,mobile_ios,867.59,asia_pacific,1639.29,4,49.75,7.29,0,0,0
266.99,8,utilities,mobile_ios,627.74,middle_east,347.67,2,60.18,48.26,0,0,0
539.45,13,electronics,mobile_ios,821.55,africa,589.68,3,61.38,5.39,0,0,0
333.2,6,p2p_gambling,mobile_android,730.93,offshore_island,770.93,3,63.5,4.8,0,0,0
1405.98,7,utilities,mobile_android,203.27,europe,710.82,1,41.2,6.69,0,0,0
697.64,5,electronics,mobile_ios,335.49,latin_america,480.37,1,66.9,6.81,1,0,0
785.73,10,electronics,mobile_ios,301.54,latin_america,148.95,5,69.16,8.26,0,0,0
272.8,13,crypto_exchange,mobile_ios,816.12,metaverse_virtual,1645.14,2,43.97,5.11,0,0,0
942.95,14,food,mobile_ios,397.79,europe,1575.01,4,42.38,5.12,0,0,0
228.63,21,retail,mobile_ios,654.25,north_america,463.3,2,56.52,3.15,0,0,0
438.36,11,retail,mobile_android,142.95,latin_america,1340.25,5,46.25,3.93,1,0,0
611.23,10,electronics,desktop_mac,783.31,europe,142.0,3,62.45,14.78,0,0,0
207.6,19,retail,desktop_windows,930.06,europe,1486.7,4,63.49,0.83,0,0,0
294.84,1,retail,mobile_ios,125.54,north_america,759.13,0,76.24,7.81,0,0,0
262.84,11,travel,mobile_ios,604.16,asia_pacific,718.76,4,44.47,8.53,0,0,0
